timestamp_ms,filename,old_label,num_hands,confidence
1790371633455,1790371633455__sin_gesto.jpg,sin_gesto,0,
1790371633513,1790371633513__sin_evaluar.jpg,sin_evaluar,0,
1790371633621,1790371633621__sin_evaluar.jpg,sin_evaluar,0,
1790371633816,1790371633816__sin_evaluar.jpg,sin_evaluar,0,
1790371633924,1790371633924__sin_evaluar.jpg,sin_evaluar,0,
1790371634055,1790371634055__sin_evaluar.jpg,sin_evaluar,0,
1790371634185,1790371634185__sin_evaluar.jpg,sin_evaluar,0,
1790371634337,1790371634337__sin_evaluar.jpg,sin_evaluar,0,
1790371634493,1790371634493__sin_evaluar.jpg,sin_evaluar,1,0.9875487685203552
1790371634622,1790371634622__sin_evaluar.jpg,sin_evaluar,1,0.9938648343086243
1790371634769,1790371634769__sin_evaluar.jpg,sin_evaluar,1,0.9842910766601562
1790371634932,1790371634932__sin_evaluar.jpg,sin_evaluar,1,0.9900602698326111
1790371635045,1790371635045__sin_evaluar.jpg,sin_evaluar,1,0.989478349685669
1790371635195,1790371635195__sin_evaluar.jpg,sin_evaluar,1,0.9948518872261047
1790371635320,1790371635320__sin_evaluar.jpg,sin_evaluar,0,
1790371635496,1790371635496__sin_evaluar.jpg,sin_evaluar,0,
1790371635616,1790371635616__sin_evaluar.jpg,sin_evaluar,0,
1790371635856,1790371635856__sin_evaluar.jpg,sin_evaluar,0,
1790371635902,1790371635902__sin_evaluar.jpg,sin_evaluar,0,
1790371636230,1790371636230__sin_evaluar.jpg,sin_evaluar,0,
1790371636236,1790371636236__sin_evaluar.jpg,sin_evaluar,0,
1790371636356,1790371636356__sin_evaluar.jpg,sin_evaluar,0,
1790371636472,1790371636472__sin_evaluar.jpg,sin_evaluar,0,
1790371636637,1790371636637__sin_evaluar.jpg,sin_evaluar,0,
1790371636764,1790371636764__sin_evaluar.jpg,sin_evaluar,0,
1790371636907,1790371636907__sin_evaluar.jpg,sin_evaluar,0,
1790371637041,1790371637041__sin_evaluar.jpg,sin_evaluar,0,
1790371637224,1790371637224__sin_evaluar.jpg,sin_evaluar,0,
1790371637347,1790371637347__sin_evaluar.jpg,sin_evaluar,0,
1790371637509,1790371637509__sin_evaluar.jpg,sin_evaluar,0,
1790371637621,1790371637621__sin_evaluar.jpg,sin_evaluar,0,
1790371637769,1790371637769__sin_evaluar.jpg,sin_evaluar,0,
1790371637905,1790371637905__sin_evaluar.jpg,sin_evaluar,0,
1790371638056,1790371638056__sin_evaluar.jpg,sin_evaluar,0,
1790371638196,1790371638196__sin_evaluar.jpg,sin_evaluar,0,
1790371638342,1790371638342__sin_evaluar.jpg,sin_evaluar,0,
1790371640154,1790371640154__sin_gesto.jpg,sin_gesto,0,
1790371640155,1790371640155__sin_evaluar.jpg,sin_evaluar,0,
1790371640156,1790371640156__sin_evaluar.jpg,sin_evaluar,0,
1790371640157,1790371640157__sin_evaluar.jpg,sin_evaluar,0,
1790371640159,1790371640159__sin_evaluar.jpg,sin_evaluar,0,
1790371640160,1790371640160__sin_evaluar.jpg,sin_evaluar,0,
1790371640165,1790371640165__sin_evaluar.jpg,sin_evaluar,0,
1790371640208,1790371640208__sin_evaluar.jpg,sin_evaluar,0,
1790371640341,1790371640341__sin_evaluar.jpg,sin_evaluar,0,
1790371640489,1790371640489__sin_evaluar.jpg,sin_evaluar,0,
1790371640649,1790371640649__sin_evaluar.jpg,sin_evaluar,0,
1790371640764,1790371640764__sin_evaluar.jpg,sin_evaluar,0,
1790371640950,1790371640950__sin_evaluar.jpg,sin_evaluar,0,
1790371641054,1790371641054__sin_evaluar.jpg,sin_evaluar,0,
1790371641189,1790371641189__sin_evaluar.jpg,sin_evaluar,0,
1790371641358,1790371641358__sin_evaluar.jpg,sin_evaluar,1,0.988154411315918
1790371641497,1790371641497__sin_evaluar.jpg,sin_evaluar,1,0.9852288961410522
1790371641612,1790371641612__sin_evaluar.jpg,sin_evaluar,1,0.9814786911010742
1790371641776,1790371641776__sin_evaluar.jpg,sin_evaluar,1,0.9850292205810547
1790371641917,1790371641917__sin_evaluar.jpg,sin_evaluar,1,0.9840884208679199
1790371642159,1790371642159__sin_evaluar.jpg,sin_evaluar,1,0.9832701086997986
1790371642238,1790371642238__sin_evaluar.jpg,sin_evaluar,1,0.9785659313201904
1790371642325,1790371642325__sin_evaluar.jpg,sin_evaluar,1,0.9798611998558044
1790371642465,1790371642465__sin_evaluar.jpg,sin_evaluar,1,0.979292631149292
1790371642649,1790371642649__sin_evaluar.jpg,sin_evaluar,1,0.9802480936050415
1790371642822,1790371642822__sin_evaluar.jpg,sin_evaluar,1,0.9811435341835022
1790371642898,1790371642898__sin_evaluar.jpg,sin_evaluar,1,0.9773832559585571
1790371643050,1790371643050__sin_evaluar.jpg,sin_evaluar,1,0.9774389266967773
1790371643205,1790371643205__sin_evaluar.jpg,sin_evaluar,1,0.9783453941345215
1790371643330,1790371643330__sin_evaluar.jpg,sin_evaluar,1,0.9760562181472778
1790371643914,1790371643914__sin_gesto.jpg,sin_gesto,1,0.978090763092041
1790371643915,1790371643915__sin_evaluar.jpg,sin_evaluar,1,0.9782228469848633
1790371643919,1790371643919__sin_evaluar.jpg,sin_evaluar,1,0.973734438419342
1790371644057,1790371644057__sin_evaluar.jpg,sin_evaluar,1,0.9747046828269958
1790371644217,1790371644217__sin_evaluar.jpg,sin_evaluar,1,0.9750844240188599
1790371644333,1790371644333__sin_evaluar.jpg,sin_evaluar,1,0.9764318466186523
1790371644624,1790371644624__sin_evaluar.jpg,sin_evaluar,1,0.9800274968147278
1790371644635,1790371644635__sin_evaluar.jpg,sin_evaluar,1,0.9752950668334961
1790371644765,1790371644765__sin_evaluar.jpg,sin_evaluar,1,0.9754984378814697
1790371644930,1790371644930__sin_evaluar.jpg,sin_evaluar,1,0.9751777648925781
1790371645049,1790371645049__sin_evaluar.jpg,sin_evaluar,1,0.9763824343681335
1790371645225,1790371645225__sin_evaluar.jpg,sin_evaluar,1,0.9781244993209839
1790371645337,1790371645337__sin_evaluar.jpg,sin_evaluar,1,0.9780478477478027
1790371645480,1790371645480__sin_evaluar.jpg,sin_evaluar,1,0.9774591326713562
1790371645644,1790371645644__sin_evaluar.jpg,sin_evaluar,1,0.9796428084373474
1790371645820,1790371645820__sin_evaluar.jpg,sin_evaluar,1,0.9771560430526733
1790371646040,1790371646040__sin_evaluar.jpg,sin_evaluar,1,0.9777159690856934
1790371646068,1790371646068__sin_evaluar.jpg,sin_evaluar,1,0.9790639281272888
1790371646207,1790371646207__sin_evaluar.jpg,sin_evaluar,1,0.9792377948760986
1790371646360,1790371646360__sin_evaluar.jpg,sin_evaluar,1,0.9792746901512146
1790371646465,1790371646465__sin_evaluar.jpg,sin_evaluar,1,0.9767738580703735
1790371646637,1790371646637__sin_evaluar.jpg,sin_evaluar,1,0.9775158166885376
1790371646761,1790371646761__sin_evaluar.jpg,sin_evaluar,1,0.9807577133178711
1790371646929,1790371646929__sin_evaluar.jpg,sin_evaluar,1,0.9802579283714294
1790371647084,1790371647084__sin_evaluar.jpg,sin_evaluar,1,0.977040708065033
1790371647219,1790371647219__sin_evaluar.jpg,sin_evaluar,1,0.9788597226142883
1790371647349,1790371647349__sin_evaluar.jpg,sin_evaluar,1,0.9820637702941895
1790371647473,1790371647473__sin_evaluar.jpg,sin_evaluar,1,0.9801493287086487
1790371647637,1790371647637__sin_evaluar.jpg,sin_evaluar,1,0.9747700095176697
1790371647784,1790371647784__sin_evaluar.jpg,sin_evaluar,1,0.9823071956634521
1790371647914,1790371647914__sin_evaluar.jpg,sin_evaluar,1,0.9799216389656067
1790371648157,1790371648157__sin_evaluar.jpg,sin_evaluar,1,0.9814260601997375
1790371648209,1790371648209__sin_evaluar.jpg,sin_evaluar,1,0.9787999391555786
1790371648357,1790371648357__sin_evaluar.jpg,sin_evaluar,1,0.9806262254714966
1790371648478,1790371648478__sin_evaluar.jpg,sin_evaluar,1,0.980782687664032
1790371648986,1790371648986__sin_evaluar.jpg,sin_evaluar,1,0.9795444011688232
1790371648986,1790371648986__sin_gesto.jpg,sin_gesto,1,0.981037437915802
1790371649085,1790371649085__sin_evaluar.jpg,sin_evaluar,1,0.9771363139152527
1790371649201,1790371649201__sin_evaluar.jpg,sin_evaluar,1,0.9777650833129883
1790371649349,1790371649349__sin_evaluar.jpg,sin_evaluar,1,0.976803183555603
1790371649497,1790371649497__sin_evaluar.jpg,sin_evaluar,1,0.9793167114257812
1790371649617,1790371649617__sin_evaluar.jpg,sin_evaluar,1,0.9806824326515198
1790371649796,1790371649796__sin_evaluar.jpg,sin_evaluar,1,0.9800289869308472
1790371649937,1790371649937__sin_evaluar.jpg,sin_evaluar,1,0.9783634543418884
1790371650046,1790371650046__sin_evaluar.jpg,sin_evaluar,1,0.9813979268074036
1790371650216,1790371650216__sin_evaluar.jpg,sin_evaluar,1,0.979530930519104
1790371650349,1790371650349__sin_evaluar.jpg,sin_evaluar,1,0.9793898463249207
1790371650529,1790371650529__sin_evaluar.jpg,sin_evaluar,1,0.9785115718841553
1790371650635,1790371650635__sin_evaluar.jpg,sin_evaluar,1,0.9759994745254517
1790371650835,1790371650835__sin_evaluar.jpg,sin_evaluar,1,0.9742913246154785
1790371650920,1790371650920__sin_evaluar.jpg,sin_evaluar,1,0.9760503172874451
1790371651066,1790371651066__sin_evaluar.jpg,sin_evaluar,1,0.9787534475326538
1790371651184,1790371651184__sin_evaluar.jpg,sin_evaluar,1,0.9741199612617493
1790371651348,1790371651348__sin_evaluar.jpg,sin_evaluar,1,0.977783739566803
1790371651497,1790371651497__sin_evaluar.jpg,sin_evaluar,1,0.977215051651001
1790371651629,1790371651629__sin_evaluar.jpg,sin_evaluar,1,0.9800509810447693
1790371651789,1790371651789__sin_evaluar.jpg,sin_evaluar,1,0.9785738587379456
1790371651916,1790371651916__sin_evaluar.jpg,sin_evaluar,1,0.9783117175102234
1790371652073,1790371652073__sin_evaluar.jpg,sin_evaluar,1,0.9761443138122559
1790371652237,1790371652237__sin_evaluar.jpg,sin_evaluar,1,0.9824399352073669
1790371652354,1790371652354__sin_evaluar.jpg,sin_evaluar,1,0.9815208911895752
1790371652482,1790371652482__sin_evaluar.jpg,sin_evaluar,1,0.9846857786178589
1790371652657,1790371652657__sin_evaluar.jpg,sin_evaluar,1,0.9812754988670349
1790371652780,1790371652780__sin_evaluar.jpg,sin_evaluar,1,0.9810238480567932
1790371652930,1790371652930__sin_evaluar.jpg,sin_evaluar,1,0.9742090702056885
1790371653128,1790371653128__sin_evaluar.jpg,sin_evaluar,1,0.9086681604385376
1790371653256,1790371653256__sin_evaluar.jpg,sin_evaluar,1,0.9647769927978516
1790371653345,1790371653345__sin_evaluar.jpg,sin_evaluar,1,0.966931939125061
1790371653509,1790371653509__sin_evaluar.jpg,sin_evaluar,1,0.6438924074172974
1790371654003,1790371654003__sin_gesto.jpg,sin_gesto,1,0.6531774997711182
1790371654003,1790371654003__sin_evaluar.jpg,sin_evaluar,1,0.8141850233078003
1790371654004,1790371654004__sin_evaluar.jpg,sin_evaluar,1,0.9565343260765076
1790371654069,1790371654069__sin_evaluar.jpg,sin_evaluar,1,0.9728773236274719
1790371654229,1790371654229__sin_evaluar.jpg,sin_evaluar,1,0.9727355241775513
1790371654353,1790371654353__sin_evaluar.jpg,sin_evaluar,1,0.9646746516227722
1790371654489,1790371654489__sin_evaluar.jpg,sin_evaluar,1,0.9732025861740112
1790371654663,1790371654663__sin_evaluar.jpg,sin_evaluar,1,0.9642428159713745
1790371654777,1790371654777__sin_evaluar.jpg,sin_evaluar,1,0.9616684913635254
1790371654924,1790371654924__sin_evaluar.jpg,sin_evaluar,1,0.9624418020248413
1790371655064,1790371655064__sin_evaluar.jpg,sin_evaluar,1,0.981719434261322
1790371655197,1790371655197__sin_evaluar.jpg,sin_evaluar,1,0.9739488363265991
1790371655346,1790371655346__sin_evaluar.jpg,sin_evaluar,1,0.9884025454521179
1790371655530,1790371655530__sin_evaluar.jpg,sin_evaluar,1,0.9661814570426941
1790371655642,1790371655642__sin_evaluar.jpg,sin_evaluar,1,0.961929440498352
1790371655779,1790371655779__sin_evaluar.jpg,sin_evaluar,1,0.9696390628814697
1790371655936,1790371655936__sin_evaluar.jpg,sin_evaluar,1,0.9616018533706665
1790371656076,1790371656076__sin_evaluar.jpg,sin_evaluar,1,0.9666427373886108
1790371656222,1790371656222__sin_evaluar.jpg,sin_evaluar,1,0.9670352935791016
1790371656345,1790371656345__sin_evaluar.jpg,sin_evaluar,1,0.9701576232910156
1790371656536,1790371656536__sin_evaluar.jpg,sin_evaluar,1,0.9786319136619568
1790371656658,1790371656658__sin_evaluar.jpg,sin_evaluar,1,0.980655312538147
1790371657886,1790371657886__sin_evaluar.jpg,sin_evaluar,1,0.9768909215927124
1790371657887,1790371657887__sin_evaluar.jpg,sin_evaluar,1,0.9681055545806885
1790371657888,1790371657888__sin_evaluar.jpg,sin_evaluar,1,0.9727484583854675
1790371657984,1790371657984__sin_evaluar.jpg,sin_evaluar,1,0.9703760743141174
1790371658044,1790371658044__sin_evaluar.jpg,sin_evaluar,1,0.9647738933563232
1790371658107,1790371658107__sin_evaluar.jpg,sin_evaluar,1,0.9690452218055725
1790371658167,1790371658167__sin_evaluar.jpg,sin_evaluar,1,0.9731639623641968
1790371658228,1790371658228__sin_evaluar.jpg,sin_evaluar,1,0.9629988074302673
1790371658271,1790371658271__sin_evaluar.jpg,sin_evaluar,1,0.9661899209022522
1790371658280,1790371658280__sin_evaluar.jpg,sin_evaluar,1,0.967945396900177
1790371658349,1790371658349__sin_evaluar.jpg,sin_evaluar,1,0.967948853969574
1790371658576,1790371658576__sin_evaluar.jpg,sin_evaluar,1,0.967128574848175
1790371658628,1790371658628__sin_evaluar.jpg,sin_evaluar,1,0.9633890390396118
1790371659189,1790371659189__sin_evaluar.jpg,sin_evaluar,1,0.9674424529075623
1790371659189,1790371659189__sin_gesto.jpg,sin_gesto,1,0.966340959072113
1790371659237,1790371659237__sin_evaluar.jpg,sin_evaluar,1,0.9751589298248291
1790371659369,1790371659369__sin_evaluar.jpg,sin_evaluar,1,0.9714609384536743
1790371659534,1790371659534__sin_evaluar.jpg,sin_evaluar,1,0.9758426547050476
1790371659664,1790371659664__sin_evaluar.jpg,sin_evaluar,1,0.9684461355209351
1790371659784,1790371659784__sin_evaluar.jpg,sin_evaluar,1,0.9678253531455994
1790371659929,1790371659929__sin_evaluar.jpg,sin_evaluar,1,0.9668086171150208
1790371660065,1790371660065__sin_evaluar.jpg,sin_evaluar,1,0.9721778631210327
1790371660245,1790371660245__sin_evaluar.jpg,sin_evaluar,1,0.9754747748374939
1790371660357,1790371660357__sin_evaluar.jpg,sin_evaluar,1,0.9711992144584656
1790371660509,1790371660509__sin_evaluar.jpg,sin_evaluar,1,0.9683030247688293
1790371660642,1790371660642__sin_evaluar.jpg,sin_evaluar,1,0.9685171246528625
1790371660794,1790371660794__sin_evaluar.jpg,sin_evaluar,1,0.9714488983154297
1790371660926,1790371660926__sin_evaluar.jpg,sin_evaluar,1,0.9701706767082214
1790371661134,1790371661134__sin_evaluar.jpg,sin_evaluar,1,0.9678471684455872
1790371661204,1790371661204__sin_evaluar.jpg,sin_evaluar,1,0.9669772386550903
1790371661455,1790371661455__sin_evaluar.jpg,sin_evaluar,1,0.9693127274513245
1790371661504,1790371661504__sin_evaluar.jpg,sin_evaluar,1,0.9680882692337036
1790371661668,1790371661668__sin_evaluar.jpg,sin_evaluar,1,0.9670849442481995
1790371661788,1790371661788__sin_evaluar.jpg,sin_evaluar,1,0.9655002951622009
1790371661929,1790371661929__sin_evaluar.jpg,sin_evaluar,1,0.9692392945289612
1790371662076,1790371662076__sin_evaluar.jpg,sin_evaluar,1,0.9694727063179016
1790371662237,1790371662237__sin_evaluar.jpg,sin_evaluar,1,0.9680851101875305
1790371662368,1790371662368__sin_evaluar.jpg,sin_evaluar,1,0.9720842838287354
1790371662525,1790371662525__sin_evaluar.jpg,sin_evaluar,1,0.9721558690071106
1790371662668,1790371662668__sin_evaluar.jpg,sin_evaluar,1,0.9719964265823364
1790371662777,1790371662777__sin_evaluar.jpg,sin_evaluar,1,0.9725988507270813
1790371662936,1790371662936__sin_evaluar.jpg,sin_evaluar,1,0.9701213836669922
1790371663073,1790371663073__sin_evaluar.jpg,sin_evaluar,1,0.9740290641784668
1790371663280,1790371663280__sin_evaluar.jpg,sin_evaluar,1,0.9728054404258728
1790371663344,1790371663344__sin_evaluar.jpg,sin_evaluar,1,0.9737520813941956
1790371663497,1790371663497__sin_evaluar.jpg,sin_evaluar,1,0.9707975387573242
1790371663663,1790371663663__sin_evaluar.jpg,sin_evaluar,1,0.9723793268203735
1790371664205,1790371664205__sin_evaluar.jpg,sin_evaluar,1,0.974936842918396
1790371664205,1790371664205__sin_gesto.jpg,sin_gesto,1,0.9735100865364075
1790371664206,1790371664206__sin_evaluar.jpg,sin_evaluar,1,0.9762981534004211
1790371664208,1790371664208__sin_evaluar.jpg,sin_evaluar,1,0.9737405776977539
1790371664371,1790371664371__sin_evaluar.jpg,sin_evaluar,1,0.9746780395507812
1790371664509,1790371664509__sin_evaluar.jpg,sin_evaluar,1,0.975640594959259
1790371664630,1790371664630__sin_evaluar.jpg,sin_evaluar,1,0.9728010892868042
1790371664789,1790371664789__sin_evaluar.jpg,sin_evaluar,1,0.9753497242927551
1790371664937,1790371664937__sin_evaluar.jpg,sin_evaluar,1,0.9720289707183838
1790371665090,1790371665090__sin_evaluar.jpg,sin_evaluar,1,0.9717814326286316
1790371665221,1790371665221__sin_evaluar.jpg,sin_evaluar,1,0.9746036529541016
1790371665380,1790371665380__sin_evaluar.jpg,sin_evaluar,1,0.9748976826667786
1790371665547,1790371665547__sin_evaluar.jpg,sin_evaluar,1,0.9697609543800354
1790371665698,1790371665698__sin_evaluar.jpg,sin_evaluar,1,0.9743675589561462
1790371665782,1790371665782__sin_evaluar.jpg,sin_evaluar,1,0.9965949058532715
1790371665932,1790371665932__sin_evaluar.jpg,sin_evaluar,1,0.99737548828125
1790371666128,1790371666128__sin_evaluar.jpg,sin_evaluar,1,0.9984291791915894
1790371666213,1790371666213__sin_evaluar.jpg,sin_evaluar,1,0.9987654089927673
1790371666363,1790371666363__sin_evaluar.jpg,sin_evaluar,1,0.9988235235214233
1790371666499,1790371666499__sin_evaluar.jpg,sin_evaluar,1,0.9987351894378662
1790371666647,1790371666647__sin_evaluar.jpg,sin_evaluar,1,0.9990066289901733
1790371666786,1790371666786__sin_evaluar.jpg,sin_evaluar,1,0.9986382722854614
1790371666937,1790371666937__sin_evaluar.jpg,sin_evaluar,1,0.999194324016571
1790371667077,1790371667077__sin_evaluar.jpg,sin_evaluar,1,0.9989891052246094
1790371667216,1790371667216__sin_evaluar.jpg,sin_evaluar,1,0.9989680647850037
1790371667378,1790371667378__sin_evaluar.jpg,sin_evaluar,1,0.9991218447685242
1790371667506,1790371667506__sin_evaluar.jpg,sin_evaluar,1,0.9992502927780151
1790371667676,1790371667676__sin_evaluar.jpg,sin_evaluar,1,0.9988979697227478
1790371667814,1790371667814__sin_evaluar.jpg,sin_evaluar,1,0.9984878897666931
1790371668027,1790371668027__sin_evaluar.jpg,sin_evaluar,1,0.9992557764053345
1790371668100,1790371668100__sin_evaluar.jpg,sin_evaluar,1,0.9992074966430664
1790371668231,1790371668231__sin_evaluar.jpg,sin_evaluar,1,0.9990214109420776
1790371668391,1790371668391__sin_evaluar.jpg,sin_evaluar,1,0.9989028573036194
1790371668529,1790371668529__sin_evaluar.jpg,sin_evaluar,1,0.9990811347961426
1790371668643,1790371668643__sin_evaluar.jpg,sin_evaluar,1,0.999422550201416
1790371668813,1790371668813__sin_evaluar.jpg,sin_evaluar,1,0.9991987347602844
1790371669315,1790371669315__sin_gesto.jpg,sin_gesto,1,0.9988048076629639
1790371669316,1790371669316__sin_evaluar.jpg,sin_evaluar,1,0.9989091753959656
1790371669381,1790371669381__sin_evaluar.jpg,sin_evaluar,1,0.9991557002067566
1790371669503,1790371669503__sin_evaluar.jpg,sin_evaluar,1,0.998911440372467
1790371669653,1790371669653__sin_evaluar.jpg,sin_evaluar,1,0.9993672370910645
1790371669825,1790371669825__sin_evaluar.jpg,sin_evaluar,1,0.9992673993110657
1790371669925,1790371669925__sin_evaluar.jpg,sin_evaluar,1,0.9993001818656921
1790371670087,1790371670087__sin_evaluar.jpg,sin_evaluar,1,0.9992348551750183
1790371670212,1790371670212__sin_evaluar.jpg,sin_evaluar,1,0.9990413188934326
1790371670367,1790371670367__sin_evaluar.jpg,sin_evaluar,1,0.9992109537124634
1790371670531,1790371670531__sin_evaluar.jpg,sin_evaluar,1,0.9988830089569092
1790371670644,1790371670644__sin_evaluar.jpg,sin_evaluar,1,0.9990519881248474
1790371670780,1790371670780__sin_evaluar.jpg,sin_evaluar,1,0.9990763068199158
1790371670937,1790371670937__sin_evaluar.jpg,sin_evaluar,1,0.9991181492805481
1790371671084,1790371671084__sin_evaluar.jpg,sin_evaluar,1,0.9989942312240601
1790371671302,1790371671302__sin_evaluar.jpg,sin_evaluar,1,0.999199390411377
1790371671372,1790371671372__sin_evaluar.jpg,sin_evaluar,1,0.9987758994102478
1790371671558,1790371671558__sin_evaluar.jpg,sin_evaluar,1,0.9992057085037231
1790371671659,1790371671659__sin_evaluar.jpg,sin_evaluar,1,0.9991888403892517
1790371671913,1790371671913__sin_evaluar.jpg,sin_evaluar,1,0.9990963339805603
1790371671935,1790371671935__sin_evaluar.jpg,sin_evaluar,1,0.9990249276161194
1790371672126,1790371672126__sin_evaluar.jpg,sin_evaluar,1,0.9985723495483398
1790371672210,1790371672210__sin_evaluar.jpg,sin_evaluar,1,0.9983848929405212
1790371672363,1790371672363__sin_evaluar.jpg,sin_evaluar,1,0.9979292154312134
1790371672520,1790371672520__sin_evaluar.jpg,sin_evaluar,1,0.9989013075828552
1790371672681,1790371672681__sin_evaluar.jpg,sin_evaluar,1,0.997890055179596
1790371672802,1790371672802__sin_evaluar.jpg,sin_evaluar,1,0.997930109500885
1790371672927,1790371672927__sin_evaluar.jpg,sin_evaluar,1,0.9982220530509949
1790371673327,1790371673327__sin_evaluar.jpg,sin_evaluar,1,0.9985091090202332
1790371673331,1790371673331__sin_evaluar.jpg,sin_evaluar,1,0.9984039664268494
1790371673390,1790371673390__sin_evaluar.jpg,sin_evaluar,1,0.9988071322441101
1790371673542,1790371673542__sin_evaluar.jpg,sin_evaluar,1,0.9989979863166809
1790371673647,1790371673647__sin_evaluar.jpg,sin_evaluar,1,0.9985304474830627
1790371673938,1790371673938__sin_evaluar.jpg,sin_evaluar,1,0.9986388683319092
1790371674319,1790371674319__sin_gesto.jpg,sin_gesto,1,0.9982624650001526
1790371674320,1790371674320__sin_evaluar.jpg,sin_evaluar,1,0.9988138675689697
1790371674532,1790371674532__sin_evaluar.jpg,sin_evaluar,1,0.9988330602645874
1790371674541,1790371674541__sin_evaluar.jpg,sin_evaluar,1,0.9986299872398376
1790371674643,1790371674643__sin_evaluar.jpg,sin_evaluar,1,0.9984944462776184
1790371674800,1790371674800__sin_evaluar.jpg,sin_evaluar,1,0.9983630776405334
1790371674973,1790371674973__sin_evaluar.jpg,sin_evaluar,1,0.9987499713897705
1790371675083,1790371675083__sin_evaluar.jpg,sin_evaluar,1,0.9986100792884827
1790371675223,1790371675223__sin_evaluar.jpg,sin_evaluar,1,0.9989777207374573
1790371675397,1790371675397__sin_evaluar.jpg,sin_evaluar,1,0.9990972280502319
1790371675534,1790371675534__sin_evaluar.jpg,sin_evaluar,1,0.9988608956336975
1790371675810,1790371675810__sin_evaluar.jpg,sin_evaluar,1,0.9986733198165894
1790371675816,1790371675816__sin_evaluar.jpg,sin_evaluar,1,0.9987160563468933
1790371675937,1790371675937__sin_evaluar.jpg,sin_evaluar,1,0.9987666010856628
1790371676110,1790371676110__sin_evaluar.jpg,sin_evaluar,1,0.9985001683235168
1790371676235,1790371676235__sin_evaluar.jpg,sin_evaluar,1,0.9985167980194092
1790371676398,1790371676398__sin_evaluar.jpg,sin_evaluar,1,0.9988091588020325
1790371676514,1790371676514__sin_evaluar.jpg,sin_evaluar,1,0.998520016670227
1790371676678,1790371676678__sin_evaluar.jpg,sin_evaluar,1,0.998688817024231
1790371676854,1790371676854__sin_evaluar.jpg,sin_evaluar,1,0.9995850920677185
1790371676951,1790371676951__sin_evaluar.jpg,sin_evaluar,1,0.993675172328949
1790371677087,1790371677087__sin_evaluar.jpg,sin_evaluar,1,0.981120765209198
1790371677231,1790371677231__sin_evaluar.jpg,sin_evaluar,1,0.974876344203949
1790371677370,1790371677370__sin_evaluar.jpg,sin_evaluar,1,0.9808923006057739
1790371677547,1790371677547__sin_evaluar.jpg,sin_evaluar,1,0.9896323084831238
1790371677646,1790371677646__sin_evaluar.jpg,sin_evaluar,1,0.9874771237373352
1790371677798,1790371677798__sin_evaluar.jpg,sin_evaluar,1,0.9887217283248901
1790371677947,1790371677947__sin_evaluar.jpg,sin_evaluar,1,0.9791207313537598
1790371678118,1790371678118__sin_evaluar.jpg,sin_evaluar,1,0.9720077514648438
1790371678225,1790371678225__sin_evaluar.jpg,sin_evaluar,1,0.9805546402931213
1790371678395,1790371678395__sin_evaluar.jpg,sin_evaluar,1,0.9929154515266418
1790371678563,1790371678563__sin_evaluar.jpg,sin_evaluar,1,0.9988608956336975
1790371678674,1790371678674__sin_evaluar.jpg,sin_evaluar,1,0.9993911385536194
1790371678800,1790371678800__sin_evaluar.jpg,sin_evaluar,1,0.9994208812713623
1790371678947,1790371678947__sin_evaluar.jpg,sin_evaluar,1,0.9990204572677612
1790371679477,1790371679477__sin_gesto.jpg,sin_gesto,1,0.9987500905990601
1790371679478,1790371679478__sin_evaluar.jpg,sin_evaluar,1,0.9983593821525574
1790371679508,1790371679508__sin_evaluar.jpg,sin_evaluar,1,0.9992509484291077
1790371679670,1790371679670__sin_evaluar.jpg,sin_evaluar,1,0.9983550310134888
1790371679797,1790371679797__sin_evaluar.jpg,sin_evaluar,1,0.9974228143692017
1790371679945,1790371679945__sin_evaluar.jpg,sin_evaluar,1,0.9982560873031616
1790371680080,1790371680080__sin_evaluar.jpg,sin_evaluar,1,0.999060869216919
1790371680333,1790371680333__sin_evaluar.jpg,sin_evaluar,1,0.9959989786148071
1790371680372,1790371680372__sin_evaluar.jpg,sin_evaluar,1,0.9989873170852661
1790371680546,1790371680546__sin_evaluar.jpg,sin_evaluar,1,0.9990373253822327
1790371680681,1790371680681__sin_evaluar.jpg,sin_evaluar,1,0.9989246129989624
1790371680800,1790371680800__sin_evaluar.jpg,sin_evaluar,1,0.9994880557060242
1790371680955,1790371680955__sin_evaluar.jpg,sin_evaluar,1,0.998389720916748
1790371681115,1790371681115__sin_evaluar.jpg,sin_evaluar,1,0.9988505840301514
1790371681225,1790371681225__sin_evaluar.jpg,sin_evaluar,1,0.998843252658844
1790371681376,1790371681376__sin_evaluar.jpg,sin_evaluar,1,0.9994384050369263
1790371681566,1790371681566__sin_evaluar.jpg,sin_evaluar,1,0.9994429349899292
1790371681661,1790371681661__sin_evaluar.jpg,sin_evaluar,1,0.9986336827278137
1790371681831,1790371681831__sin_evaluar.jpg,sin_evaluar,1,0.9989038109779358
1790371681945,1790371681945__sin_evaluar.jpg,sin_evaluar,1,0.9989882707595825
1790371682123,1790371682123__sin_evaluar.jpg,sin_evaluar,1,0.9989257454872131
1790371682222,1790371682222__sin_evaluar.jpg,sin_evaluar,1,0.9978146553039551
1790371682399,1790371682399__sin_evaluar.jpg,sin_evaluar,1,0.9985176920890808
1790371682538,1790371682538__sin_evaluar.jpg,sin_evaluar,1,0.9994407296180725
1790371682686,1790371682686__sin_evaluar.jpg,sin_evaluar,1,0.9994450211524963
1790371682814,1790371682814__sin_evaluar.jpg,sin_evaluar,1,0.9997569918632507
1790371682947,1790371682947__sin_evaluar.jpg,sin_evaluar,1,0.9992715716362
1790371683174,1790371683174__sin_evaluar.jpg,sin_evaluar,1,0.9995203018188477
1790371683240,1790371683240__sin_evaluar.jpg,sin_evaluar,1,0.9993841648101807
1790371683383,1790371683383__sin_evaluar.jpg,sin_evaluar,1,0.999385416507721
1790371683529,1790371683529__sin_evaluar.jpg,sin_evaluar,1,0.9994646906852722
1790371683683,1790371683683__sin_evaluar.jpg,sin_evaluar,1,0.999330997467041
1790371683827,1790371683827__sin_evaluar.jpg,sin_evaluar,1,0.9993740916252136
1790371683968,1790371683968__sin_evaluar.jpg,sin_evaluar,1,0.9991984367370605
1790371684492,1790371684492__sin_gesto.jpg,sin_gesto,1,0.9993555545806885
1790371684493,1790371684493__sin_evaluar.jpg,sin_evaluar,1,0.9995702505111694
1790371684527,1790371684527__sin_evaluar.jpg,sin_evaluar,1,0.9993339776992798
1790371684666,1790371684666__sin_evaluar.jpg,sin_evaluar,1,0.9994828104972839
1790371684816,1790371684816__sin_evaluar.jpg,sin_evaluar,1,0.9996180534362793
1790371684976,1790371684976__sin_evaluar.jpg,sin_evaluar,1,0.9997025728225708
1790371685108,1790371685108__sin_evaluar.jpg,sin_evaluar,1,0.9996828436851501
1790371685235,1790371685235__sin_evaluar.jpg,sin_evaluar,1,0.9996333122253418
1790371685443,1790371685443__sin_evaluar.jpg,sin_evaluar,1,0.9994227290153503
1790371685521,1790371685521__sin_evaluar.jpg,sin_evaluar,1,0.9995710253715515
1790371685666,1790371685666__sin_evaluar.jpg,sin_evaluar,1,0.9994286298751831
1790371685835,1790371685835__sin_evaluar.jpg,sin_evaluar,1,0.9995514154434204
1790371685956,1790371685956__sin_evaluar.jpg,sin_evaluar,1,0.9995812177658081
1790371686101,1790371686101__sin_evaluar.jpg,sin_evaluar,1,0.9994860887527466
1790371686225,1790371686225__sin_evaluar.jpg,sin_evaluar,1,0.9994379281997681
1790371686396,1790371686396__sin_evaluar.jpg,sin_evaluar,1,0.9994558691978455
1790371686537,1790371686537__sin_evaluar.jpg,sin_evaluar,1,0.9996697902679443
1790371686687,1790371686687__sin_evaluar.jpg,sin_evaluar,1,0.9991788864135742
1790371686821,1790371686821__sin_evaluar.jpg,sin_evaluar,1,0.9826978445053101
1790371686947,1790371686947__sin_evaluar.jpg,sin_evaluar,1,0.9963636994361877
1790371687098,1790371687098__sin_evaluar.jpg,sin_evaluar,1,0.9932282567024231
1790371687566,1790371687566__sin_evaluar.jpg,sin_evaluar,1,0.9941325187683105
1790371687569,1790371687569__sin_evaluar.jpg,sin_evaluar,1,0.9940358400344849
1790371687572,1790371687572__sin_evaluar.jpg,sin_evaluar,1,0.9933599829673767
1790371687653,1790371687653__sin_evaluar.jpg,sin_evaluar,1,0.9935154914855957
1790371687854,1790371687854__sin_evaluar.jpg,sin_evaluar,1,0.9927613735198975
1790371687967,1790371687967__sin_evaluar.jpg,sin_evaluar,1,0.9928211569786072
1790371688097,1790371688097__sin_evaluar.jpg,sin_evaluar,1,0.9920430779457092
1790371688291,1790371688291__sin_evaluar.jpg,sin_evaluar,1,0.9879822134971619
1790371688379,1790371688379__sin_evaluar.jpg,sin_evaluar,1,0.993415892124176
1790371688537,1790371688537__sin_evaluar.jpg,sin_evaluar,1,0.9121269583702087
1790371688666,1790371688666__sin_evaluar.jpg,sin_evaluar,1,0.9536815285682678
1790371688835,1790371688835__sin_evaluar.jpg,sin_evaluar,1,0.9457051157951355
1790371688941,1790371688941__sin_evaluar.jpg,sin_evaluar,1,0.8898905515670776
1790371689510,1790371689510__sin_evaluar.jpg,sin_evaluar,1,0.9332097768783569
1790371689510,1790371689510__dedo_menique_0.69.jpg,dedo_menique_0.69,1,0.9095446467399597
1790371689535,1790371689535__sin_evaluar.jpg,sin_evaluar,1,0.9595948457717896
1790371689694,1790371689694__sin_evaluar.jpg,sin_evaluar,1,0.9002782702445984
1790371689813,1790371689813__sin_evaluar.jpg,sin_evaluar,1,0.9244365096092224
1790371689966,1790371689966__sin_evaluar.jpg,sin_evaluar,1,0.9170359373092651
1790371690113,1790371690113__sin_evaluar.jpg,sin_evaluar,1,0.941497266292572
1790371690256,1790371690256__sin_evaluar.jpg,sin_evaluar,1,0.9166433811187744
1790371690378,1790371690378__sin_evaluar.jpg,sin_evaluar,1,0.9529203772544861
1790371690550,1790371690550__sin_evaluar.jpg,sin_evaluar,1,0.9183600544929504
1790371690687,1790371690687__sin_evaluar.jpg,sin_evaluar,1,0.9366622567176819
1790371690813,1790371690813__sin_evaluar.jpg,sin_evaluar,1,0.9237942695617676
1790371690967,1790371690967__sin_evaluar.jpg,sin_evaluar,1,0.9079980850219727
1790371691101,1790371691101__sin_evaluar.jpg,sin_evaluar,1,0.9140508770942688
1790371691366,1790371691366__sin_evaluar.jpg,sin_evaluar,1,0.9218092560768127
1790371691461,1790371691461__sin_evaluar.jpg,sin_evaluar,1,0.9090330600738525
1790371691539,1790371691539__sin_evaluar.jpg,sin_evaluar,1,0.9392502903938293
1790371691674,1790371691674__sin_evaluar.jpg,sin_evaluar,1,0.9269258379936218
1790371691826,1790371691826__sin_evaluar.jpg,sin_evaluar,1,0.9404112100601196
1790371691971,1790371691971__sin_evaluar.jpg,sin_evaluar,1,0.9229475855827332
1790371692138,1790371692138__sin_evaluar.jpg,sin_evaluar,1,0.889303982257843
1790371692255,1790371692255__sin_evaluar.jpg,sin_evaluar,1,0.968846321105957
1790371692388,1790371692388__sin_evaluar.jpg,sin_evaluar,1,0.9683611989021301
1790371692686,1790371692686__sin_evaluar.jpg,sin_evaluar,1,0.9582457542419434
1790371692696,1790371692696__sin_evaluar.jpg,sin_evaluar,1,0.9724971652030945
1790371692838,1790371692838__sin_evaluar.jpg,sin_evaluar,1,0.9774620532989502
1790371693128,1790371693128__sin_evaluar.jpg,sin_evaluar,1,0.965626060962677
1790371693129,1790371693129__sin_evaluar.jpg,sin_evaluar,1,0.952204167842865
1790371693246,1790371693246__sin_evaluar.jpg,sin_evaluar,0,
1790371693387,1790371693387__sin_evaluar.jpg,sin_evaluar,0,
1790371693599,1790371693599__sin_evaluar.jpg,sin_evaluar,0,
1790371693742,1790371693742__sin_evaluar.jpg,sin_evaluar,1,0.8944693803787231
1790371693841,1790371693841__sin_evaluar.jpg,sin_evaluar,1,0.9090324640274048
1790371693967,1790371693967__sin_evaluar.jpg,sin_evaluar,1,0.9600820541381836
1790371694100,1790371694100__sin_evaluar.jpg,sin_evaluar,1,0.9736133217811584
1790371694619,1790371694619__sin_gesto.jpg,sin_gesto,1,0.9699239134788513
1790371694619,1790371694619__sin_evaluar.jpg,sin_evaluar,1,0.9712702035903931
1790371694620,1790371694620__sin_evaluar.jpg,sin_evaluar,1,0.9777926802635193
1790371694696,1790371694696__sin_evaluar.jpg,sin_evaluar,1,0.9466559290885925
1790371694816,1790371694816__sin_evaluar.jpg,sin_evaluar,1,0.954053521156311
1790371694988,1790371694988__sin_evaluar.jpg,sin_evaluar,1,0.9554643630981445
1790371695125,1790371695125__sin_evaluar.jpg,sin_evaluar,1,0.9623156785964966
1790371695331,1790371695331__sin_evaluar.jpg,sin_evaluar,1,0.9560329914093018
1790371695393,1790371695393__sin_evaluar.jpg,sin_evaluar,1,0.9559077024459839
1790371696337,1790371696337__sin_evaluar.jpg,sin_evaluar,1,0.9525534510612488
1790371696339,1790371696339__sin_evaluar.jpg,sin_evaluar,1,0.8586949706077576
1790371696340,1790371696340__sin_evaluar.jpg,sin_evaluar,1,0.9738240242004395
1790371696389,1790371696389__sin_evaluar.jpg,sin_evaluar,1,0.9819303750991821
1790371696456,1790371696456__sin_evaluar.jpg,sin_evaluar,1,0.935246467590332
1790371696549,1790371696549__sin_evaluar.jpg,sin_evaluar,0,
1790371696682,1790371696682__sin_evaluar.jpg,sin_evaluar,1,0.8983016610145569
1790371696855,1790371696855__sin_evaluar.jpg,sin_evaluar,1,0.9490084052085876
1790371696998,1790371696998__sin_evaluar.jpg,sin_evaluar,1,0.9718710780143738
1790371697120,1790371697120__sin_evaluar.jpg,sin_evaluar,0,
1790371697262,1790371697262__sin_evaluar.jpg,sin_evaluar,0,
1790371697474,1790371697474__sin_evaluar.jpg,sin_evaluar,1,0.9554809927940369
1790371697533,1790371697533__sin_evaluar.jpg,sin_evaluar,0,
1790371697703,1790371697703__sin_evaluar.jpg,sin_evaluar,1,0.969374418258667
1790371697850,1790371697850__sin_evaluar.jpg,sin_evaluar,1,0.9586751461029053
1790371697969,1790371697969__sin_evaluar.jpg,sin_evaluar,1,0.9390377998352051
1790371698215,1790371698215__sin_evaluar.jpg,sin_evaluar,0,
1790371698241,1790371698241__sin_evaluar.jpg,sin_evaluar,0,
1790371698383,1790371698383__sin_evaluar.jpg,sin_evaluar,0,
1790371698558,1790371698558__sin_evaluar.jpg,sin_evaluar,1,0.9676638841629028
1790371698715,1790371698715__sin_evaluar.jpg,sin_evaluar,1,0.9618108868598938
1790371698825,1790371698825__sin_evaluar.jpg,sin_evaluar,1,0.983687162399292
1790371698969,1790371698969__sin_evaluar.jpg,sin_evaluar,1,0.9857158660888672
1790371699129,1790371699129__sin_evaluar.jpg,sin_evaluar,1,0.9736707210540771
1790371699635,1790371699635__sin_gesto.jpg,sin_gesto,1,0.9866690635681152
1790371699635,1790371699635__sin_evaluar.jpg,sin_evaluar,1,0.9848196506500244
1790371699803,1790371699803__sin_evaluar.jpg,sin_evaluar,1,0.98491370677948
1790371699885,1790371699885__sin_evaluar.jpg,sin_evaluar,0,
1790371699963,1790371699963__sin_evaluar.jpg,sin_evaluar,1,0.9443572163581848
1790371700136,1790371700136__sin_evaluar.jpg,sin_evaluar,1,0.947513997554779
1790371700281,1790371700281__sin_evaluar.jpg,sin_evaluar,1,0.978212296962738
1790371700423,1790371700423__sin_evaluar.jpg,sin_evaluar,1,0.9638553261756897
1790371700550,1790371700550__sin_evaluar.jpg,sin_evaluar,1,0.9810104966163635
1790371700702,1790371700702__sin_evaluar.jpg,sin_evaluar,1,0.9657007455825806
1790371700938,1790371700938__sin_evaluar.jpg,sin_evaluar,1,0.9745514392852783
1790371700999,1790371700999__sin_evaluar.jpg,sin_evaluar,1,0.980861246585846
1790371701105,1790371701105__sin_evaluar.jpg,sin_evaluar,1,0.9755252003669739
1790371701451,1790371701451__sin_evaluar.jpg,sin_evaluar,1,0.9813176393508911
1790371701544,1790371701544__sin_evaluar.jpg,sin_evaluar,1,0.9723963141441345
1790371701710,1790371701710__sin_evaluar.jpg,sin_evaluar,1,0.9687297940254211
1790371701834,1790371701834__sin_evaluar.jpg,sin_evaluar,1,0.9696847796440125
1790371702025,1790371702025__sin_evaluar.jpg,sin_evaluar,1,0.9734643697738647
1790371702116,1790371702116__sin_evaluar.jpg,sin_evaluar,1,0.9745476245880127
1790371702254,1790371702254__sin_evaluar.jpg,sin_evaluar,1,0.9798519611358643
1790371702410,1790371702410__sin_evaluar.jpg,sin_evaluar,1,0.9836059212684631
1790371702560,1790371702560__sin_evaluar.jpg,sin_evaluar,1,0.981707751750946
1790371702685,1790371702685__sin_evaluar.jpg,sin_evaluar,1,0.9821116328239441
1790371702823,1790371702823__sin_evaluar.jpg,sin_evaluar,1,0.9514947533607483
1790371702982,1790371702982__sin_evaluar.jpg,sin_evaluar,1,0.9751032590866089
1790371703133,1790371703133__sin_evaluar.jpg,sin_evaluar,1,0.9775568246841431
1790371703336,1790371703336__sin_evaluar.jpg,sin_evaluar,1,0.9733895659446716
1790371703401,1790371703401__sin_evaluar.jpg,sin_evaluar,1,0.9565098285675049
1790371703540,1790371703540__sin_evaluar.jpg,sin_evaluar,1,0.981627881526947
1790371703702,1790371703702__sin_evaluar.jpg,sin_evaluar,1,0.9788332581520081
1790371703838,1790371703838__sin_evaluar.jpg,sin_evaluar,1,0.9822737574577332
1790371703967,1790371703967__sin_evaluar.jpg,sin_evaluar,1,0.9604132771492004
1790371704255,1790371704255__sin_evaluar.jpg,sin_evaluar,1,0.9826491475105286
1790371704723,1790371704723__sin_evaluar.jpg,sin_evaluar,1,0.9406575560569763
1790371704723,1790371704723__sin_gesto.jpg,sin_gesto,1,0.9717243909835815
1790371704724,1790371704724__sin_evaluar.jpg,sin_evaluar,1,0.9460042715072632
1790371704829,1790371704829__sin_evaluar.jpg,sin_evaluar,1,0.9715692400932312
1790371704974,1790371704974__sin_evaluar.jpg,sin_evaluar,1,0.9489012956619263
1790371705135,1790371705135__sin_evaluar.jpg,sin_evaluar,1,0.9353803396224976
1790371705267,1790371705267__sin_evaluar.jpg,sin_evaluar,1,0.9361036419868469
1790371705416,1790371705416__sin_evaluar.jpg,sin_evaluar,1,0.9239014387130737
1790371705555,1790371705555__sin_evaluar.jpg,sin_evaluar,1,0.9525014758110046
1790371705754,1790371705754__sin_evaluar.jpg,sin_evaluar,1,0.9278057813644409
1790371705827,1790371705827__sin_evaluar.jpg,sin_evaluar,1,0.947471022605896
1790371706091,1790371706091__sin_evaluar.jpg,sin_evaluar,1,0.9459345936775208
1790371706109,1790371706109__sin_evaluar.jpg,sin_evaluar,1,0.9210522174835205
1790371706282,1790371706282__sin_evaluar.jpg,sin_evaluar,1,0.9172532558441162
1790371706397,1790371706397__sin_evaluar.jpg,sin_evaluar,1,0.9337878823280334
1790371706583,1790371706583__sin_evaluar.jpg,sin_evaluar,1,0.9541669487953186
1790371706695,1790371706695__sin_evaluar.jpg,sin_evaluar,1,0.9386874437332153
1790371706913,1790371706913__sin_evaluar.jpg,sin_evaluar,1,0.9359166026115417
1790371707007,1790371707007__sin_evaluar.jpg,sin_evaluar,1,0.9465246200561523
1790371707116,1790371707116__sin_evaluar.jpg,sin_evaluar,1,0.9509837031364441
1790371707262,1790371707262__sin_evaluar.jpg,sin_evaluar,1,0.9481849670410156
1790371707547,1790371707547__sin_evaluar.jpg,sin_evaluar,1,0.9565157890319824
1790371707551,1790371707551__sin_evaluar.jpg,sin_evaluar,1,0.9194021224975586
1790371707701,1790371707701__sin_evaluar.jpg,sin_evaluar,1,0.90736985206604
1790371707863,1790371707863__sin_evaluar.jpg,sin_evaluar,1,0.909582793712616
1790371707999,1790371707999__sin_evaluar.jpg,sin_evaluar,1,0.9251288175582886
1790371708114,1790371708114__sin_evaluar.jpg,sin_evaluar,1,0.944362461566925
1790371708281,1790371708281__sin_evaluar.jpg,sin_evaluar,1,0.8602221012115479
1790371708400,1790371708400__sin_evaluar.jpg,sin_evaluar,1,0.924488365650177
1790371708556,1790371708556__sin_evaluar.jpg,sin_evaluar,1,0.9316908121109009
1790371708695,1790371708695__sin_evaluar.jpg,sin_evaluar,1,0.957832932472229
1790371708837,1790371708837__sin_evaluar.jpg,sin_evaluar,1,0.9245624542236328
1790371708987,1790371708987__sin_evaluar.jpg,sin_evaluar,1,0.9249773025512695
1790371709114,1790371709114__sin_evaluar.jpg,sin_evaluar,1,0.8895183205604553
1790371709333,1790371709333__sin_evaluar.jpg,sin_evaluar,1,0.9452629685401917
1790371709780,1790371709780__dedo_menique_1.00.jpg,dedo_menique_1.00,1,0.9532425403594971
1790371709781,1790371709781__sin_evaluar.jpg,sin_evaluar,1,0.9358446598052979
1790371709832,1790371709832__sin_evaluar.jpg,sin_evaluar,1,0.9195497632026672
1790371709989,1790371709989__sin_evaluar.jpg,sin_evaluar,1,0.9309252500534058
1790371710138,1790371710138__sin_evaluar.jpg,sin_evaluar,1,0.8940401077270508
1790371710270,1790371710270__sin_evaluar.jpg,sin_evaluar,1,0.9219084978103638
1790371710545,1790371710545__sin_evaluar.jpg,sin_evaluar,1,0.9268232583999634
1790371710547,1790371710547__sin_evaluar.jpg,sin_evaluar,1,0.937504231929779
1790371710692,1790371710692__sin_evaluar.jpg,sin_evaluar,1,0.9269305467605591
1790371710958,1790371710958__sin_evaluar.jpg,sin_evaluar,1,0.9077903032302856
1790371710990,1790371710990__sin_evaluar.jpg,sin_evaluar,1,0.9436035752296448
1790371711108,1790371711108__sin_evaluar.jpg,sin_evaluar,1,0.9187048673629761
1790371711268,1790371711268__sin_evaluar.jpg,sin_evaluar,1,0.9371195435523987
1790371711434,1790371711434__sin_evaluar.jpg,sin_evaluar,1,0.9166136384010315
1790371711561,1790371711561__sin_evaluar.jpg,sin_evaluar,1,0.9182238578796387
1790371711763,1790371711763__sin_evaluar.jpg,sin_evaluar,1,0.8765015602111816
1790371711844,1790371711844__sin_evaluar.jpg,sin_evaluar,1,0.9274764657020569
1790371711990,1790371711990__sin_evaluar.jpg,sin_evaluar,1,0.9161109924316406
1790371712122,1790371712122__sin_evaluar.jpg,sin_evaluar,1,0.9695342779159546
1790371712369,1790371712369__sin_evaluar.jpg,sin_evaluar,1,0.9100925922393799
1790371712416,1790371712416__sin_evaluar.jpg,sin_evaluar,1,0.9072563648223877
1790371712572,1790371712572__sin_evaluar.jpg,sin_evaluar,1,0.9114952683448792
1790371712709,1790371712709__sin_evaluar.jpg,sin_evaluar,0,
1790371712861,1790371712861__sin_evaluar.jpg,sin_evaluar,0,
1790371713075,1790371713075__sin_evaluar.jpg,sin_evaluar,0,
1790371713130,1790371713130__sin_evaluar.jpg,sin_evaluar,1,0.9255953431129456
1790371713274,1790371713274__sin_evaluar.jpg,sin_evaluar,0,
1790371713442,1790371713442__sin_evaluar.jpg,sin_evaluar,1,0.895334005355835
1790371713563,1790371713563__sin_evaluar.jpg,sin_evaluar,1,0.9184409379959106
1790371713700,1790371713700__sin_evaluar.jpg,sin_evaluar,1,0.9038668274879456
1790371713853,1790371713853__sin_evaluar.jpg,sin_evaluar,1,0.994627058506012
1790371713988,1790371713988__sin_evaluar.jpg,sin_evaluar,1,0.9980950355529785
1790371714138,1790371714138__sin_evaluar.jpg,sin_evaluar,1,0.9963473677635193
1790371714401,1790371714401__sin_evaluar.jpg,sin_evaluar,1,0.9974888563156128
1790371714796,1790371714796__dedo_menique_0.81.jpg,dedo_menique_0.81,1,0.9981021285057068
1790371714797,1790371714797__sin_evaluar.jpg,sin_evaluar,1,0.9973396062850952
1790371714927,1790371714927__sin_evaluar.jpg,sin_evaluar,1,0.9976871013641357
1790371714930,1790371714930__sin_evaluar.jpg,sin_evaluar,1,0.9979566335678101
1790371714972,1790371714972__sin_evaluar.jpg,sin_evaluar,1,0.9974101185798645
1790371715130,1790371715130__sin_evaluar.jpg,sin_evaluar,1,0.9977765083312988
1790371715342,1790371715342__sin_evaluar.jpg,sin_evaluar,1,0.996161699295044
1790371715518,1790371715518__sin_evaluar.jpg,sin_evaluar,1,0.9970424771308899
1790371715603,1790371715603__sin_evaluar.jpg,sin_evaluar,1,0.999388575553894
1790371715695,1790371715695__sin_evaluar.jpg,sin_evaluar,1,0.9975687265396118
1790371715855,1790371715855__sin_evaluar.jpg,sin_evaluar,1,0.9984815120697021
1790371715987,1790371715987__sin_evaluar.jpg,sin_evaluar,1,0.9981793165206909
1790371716148,1790371716148__sin_evaluar.jpg,sin_evaluar,1,0.998005211353302
1790371716267,1790371716267__sin_evaluar.jpg,sin_evaluar,1,0.9981200098991394
1790371716427,1790371716427__sin_evaluar.jpg,sin_evaluar,1,0.9981635212898254
1790371716727,1790371716727__sin_evaluar.jpg,sin_evaluar,1,0.9987717270851135
1790371716807,1790371716807__sin_evaluar.jpg,sin_evaluar,1,0.9981393814086914
1790371716867,1790371716867__sin_evaluar.jpg,sin_evaluar,1,0.9986569881439209
1790371716996,1790371716996__sin_evaluar.jpg,sin_evaluar,1,0.9985215067863464
1790371717143,1790371717143__sin_evaluar.jpg,sin_evaluar,1,0.998653769493103
1790371717269,1790371717269__sin_evaluar.jpg,sin_evaluar,1,0.9981001615524292
1790371717421,1790371717421__sin_evaluar.jpg,sin_evaluar,1,0.9986611008644104
1790371717582,1790371717582__sin_evaluar.jpg,sin_evaluar,1,0.9982653856277466
1790371717746,1790371717746__sin_evaluar.jpg,sin_evaluar,1,0.9985881447792053
1790371717837,1790371717837__sin_evaluar.jpg,sin_evaluar,1,0.9983078241348267
1790371717993,1790371717993__sin_evaluar.jpg,sin_evaluar,1,0.9983562231063843
1790371718142,1790371718142__sin_evaluar.jpg,sin_evaluar,1,0.9988195300102234
1790371718267,1790371718267__sin_evaluar.jpg,sin_evaluar,1,0.9989926218986511
1790371718415,1790371718415__sin_evaluar.jpg,sin_evaluar,1,0.9989685416221619
1790371718567,1790371718567__sin_evaluar.jpg,sin_evaluar,1,0.9988623857498169
1790371718706,1790371718706__sin_evaluar.jpg,sin_evaluar,1,0.999019205570221
1790371718874,1790371718874__sin_evaluar.jpg,sin_evaluar,1,0.9987465143203735
1790371719034,1790371719034__sin_evaluar.jpg,sin_evaluar,1,0.9988657832145691
1790371719131,1790371719131__sin_evaluar.jpg,sin_evaluar,1,0.9980313777923584
1790371719289,1790371719289__sin_evaluar.jpg,sin_evaluar,1,0.9986724257469177
1790371719417,1790371719417__sin_evaluar.jpg,sin_evaluar,1,0.9989469051361084
1790371719940,1790371719940__dedo_pulgar_0.74.jpg,dedo_pulgar_0.74,1,0.9983868598937988
1790371719941,1790371719941__sin_evaluar.jpg,sin_evaluar,1,0.9989135265350342
1790371719987,1790371719987__sin_evaluar.jpg,sin_evaluar,1,0.9987404346466064
1790371720147,1790371720147__sin_evaluar.jpg,sin_evaluar,1,0.9987459778785706
1790371720294,1790371720294__sin_evaluar.jpg,sin_evaluar,1,0.9988686442375183
1790371720427,1790371720427__sin_evaluar.jpg,sin_evaluar,1,0.998534619808197
1790371720581,1790371720581__sin_evaluar.jpg,sin_evaluar,1,0.9976642727851868
1790371720710,1790371720710__sin_evaluar.jpg,sin_evaluar,1,0.9981025457382202
1790371720855,1790371720855__sin_evaluar.jpg,sin_evaluar,1,0.9982696175575256
1790371720976,1790371720976__sin_evaluar.jpg,sin_evaluar,1,0.9980279207229614
1790371721147,1790371721147__sin_evaluar.jpg,sin_evaluar,1,0.9983155727386475
1790371721303,1790371721303__sin_evaluar.jpg,sin_evaluar,1,0.9981162548065186
1790371721664,1790371721664__sin_evaluar.jpg,sin_evaluar,1,0.9976466298103333
1790371721666,1790371721666__sin_evaluar.jpg,sin_evaluar,1,0.9982928037643433
1790371721704,1790371721704__sin_evaluar.jpg,sin_evaluar,1,0.9984821677207947
1790371721874,1790371721874__sin_evaluar.jpg,sin_evaluar,1,0.9991907477378845
1790371721999,1790371721999__sin_evaluar.jpg,sin_evaluar,1,0.9989250302314758
1790371722128,1790371722128__sin_evaluar.jpg,sin_evaluar,1,0.999230146408081
1790371722295,1790371722295__sin_evaluar.jpg,sin_evaluar,1,0.9988263845443726
1790371722419,1790371722419__sin_evaluar.jpg,sin_evaluar,1,0.99916672706604
1790371722574,1790371722574__sin_evaluar.jpg,sin_evaluar,1,0.9985044002532959
1790371722746,1790371722746__sin_evaluar.jpg,sin_evaluar,1,0.9992439150810242
1790371722887,1790371722887__sin_evaluar.jpg,sin_evaluar,1,0.9992773532867432
1790371722984,1790371722984__sin_evaluar.jpg,sin_evaluar,1,0.9991695284843445
1790371723128,1790371723128__sin_evaluar.jpg,sin_evaluar,1,0.998771071434021
1790371723295,1790371723295__sin_evaluar.jpg,sin_evaluar,1,0.9989465475082397
1790371723419,1790371723419__sin_evaluar.jpg,sin_evaluar,1,0.9988211989402771
1790371723583,1790371723583__sin_evaluar.jpg,sin_evaluar,1,0.9980836510658264
1790371723760,1790371723760__sin_evaluar.jpg,sin_evaluar,1,0.9992515444755554
1790371723844,1790371723844__sin_evaluar.jpg,sin_evaluar,1,0.9988901019096375
1790371724014,1790371724014__sin_evaluar.jpg,sin_evaluar,1,0.9993107914924622
1790371724127,1790371724127__sin_evaluar.jpg,sin_evaluar,1,0.9989060163497925
1790371724295,1790371724295__sin_evaluar.jpg,sin_evaluar,1,0.9995752573013306
1790371724426,1790371724426__sin_evaluar.jpg,sin_evaluar,1,0.9991067051887512
1790371724566,1790371724566__sin_evaluar.jpg,sin_evaluar,1,0.9994337558746338
1790371725099,1790371725099__dedo_pulgar_0.80.jpg,dedo_pulgar_0.80,1,0.9992555379867554
1790371725099,1790371725099__sin_evaluar.jpg,sin_evaluar,1,0.9992482662200928
1790371725100,1790371725100__sin_evaluar.jpg,sin_evaluar,0,
1790371725148,1790371725148__sin_evaluar.jpg,sin_evaluar,1,0.9986523985862732
1790371725277,1790371725277__sin_evaluar.jpg,sin_evaluar,1,0.9983760714530945
1790371725460,1790371725460__sin_evaluar.jpg,sin_evaluar,1,0.9984829425811768
1790371726355,1790371726355__sin_evaluar.jpg,sin_evaluar,1,0.9970218539237976
1790371726357,1790371726357__sin_evaluar.jpg,sin_evaluar,1,0.9974627494812012
1790371726358,1790371726358__sin_evaluar.jpg,sin_evaluar,1,0.9966492056846619
1790371726422,1790371726422__sin_evaluar.jpg,sin_evaluar,1,0.9970344305038452
1790371726482,1790371726482__sin_evaluar.jpg,sin_evaluar,1,0.9972841739654541
1790371726483,1790371726483__sin_evaluar.jpg,sin_evaluar,1,0.9968146085739136
1790371726554,1790371726554__sin_evaluar.jpg,sin_evaluar,1,0.9968276619911194
1790371726707,1790371726707__sin_evaluar.jpg,sin_evaluar,1,0.9973821640014648
1790371726851,1790371726851__sin_evaluar.jpg,sin_evaluar,1,0.9973845481872559
1790371727021,1790371727021__sin_evaluar.jpg,sin_evaluar,1,0.9966127276420593
1790371727160,1790371727160__sin_evaluar.jpg,sin_evaluar,1,0.9969642758369446
1790371727342,1790371727342__sin_evaluar.jpg,sin_evaluar,1,0.9972005486488342
1790371727436,1790371727436__sin_evaluar.jpg,sin_evaluar,1,0.997406005859375
1790371727567,1790371727567__sin_evaluar.jpg,sin_evaluar,1,0.9977697730064392
1790371727974,1790371727974__sin_evaluar.jpg,sin_evaluar,1,0.9967045187950134
1790371727977,1790371727977__sin_evaluar.jpg,sin_evaluar,1,0.9970644116401672
1790371727997,1790371727997__sin_evaluar.jpg,sin_evaluar,1,0.9973905682563782
1790371728127,1790371728127__sin_evaluar.jpg,sin_evaluar,1,0.9971752762794495
1790371728281,1790371728281__sin_evaluar.jpg,sin_evaluar,1,0.9970980286598206
1790371728528,1790371728528__sin_evaluar.jpg,sin_evaluar,1,0.9977593421936035
1790371728597,1790371728597__sin_evaluar.jpg,sin_evaluar,1,0.9968604445457458
1790371728706,1790371728706__sin_evaluar.jpg,sin_evaluar,1,0.9975258111953735
1790371728853,1790371728853__sin_evaluar.jpg,sin_evaluar,1,0.996512770652771
1790371729015,1790371729015__sin_evaluar.jpg,sin_evaluar,1,0.9966274499893188
1790371729148,1790371729148__sin_evaluar.jpg,sin_evaluar,1,0.997471272945404
1790371729281,1790371729281__sin_evaluar.jpg,sin_evaluar,1,0.9972776174545288
1790371729443,1790371729443__sin_evaluar.jpg,sin_evaluar,1,0.9973350167274475
1790371729561,1790371729561__sin_evaluar.jpg,sin_evaluar,1,0.997093915939331
1790371729734,1790371729734__sin_evaluar.jpg,sin_evaluar,1,0.9967448115348816
1790371730257,1790371730257__puño_cerrado_0.68.jpg,puño_cerrado_0.68,1,0.9971081018447876
1790371730258,1790371730258__sin_evaluar.jpg,sin_evaluar,1,0.9975483417510986
1790371730568,1790371730568__sin_evaluar.jpg,sin_evaluar,1,0.9974106550216675
1790371730579,1790371730579__sin_evaluar.jpg,sin_evaluar,1,0.9967554807662964
1790371730580,1790371730580__sin_evaluar.jpg,sin_evaluar,1,0.9960747957229614
1790371730727,1790371730727__sin_evaluar.jpg,sin_evaluar,1,0.9962553381919861
1790371730913,1790371730913__sin_evaluar.jpg,sin_evaluar,1,0.9971017241477966
1790371731014,1790371731014__sin_evaluar.jpg,sin_evaluar,1,0.9970597624778748
1790371731148,1790371731148__sin_evaluar.jpg,sin_evaluar,1,0.9966287016868591
1790371731295,1790371731295__sin_evaluar.jpg,sin_evaluar,1,0.9973393678665161
1790371731437,1790371731437__sin_evaluar.jpg,sin_evaluar,1,0.9972524642944336
1790371731580,1790371731580__sin_evaluar.jpg,sin_evaluar,1,0.9971887469291687
1790371731714,1790371731714__sin_evaluar.jpg,sin_evaluar,1,0.9974431991577148
1790371731875,1790371731875__sin_evaluar.jpg,sin_evaluar,1,0.9966292977333069
1790371732007,1790371732007__sin_evaluar.jpg,sin_evaluar,1,0.9966225624084473
1790371732161,1790371732161__sin_evaluar.jpg,sin_evaluar,1,0.9970025420188904
1790371732334,1790371732334__sin_evaluar.jpg,sin_evaluar,1,0.9970695972442627
1790371732431,1790371732431__sin_evaluar.jpg,sin_evaluar,1,0.9967686533927917
1790371732582,1790371732582__sin_evaluar.jpg,sin_evaluar,1,0.9945913553237915
1790371732718,1790371732718__sin_evaluar.jpg,sin_evaluar,1,0.9951408505439758
1790371732868,1790371732868__sin_evaluar.jpg,sin_evaluar,1,0.9964023232460022
1790371732998,1790371732998__sin_evaluar.jpg,sin_evaluar,1,0.9955401420593262
1790371733181,1790371733181__sin_evaluar.jpg,sin_evaluar,1,0.9966485500335693
1790371733336,1790371733336__sin_evaluar.jpg,sin_evaluar,1,0.9967027306556702
1790371733435,1790371733435__sin_evaluar.jpg,sin_evaluar,1,0.9968392252922058
1790371733588,1790371733588__sin_evaluar.jpg,sin_evaluar,1,0.9966282248497009
1790371733718,1790371733718__sin_evaluar.jpg,sin_evaluar,1,0.9947519302368164
1790371733875,1790371733875__sin_evaluar.jpg,sin_evaluar,1,0.9947359561920166
1790371734023,1790371734023__sin_evaluar.jpg,sin_evaluar,1,0.994870126247406
1790371734164,1790371734164__sin_evaluar.jpg,sin_evaluar,1,0.9957830309867859
1790371734295,1790371734295__sin_evaluar.jpg,sin_evaluar,1,0.9952781200408936
1790371734437,1790371734437__sin_evaluar.jpg,sin_evaluar,1,0.9952152371406555
1790371734609,1790371734609__sin_evaluar.jpg,sin_evaluar,1,0.996581494808197
1790371734727,1790371734727__sin_evaluar.jpg,sin_evaluar,1,0.996144711971283
1790371734874,1790371734874__sin_evaluar.jpg,sin_evaluar,1,0.9967427253723145
1790371735381,1790371735381__dedo_pulgar_0.94.jpg,dedo_pulgar_0.94,1,0.9968727827072144
1790371735381,1790371735381__sin_evaluar.jpg,sin_evaluar,1,0.9965239763259888
1790371735382,1790371735382__sin_evaluar.jpg,sin_evaluar,1,0.9970739483833313
1790371735435,1790371735435__sin_evaluar.jpg,sin_evaluar,1,0.9972125887870789
1790371735596,1790371735596__sin_evaluar.jpg,sin_evaluar,1,0.99747234582901
1790371735743,1790371735743__sin_evaluar.jpg,sin_evaluar,1,0.9973245859146118
1790371735867,1790371735867__sin_evaluar.jpg,sin_evaluar,1,0.9965356588363647
1790371736015,1790371736015__sin_evaluar.jpg,sin_evaluar,1,0.9967065453529358
1790371736175,1790371736175__sin_evaluar.jpg,sin_evaluar,1,0.997429370880127
1790371736294,1790371736294__sin_evaluar.jpg,sin_evaluar,1,0.9972823858261108
1790371736461,1790371736461__sin_evaluar.jpg,sin_evaluar,0,
1790371736595,1790371736595__sin_evaluar.jpg,sin_evaluar,1,0.9994160532951355
1790371736722,1790371736722__sin_evaluar.jpg,sin_evaluar,1,0.9963588714599609
1790371736966,1790371736966__sin_evaluar.jpg,sin_evaluar,1,0.9901399612426758
1790371737030,1790371737030__sin_evaluar.jpg,sin_evaluar,1,0.9946864247322083
1790371737169,1790371737169__sin_evaluar.jpg,sin_evaluar,1,0.9968739748001099
1790371737283,1790371737283__sin_evaluar.jpg,sin_evaluar,1,0.9957993030548096
1790371737428,1790371737428__sin_evaluar.jpg,sin_evaluar,1,0.9962495565414429
1790371737575,1790371737575__sin_evaluar.jpg,sin_evaluar,1,0.9976775050163269
1790371737719,1790371737719__sin_evaluar.jpg,sin_evaluar,1,0.9813523888587952
1790371737869,1790371737869__sin_evaluar.jpg,sin_evaluar,1,0.9920105338096619
1790371738035,1790371738035__sin_evaluar.jpg,sin_evaluar,1,0.9853430986404419
1790371738559,1790371738559__sin_evaluar.jpg,sin_evaluar,1,0.9831165075302124
1790371738561,1790371738561__sin_evaluar.jpg,sin_evaluar,1,0.9841051697731018
1790371738562,1790371738562__sin_evaluar.jpg,sin_evaluar,1,0.9888308048248291
1790371738587,1790371738587__sin_evaluar.jpg,sin_evaluar,1,0.982214093208313
1790371738712,1790371738712__sin_evaluar.jpg,sin_evaluar,1,0.9853306412696838
1790371738853,1790371738853__sin_evaluar.jpg,sin_evaluar,1,0.9949541687965393
1790371739087,1790371739087__sin_evaluar.jpg,sin_evaluar,1,0.997238278388977
1790371739146,1790371739146__sin_evaluar.jpg,sin_evaluar,1,0.9944721460342407
1790371739342,1790371739342__sin_evaluar.jpg,sin_evaluar,1,0.9961835145950317
1790371739440,1790371739440__sin_evaluar.jpg,sin_evaluar,1,0.9930405020713806
1790371739579,1790371739579__sin_evaluar.jpg,sin_evaluar,1,0.994598925113678
1790371739738,1790371739738__sin_evaluar.jpg,sin_evaluar,1,0.9973421692848206
1790371739879,1790371739879__sin_evaluar.jpg,sin_evaluar,1,0.9965688586235046
1790371740383,1790371740383__dedo_pulgar_0.74.jpg,dedo_pulgar_0.74,1,0.9933139681816101
1790371740384,1790371740384__sin_evaluar.jpg,sin_evaluar,1,0.9943439960479736
1790371740542,1790371740542__sin_evaluar.jpg,sin_evaluar,1,0.9951907992362976
1790371740613,1790371740613__sin_evaluar.jpg,sin_evaluar,1,0.9943416714668274
1790371740729,1790371740729__sin_evaluar.jpg,sin_evaluar,1,0.9946289658546448
1790371740866,1790371740866__sin_evaluar.jpg,sin_evaluar,1,0.9934195280075073
1790371741003,1790371741003__sin_evaluar.jpg,sin_evaluar,1,0.9930284023284912
1790371741154,1790371741154__sin_evaluar.jpg,sin_evaluar,1,0.9951070547103882
1790371741323,1790371741323__sin_evaluar.jpg,sin_evaluar,1,0.9928117990493774
1790371741462,1790371741462__sin_evaluar.jpg,sin_evaluar,1,0.9944394826889038
1790371741588,1790371741588__sin_evaluar.jpg,sin_evaluar,1,0.9927079677581787
1790371741775,1790371741775__sin_evaluar.jpg,sin_evaluar,1,0.9928573966026306
1790371741861,1790371741861__sin_evaluar.jpg,sin_evaluar,1,0.9936541318893433
1790371742011,1790371742011__sin_evaluar.jpg,sin_evaluar,1,0.9929766654968262
1790371742263,1790371742263__sin_evaluar.jpg,sin_evaluar,1,0.9910832047462463
1790371742306,1790371742306__sin_evaluar.jpg,sin_evaluar,1,0.9934549927711487
1790371742461,1790371742461__sin_evaluar.jpg,sin_evaluar,1,0.9916277527809143
1790371742936,1790371742936__sin_evaluar.jpg,sin_evaluar,1,0.9950354099273682
1790371742937,1790371742937__sin_evaluar.jpg,sin_evaluar,1,0.9941613674163818
1790371743021,1790371743021__sin_evaluar.jpg,sin_evaluar,1,0.9936526417732239
1790371743175,1790371743175__sin_evaluar.jpg,sin_evaluar,1,0.9927724599838257
1790371743307,1790371743307__sin_evaluar.jpg,sin_evaluar,1,0.9941080212593079
1790371743443,1790371743443__sin_evaluar.jpg,sin_evaluar,1,0.9940953254699707
1790371743588,1790371743588__sin_evaluar.jpg,sin_evaluar,1,0.9951639175415039
1790371743772,1790371743772__sin_evaluar.jpg,sin_evaluar,1,0.9952104687690735
1790371743864,1790371743864__sin_evaluar.jpg,sin_evaluar,1,0.9959352016448975
1790371744036,1790371744036__sin_evaluar.jpg,sin_evaluar,1,0.9959039688110352
1790371744235,1790371744235__sin_evaluar.jpg,sin_evaluar,1,0.9968700408935547
1790371744315,1790371744315__sin_evaluar.jpg,sin_evaluar,1,0.9928538203239441
1790371744456,1790371744456__sin_evaluar.jpg,sin_evaluar,1,0.9989908933639526
1790371744630,1790371744630__sin_evaluar.jpg,sin_evaluar,1,0.9938494563102722
1790371744721,1790371744721__sin_evaluar.jpg,sin_evaluar,1,0.9886285662651062
1790371744867,1790371744867__sin_evaluar.jpg,sin_evaluar,1,0.9900750517845154
1790371745391,1790371745391__sin_gesto.jpg,sin_gesto,1,0.9928961396217346
1790371745392,1790371745392__sin_evaluar.jpg,sin_evaluar,1,0.9946865439414978
1790371745462,1790371745462__sin_evaluar.jpg,sin_evaluar,1,0.9923359155654907
1790371745495,1790371745495__sin_evaluar.jpg,sin_evaluar,1,0.9940372109413147
1790371745599,1790371745599__sin_evaluar.jpg,sin_evaluar,1,0.9913782477378845
1790371745747,1790371745747__sin_evaluar.jpg,sin_evaluar,1,0.9943686127662659
1790371745867,1790371745867__sin_evaluar.jpg,sin_evaluar,1,0.9957088232040405
1790371746027,1790371746027__sin_evaluar.jpg,sin_evaluar,1,0.9952694177627563
1790371746161,1790371746161__sin_evaluar.jpg,sin_evaluar,1,0.9961162805557251
1790371746307,1790371746307__sin_evaluar.jpg,sin_evaluar,1,0.9958544373512268
1790371746446,1790371746446__sin_evaluar.jpg,sin_evaluar,1,0.9943247437477112
1790371746647,1790371746647__sin_evaluar.jpg,sin_evaluar,1,0.9942630529403687
1790371746731,1790371746731__sin_evaluar.jpg,sin_evaluar,1,0.9932447075843811
1790371746903,1790371746903__sin_evaluar.jpg,sin_evaluar,1,0.9952566623687744
1790371747035,1790371747035__sin_evaluar.jpg,sin_evaluar,1,0.994021475315094
1790371747151,1790371747151__sin_evaluar.jpg,sin_evaluar,1,0.9935081601142883
1790371747294,1790371747294__sin_evaluar.jpg,sin_evaluar,1,0.9943726658821106
1790371747475,1790371747475__sin_evaluar.jpg,sin_evaluar,1,0.9959996342658997
1790371747582,1790371747582__sin_evaluar.jpg,sin_evaluar,1,0.9962243437767029
1790371747802,1790371747802__sin_evaluar.jpg,sin_evaluar,1,0.9950458407402039
1790371747940,1790371747940__sin_evaluar.jpg,sin_evaluar,1,0.9960238337516785
1790371748026,1790371748026__sin_evaluar.jpg,sin_evaluar,1,0.9962522983551025
1790371748175,1790371748175__sin_evaluar.jpg,sin_evaluar,1,0.9958413243293762
1790371748331,1790371748331__sin_evaluar.jpg,sin_evaluar,1,0.9941743016242981
1790371748460,1790371748460__sin_evaluar.jpg,sin_evaluar,1,0.9955195188522339
1790371748588,1790371748588__sin_evaluar.jpg,sin_evaluar,1,0.9957619905471802
1790371748743,1790371748743__sin_evaluar.jpg,sin_evaluar,1,0.993578314781189
1790371748931,1790371748931__sin_evaluar.jpg,sin_evaluar,1,0.9948245286941528
1790371749011,1790371749011__sin_evaluar.jpg,sin_evaluar,1,0.9952372908592224
1790371749181,1790371749181__sin_evaluar.jpg,sin_evaluar,1,0.9950504899024963
1790371749315,1790371749315__sin_evaluar.jpg,sin_evaluar,1,0.9946047067642212
1790371749446,1790371749446__sin_evaluar.jpg,sin_evaluar,1,0.9958574175834656
1790371749615,1790371749615__sin_evaluar.jpg,sin_evaluar,1,0.995802104473114
1790371749751,1790371749751__sin_evaluar.jpg,sin_evaluar,1,0.9948997497558594
1790371749902,1790371749902__sin_evaluar.jpg,sin_evaluar,1,0.9941155314445496
1790371750007,1790371750007__sin_evaluar.jpg,sin_evaluar,1,0.9952967166900635
1790371750510,1790371750510__sin_gesto.jpg,sin_gesto,1,0.9954798221588135
1790371750511,1790371750511__sin_evaluar.jpg,sin_evaluar,1,0.993661642074585
1790371750582,1790371750582__sin_evaluar.jpg,sin_evaluar,1,0.9952012896537781
1790371750730,1790371750730__sin_evaluar.jpg,sin_evaluar,1,0.9940207004547119
1790371750871,1790371750871__sin_evaluar.jpg,sin_evaluar,1,0.993017315864563
1790371751015,1790371751015__sin_evaluar.jpg,sin_evaluar,1,0.9956011772155762
1790371751200,1790371751200__sin_evaluar.jpg,sin_evaluar,1,0.9937743544578552
1790371751334,1790371751334__sin_evaluar.jpg,sin_evaluar,1,0.9962379336357117
1790371751474,1790371751474__sin_evaluar.jpg,sin_evaluar,1,0.9960668683052063
1790371751612,1790371751612__sin_evaluar.jpg,sin_evaluar,1,0.9963756799697876
1790371751897,1790371751897__sin_evaluar.jpg,sin_evaluar,1,0.9941090941429138
1790371751898,1790371751898__sin_evaluar.jpg,sin_evaluar,1,0.993922233581543
1790371752014,1790371752014__sin_evaluar.jpg,sin_evaluar,1,0.9943723678588867
1790371752181,1790371752181__sin_evaluar.jpg,sin_evaluar,1,0.9932497143745422
1790371752315,1790371752315__sin_evaluar.jpg,sin_evaluar,1,0.9925175905227661
1790371752550,1790371752550__sin_evaluar.jpg,sin_evaluar,1,0.9930639266967773
1790371752602,1790371752602__sin_evaluar.jpg,sin_evaluar,1,0.9958606362342834
1790371752735,1790371752735__sin_evaluar.jpg,sin_evaluar,1,0.9943927526473999
1790371752894,1790371752894__sin_evaluar.jpg,sin_evaluar,1,0.9956066608428955
1790371753049,1790371753049__sin_evaluar.jpg,sin_evaluar,1,0.9949164986610413
1790371753177,1790371753177__sin_evaluar.jpg,sin_evaluar,1,0.9957202672958374
1790371753317,1790371753317__sin_evaluar.jpg,sin_evaluar,1,0.9959387183189392
1790371753447,1790371753447__sin_evaluar.jpg,sin_evaluar,1,0.9939340353012085
1790371753611,1790371753611__sin_evaluar.jpg,sin_evaluar,1,0.9944229125976562
1790371753727,1790371753727__sin_evaluar.jpg,sin_evaluar,1,0.9955117702484131
1790371753941,1790371753941__sin_evaluar.jpg,sin_evaluar,1,0.9948517680168152
1790371754031,1790371754031__sin_evaluar.jpg,sin_evaluar,1,0.9950984716415405
1790371754195,1790371754195__sin_evaluar.jpg,sin_evaluar,1,0.9949502348899841
1790371754315,1790371754315__sin_evaluar.jpg,sin_evaluar,1,0.9945627450942993
1790371754439,1790371754439__sin_evaluar.jpg,sin_evaluar,1,0.9925176501274109
1790371754639,1790371754639__sin_evaluar.jpg,sin_evaluar,1,0.9930959343910217
1790371754752,1790371754752__sin_evaluar.jpg,sin_evaluar,1,0.9934271574020386
1790371754928,1790371754928__sin_evaluar.jpg,sin_evaluar,1,0.9935708045959473
1790371755027,1790371755027__sin_evaluar.jpg,sin_evaluar,1,0.9900310635566711
1790371755517,1790371755517__sin_gesto.jpg,sin_gesto,1,0.9938830137252808
1790371755517,1790371755517__sin_evaluar.jpg,sin_evaluar,1,0.9935925006866455
1790371755598,1790371755598__sin_evaluar.jpg,sin_evaluar,1,0.9948912262916565
1790371755762,1790371755762__sin_evaluar.jpg,sin_evaluar,1,0.9959015250205994
1790371755882,1790371755882__sin_evaluar.jpg,sin_evaluar,1,0.9943134188652039
1790371756124,1790371756124__sin_evaluar.jpg,sin_evaluar,1,0.994391918182373
1790371756196,1790371756196__sin_evaluar.jpg,sin_evaluar,1,0.9953457117080688
1790371756308,1790371756308__sin_evaluar.jpg,sin_evaluar,1,0.9950013160705566
1790371756487,1790371756487__sin_evaluar.jpg,sin_evaluar,1,0.9953001737594604
1790371756608,1790371756608__sin_evaluar.jpg,sin_evaluar,1,0.9947179555892944
1790371756774,1790371756774__sin_evaluar.jpg,sin_evaluar,1,0.9950022101402283
1790371756890,1790371756890__sin_evaluar.jpg,sin_evaluar,1,0.9953019022941589
1790371757045,1790371757045__sin_evaluar.jpg,sin_evaluar,1,0.9938976764678955
1790371757182,1790371757182__sin_evaluar.jpg,sin_evaluar,1,0.966507077217102
1790371757357,1790371757357__sin_evaluar.jpg,sin_evaluar,1,0.994285523891449
1790371757458,1790371757458__sin_evaluar.jpg,sin_evaluar,1,0.9839799404144287
1790371757595,1790371757595__sin_evaluar.jpg,sin_evaluar,1,0.9708843231201172
1790371757731,1790371757731__sin_evaluar.jpg,sin_evaluar,1,0.9755672812461853
1790371757895,1790371757895__sin_evaluar.jpg,sin_evaluar,1,0.977415919303894
1790371758016,1790371758016__sin_evaluar.jpg,sin_evaluar,1,0.9272860884666443
1790371758175,1790371758175__sin_evaluar.jpg,sin_evaluar,1,0.8714812397956848
1790371758319,1790371758319__sin_evaluar.jpg,sin_evaluar,1,0.9275587201118469
1790371758583,1790371758583__sin_evaluar.jpg,sin_evaluar,1,0.940546452999115
1790371758623,1790371758623__sin_evaluar.jpg,sin_evaluar,1,0.9865827560424805
1790371758783,1790371758783__sin_evaluar.jpg,sin_evaluar,1,0.9633615612983704
1790371758888,1790371758888__sin_evaluar.jpg,sin_evaluar,1,0.9887247681617737
1790371759032,1790371759032__sin_evaluar.jpg,sin_evaluar,1,0.9887416958808899
1790371759197,1790371759197__sin_evaluar.jpg,sin_evaluar,1,0.8082074522972107
1790371759656,1790371759656__sin_evaluar.jpg,sin_evaluar,1,0.9560377597808838
1790371759659,1790371759659__sin_evaluar.jpg,sin_evaluar,0,
1790371759662,1790371759662__sin_evaluar.jpg,sin_evaluar,0,
1790371759750,1790371759750__sin_evaluar.jpg,sin_evaluar,1,0.9900221824645996
1790371760067,1790371760067__sin_evaluar.jpg,sin_evaluar,1,0.8976086974143982
1790371760070,1790371760070__sin_evaluar.jpg,sin_evaluar,1,0.9722372889518738
1790371760538,1790371760538__puño_cerrado_0.68.jpg,puño_cerrado_0.68,1,0.9892586469650269
1790371760539,1790371760539__sin_evaluar.jpg,sin_evaluar,1,0.9898186922073364
1790371760614,1790371760614__sin_evaluar.jpg,sin_evaluar,1,0.979640543460846
1790371760747,1790371760747__sin_evaluar.jpg,sin_evaluar,1,0.9541188478469849
1790371760914,1790371760914__sin_evaluar.jpg,sin_evaluar,1,0.9660012722015381
1790371761027,1790371761027__sin_evaluar.jpg,sin_evaluar,1,0.9876002073287964
1790371761563,1790371761563__sin_evaluar.jpg,sin_evaluar,1,0.9730948209762573
1790371761565,1790371761565__sin_evaluar.jpg,sin_evaluar,1,0.9292619824409485
1790371761569,1790371761569__sin_evaluar.jpg,sin_evaluar,1,0.6661080121994019
1790371761595,1790371761595__sin_evaluar.jpg,sin_evaluar,1,0.5547360181808472
1790371761755,1790371761755__sin_evaluar.jpg,sin_evaluar,1,0.9027062654495239
1790371761888,1790371761888__sin_evaluar.jpg,sin_evaluar,1,0.9541531801223755
1790371762142,1790371762142__sin_evaluar.jpg,sin_evaluar,1,0.9324382543563843
1790371762191,1790371762191__sin_evaluar.jpg,sin_evaluar,1,0.8406901955604553
1790371762370,1790371762370__sin_evaluar.jpg,sin_evaluar,1,0.7361774444580078
1790371762462,1790371762462__sin_evaluar.jpg,sin_evaluar,1,0.8236519694328308
1790371762635,1790371762635__sin_evaluar.jpg,sin_evaluar,1,0.9009597301483154
1790371762752,1790371762752__sin_evaluar.jpg,sin_evaluar,1,0.8369946479797363
1790371762894,1790371762894__sin_evaluar.jpg,sin_evaluar,1,0.8583594560623169
1790371763047,1790371763047__sin_evaluar.jpg,sin_evaluar,1,0.9190590977668762
1790371763171,1790371763171__sin_evaluar.jpg,sin_evaluar,1,0.9326626658439636
1790371763312,1790371763312__sin_evaluar.jpg,sin_evaluar,1,0.9634057283401489
1790371763475,1790371763475__sin_evaluar.jpg,sin_evaluar,1,0.9579795598983765
1790371763611,1790371763611__sin_evaluar.jpg,sin_evaluar,1,0.9573488831520081
1790371763763,1790371763763__sin_evaluar.jpg,sin_evaluar,1,0.9455572962760925
1790371763902,1790371763902__sin_evaluar.jpg,sin_evaluar,1,0.9643576145172119
1790371764047,1790371764047__sin_evaluar.jpg,sin_evaluar,1,0.9631988406181335
1790371764191,1790371764191__sin_evaluar.jpg,sin_evaluar,1,0.9662582278251648
1790371764316,1790371764316__sin_evaluar.jpg,sin_evaluar,1,0.9717077612876892
1790371764522,1790371764522__sin_evaluar.jpg,sin_evaluar,1,0.9791577458381653
1790371764662,1790371764662__sin_evaluar.jpg,sin_evaluar,1,0.9351910352706909
1790371764750,1790371764750__sin_evaluar.jpg,sin_evaluar,1,0.9344817996025085
1790371764907,1790371764907__sin_evaluar.jpg,sin_evaluar,1,0.8966225981712341
1790371765031,1790371765031__sin_evaluar.jpg,sin_evaluar,1,0.8942147493362427
1790371765170,1790371765170__sin_evaluar.jpg,sin_evaluar,1,0.9690102934837341
1790371765691,1790371765691__puño_cerrado_0.60.jpg,puño_cerrado_0.60,1,0.9412232637405396
1790371765692,1790371765692__sin_evaluar.jpg,sin_evaluar,1,0.9417144060134888
1790371765741,1790371765741__sin_evaluar.jpg,sin_evaluar,1,0.8542288541793823
1790371765945,1790371765945__sin_evaluar.jpg,sin_evaluar,1,0.9390670657157898
1790371766040,1790371766040__sin_evaluar.jpg,sin_evaluar,1,0.882707953453064
1790371766183,1790371766183__sin_evaluar.jpg,sin_evaluar,1,0.9380553960800171
1790371766481,1790371766481__sin_evaluar.jpg,sin_evaluar,1,0.9356048107147217
1790371766482,1790371766482__sin_evaluar.jpg,sin_evaluar,1,0.9145798683166504
1790371766605,1790371766605__sin_evaluar.jpg,sin_evaluar,1,0.9302944540977478
1790371766761,1790371766761__sin_evaluar.jpg,sin_evaluar,1,0.9674203395843506
1790371766941,1790371766941__sin_evaluar.jpg,sin_evaluar,1,0.9805117249488831
1790371767025,1790371767025__sin_evaluar.jpg,sin_evaluar,1,0.9833665490150452
1790371767195,1790371767195__sin_evaluar.jpg,sin_evaluar,1,0.9722707271575928
1790371767348,1790371767348__sin_evaluar.jpg,sin_evaluar,1,0.9792621731758118
1790371767475,1790371767475__sin_evaluar.jpg,sin_evaluar,1,0.9588277339935303
1790371767628,1790371767628__sin_evaluar.jpg,sin_evaluar,1,0.9689035415649414
1790371767752,1790371767752__sin_evaluar.jpg,sin_evaluar,1,0.9535442590713501
1790371767923,1790371767923__sin_evaluar.jpg,sin_evaluar,1,0.9664331078529358
1790371768191,1790371768191__sin_evaluar.jpg,sin_evaluar,1,0.9699167609214783
1790371768232,1790371768232__sin_evaluar.jpg,sin_evaluar,1,0.9513309597969055
1790371768332,1790371768332__sin_evaluar.jpg,sin_evaluar,1,0.959993839263916
1790371768464,1790371768464__sin_evaluar.jpg,sin_evaluar,1,0.9373607635498047
1790371768622,1790371768622__sin_evaluar.jpg,sin_evaluar,1,0.9779331684112549
1790371768761,1790371768761__sin_evaluar.jpg,sin_evaluar,1,0.9189125895500183
1790371768906,1790371768906__sin_evaluar.jpg,sin_evaluar,1,0.9623461961746216
1790371769026,1790371769026__sin_evaluar.jpg,sin_evaluar,1,0.9567505717277527
1790371769195,1790371769195__sin_evaluar.jpg,sin_evaluar,1,0.9643328189849854
1790371769347,1790371769347__sin_evaluar.jpg,sin_evaluar,1,0.9464243054389954
1790371769563,1790371769563__sin_evaluar.jpg,sin_evaluar,1,0.9388015270233154
1790371769603,1790371769603__sin_evaluar.jpg,sin_evaluar,1,0.9754485487937927
1790371769781,1790371769781__sin_evaluar.jpg,sin_evaluar,1,0.9790288209915161
1790371769915,1790371769915__sin_evaluar.jpg,sin_evaluar,1,0.9229793548583984
1790371770061,1790371770061__sin_evaluar.jpg,sin_evaluar,1,0.9539333581924438
1790371770185,1790371770185__sin_evaluar.jpg,sin_evaluar,1,0.9754098653793335
1790371770696,1790371770696__sin_gesto.jpg,sin_gesto,1,0.9606188535690308
1790371770697,1790371770697__sin_evaluar.jpg,sin_evaluar,0,
1790371770783,1790371770783__sin_evaluar.jpg,sin_evaluar,0,
1790371770919,1790371770919__sin_evaluar.jpg,sin_evaluar,0,
1790371771061,1790371771061__sin_evaluar.jpg,sin_evaluar,0,
1790371771214,1790371771214__sin_evaluar.jpg,sin_evaluar,0,
1790371771362,1790371771362__sin_evaluar.jpg,sin_evaluar,0,
1790371771508,1790371771508__sin_evaluar.jpg,sin_evaluar,0,
1790371771599,1790371771599__sin_evaluar.jpg,sin_evaluar,0,
1790371771766,1790371771766__sin_evaluar.jpg,sin_evaluar,1,0.7102073431015015
1790371771908,1790371771908__sin_evaluar.jpg,sin_evaluar,1,0.9641768336296082
1790371772078,1790371772078__sin_evaluar.jpg,sin_evaluar,1,0.972822904586792
1790371772173,1790371772173__sin_evaluar.jpg,sin_evaluar,1,0.9669229388237
1790371772328,1790371772328__sin_evaluar.jpg,sin_evaluar,1,0.9644761085510254
1790371772475,1790371772475__sin_evaluar.jpg,sin_evaluar,1,0.9675992727279663
1790371772601,1790371772601__sin_evaluar.jpg,sin_evaluar,1,0.9707306623458862
1790371772791,1790371772791__sin_evaluar.jpg,sin_evaluar,1,0.968704342842102
1790371773065,1790371773065__sin_evaluar.jpg,sin_evaluar,1,0.9583293199539185
1790371773189,1790371773189__sin_evaluar.jpg,sin_evaluar,1,0.9529951214790344
1790371773382,1790371773382__sin_evaluar.jpg,sin_evaluar,1,0.9627456068992615
1790371773480,1790371773480__sin_evaluar.jpg,sin_evaluar,1,0.9590034484863281
1790371773634,1790371773634__sin_evaluar.jpg,sin_evaluar,1,0.9539775252342224
1790371773783,1790371773783__sin_evaluar.jpg,sin_evaluar,1,0.943518877029419
1790371773895,1790371773895__sin_evaluar.jpg,sin_evaluar,1,0.9556508660316467
1790371774075,1790371774075__sin_evaluar.jpg,sin_evaluar,1,0.950086772441864
1790371774191,1790371774191__sin_evaluar.jpg,sin_evaluar,1,0.9570726156234741
1790371774332,1790371774332__sin_evaluar.jpg,sin_evaluar,1,0.973166823387146
1790371774460,1790371774460__sin_evaluar.jpg,sin_evaluar,1,0.9590399861335754
1790371774678,1790371774678__sin_evaluar.jpg,sin_evaluar,1,0.9652826189994812
1790371774765,1790371774765__sin_evaluar.jpg,sin_evaluar,1,0.9570121169090271
1790371774902,1790371774902__sin_evaluar.jpg,sin_evaluar,1,0.9734855890274048
1790371775075,1790371775075__sin_evaluar.jpg,sin_evaluar,1,0.9744601249694824
1790371775211,1790371775211__sin_evaluar.jpg,sin_evaluar,1,0.9686824083328247
1790371775697,1790371775697__sin_gesto.jpg,sin_gesto,1,0.9553545117378235
1790371775698,1790371775698__sin_evaluar.jpg,sin_evaluar,1,0.9648756980895996
1790371775783,1790371775783__sin_evaluar.jpg,sin_evaluar,1,0.9618494510650635
1790371775900,1790371775900__sin_evaluar.jpg,sin_evaluar,1,0.9557908177375793
1790371776090,1790371776090__sin_evaluar.jpg,sin_evaluar,1,0.9593207836151123
1790371776183,1790371776183__sin_evaluar.jpg,sin_evaluar,1,0.964169979095459
1790371776353,1790371776353__sin_evaluar.jpg,sin_evaluar,1,0.9611364006996155
1790371776534,1790371776534__sin_evaluar.jpg,sin_evaluar,1,0.9607589840888977
1790371776609,1790371776609__sin_evaluar.jpg,sin_evaluar,1,0.9587482810020447
1790371776782,1790371776782__sin_evaluar.jpg,sin_evaluar,1,0.9569132924079895
1790371776925,1790371776925__sin_evaluar.jpg,sin_evaluar,1,0.9502934217453003
1790371777047,1790371777047__sin_evaluar.jpg,sin_evaluar,1,0.9607301950454712
1790371777214,1790371777214__sin_evaluar.jpg,sin_evaluar,1,0.9689919352531433
1790371777333,1790371777333__sin_evaluar.jpg,sin_evaluar,1,0.9689725637435913
1790371777466,1790371777466__sin_evaluar.jpg,sin_evaluar,1,0.9643208384513855
1790371777635,1790371777635__sin_evaluar.jpg,sin_evaluar,1,0.9584678411483765
1790371777766,1790371777766__sin_evaluar.jpg,sin_evaluar,1,0.9634042978286743
1790371778047,1790371778047__sin_evaluar.jpg,sin_evaluar,1,0.9692296981811523
1790371778063,1790371778063__sin_evaluar.jpg,sin_evaluar,1,0.9585208892822266
1790371778194,1790371778194__sin_evaluar.jpg,sin_evaluar,1,0.9650699496269226
1790371778371,1790371778371__sin_evaluar.jpg,sin_evaluar,1,0.9609447121620178
1790371778547,1790371778547__sin_evaluar.jpg,sin_evaluar,1,0.966144859790802
1790371778613,1790371778613__sin_evaluar.jpg,sin_evaluar,1,0.9636087417602539
1790371778773,1790371778773__sin_evaluar.jpg,sin_evaluar,1,0.9695923924446106
1790371778922,1790371778922__sin_evaluar.jpg,sin_evaluar,1,0.975575864315033
1790371779061,1790371779061__sin_evaluar.jpg,sin_evaluar,1,0.9798846244812012
1790371779330,1790371779330__sin_evaluar.jpg,sin_evaluar,1,0.9797107577323914
1790371779339,1790371779339__sin_evaluar.jpg,sin_evaluar,1,0.979411244392395
1790371779472,1790371779472__sin_evaluar.jpg,sin_evaluar,1,0.9811829328536987
1790371779647,1790371779647__sin_evaluar.jpg,sin_evaluar,1,0.9790010452270508
1790371779777,1790371779777__sin_evaluar.jpg,sin_evaluar,1,0.9830769896507263
1790371779913,1790371779913__sin_evaluar.jpg,sin_evaluar,1,0.9867448806762695
1790371780144,1790371780144__sin_evaluar.jpg,sin_evaluar,1,0.9850306510925293
1790371780206,1790371780206__sin_evaluar.jpg,sin_evaluar,1,0.9845807552337646
1790371780720,1790371780720__sin_gesto.jpg,sin_gesto,1,0.9867241978645325
1790371780720,1790371780720__sin_evaluar.jpg,sin_evaluar,1,0.992085337638855
1790371780772,1790371780772__sin_evaluar.jpg,sin_evaluar,1,0.9890310168266296
1790371780911,1790371780911__sin_evaluar.jpg,sin_evaluar,1,0.9917818307876587
1790371781054,1790371781054__sin_evaluar.jpg,sin_evaluar,1,0.9884762763977051
1790371781231,1790371781231__sin_evaluar.jpg,sin_evaluar,1,0.9872668981552124
1790371781330,1790371781330__sin_evaluar.jpg,sin_evaluar,1,0.9838176965713501
1790371781523,1790371781523__sin_evaluar.jpg,sin_evaluar,1,0.9895371794700623
1790371781605,1790371781605__sin_evaluar.jpg,sin_evaluar,1,0.9898086190223694
1790371781783,1790371781783__sin_evaluar.jpg,sin_evaluar,1,0.9904677271842957
1790371781934,1790371781934__sin_evaluar.jpg,sin_evaluar,1,0.9877926707267761
1790371782042,1790371782042__sin_evaluar.jpg,sin_evaluar,1,0.9865708947181702
1790371782222,1790371782222__sin_evaluar.jpg,sin_evaluar,1,0.9902425408363342
1790371782347,1790371782347__sin_evaluar.jpg,sin_evaluar,1,0.9890461564064026
1790371782528,1790371782528__sin_evaluar.jpg,sin_evaluar,1,0.9900587201118469
1790371782626,1790371782626__sin_evaluar.jpg,sin_evaluar,1,0.9888520836830139
1790371782763,1790371782763__sin_evaluar.jpg,sin_evaluar,1,0.990249514579773
1790371783007,1790371783007__sin_evaluar.jpg,sin_evaluar,1,0.9886611104011536
1790371783051,1790371783051__sin_evaluar.jpg,sin_evaluar,1,0.9897053837776184
1790371783199,1790371783199__sin_evaluar.jpg,sin_evaluar,1,0.9889667630195618
1790371783427,1790371783427__sin_evaluar.jpg,sin_evaluar,1,0.989237368106842
1790371783469,1790371783469__sin_evaluar.jpg,sin_evaluar,1,0.9851992130279541
1790371783635,1790371783635__sin_evaluar.jpg,sin_evaluar,1,0.988281786441803
1790371783775,1790371783775__sin_evaluar.jpg,sin_evaluar,1,0.9849289059638977
1790371783934,1790371783934__sin_evaluar.jpg,sin_evaluar,1,0.9880061745643616
1790371784075,1790371784075__sin_evaluar.jpg,sin_evaluar,1,0.986869215965271
1790371784188,1790371784188__sin_evaluar.jpg,sin_evaluar,1,0.9876132607460022
1790371784368,1790371784368__sin_evaluar.jpg,sin_evaluar,1,0.9875453114509583
1790371784482,1790371784482__sin_evaluar.jpg,sin_evaluar,1,0.9872915148735046
1790371784662,1790371784662__sin_evaluar.jpg,sin_evaluar,1,0.9889922738075256
1790371784765,1790371784765__sin_evaluar.jpg,sin_evaluar,1,0.9888381958007812
1790371784918,1790371784918__sin_evaluar.jpg,sin_evaluar,1,0.9908630847930908
1790371785060,1790371785060__sin_evaluar.jpg,sin_evaluar,1,0.989893913269043
1790371785183,1790371785183__sin_evaluar.jpg,sin_evaluar,1,0.9838359355926514
1790371785755,1790371785755__sin_gesto.jpg,sin_gesto,1,0.9879253506660461
1790371785755,1790371785755__sin_evaluar.jpg,sin_evaluar,1,0.9913465976715088
1790371785756,1790371785756__sin_evaluar.jpg,sin_evaluar,1,0.9792065024375916
1790371785771,1790371785771__sin_evaluar.jpg,sin_evaluar,1,0.9641180634498596
1790371785907,1790371785907__sin_evaluar.jpg,sin_evaluar,1,0.9927751421928406
1790371786067,1790371786067__sin_evaluar.jpg,sin_evaluar,1,0.9967104196548462
1790371786204,1790371786204__sin_evaluar.jpg,sin_evaluar,1,0.997768759727478
1790371786370,1790371786370__sin_evaluar.jpg,sin_evaluar,1,0.9987692832946777
1790371786479,1790371786479__sin_evaluar.jpg,sin_evaluar,1,0.9988105297088623
1790371786661,1790371786661__sin_evaluar.jpg,sin_evaluar,1,0.9991581439971924
1790371786766,1790371786766__sin_evaluar.jpg,sin_evaluar,1,0.9989789724349976
1790371786924,1790371786924__sin_evaluar.jpg,sin_evaluar,1,0.999579668045044
1790371787054,1790371787054__sin_evaluar.jpg,sin_evaluar,1,0.9982374310493469
1790371787206,1790371787206__sin_evaluar.jpg,sin_evaluar,1,0.9977070689201355
1790371787344,1790371787344__sin_evaluar.jpg,sin_evaluar,1,0.9975863099098206
1790371787534,1790371787534__sin_evaluar.jpg,sin_evaluar,1,0.9993922710418701
1790371787630,1790371787630__sin_evaluar.jpg,sin_evaluar,1,0.9981080293655396
1790371787788,1790371787788__sin_evaluar.jpg,sin_evaluar,1,0.9981563687324524
1790371787943,1790371787943__sin_evaluar.jpg,sin_evaluar,1,0.9981576204299927
1790371788076,1790371788076__sin_evaluar.jpg,sin_evaluar,1,0.9981558918952942
1790371788211,1790371788211__sin_evaluar.jpg,sin_evaluar,1,0.99882972240448
1790371788351,1790371788351__sin_evaluar.jpg,sin_evaluar,1,0.9983599781990051
1790371788553,1790371788553__sin_evaluar.jpg,sin_evaluar,1,0.9984041452407837
1790371788652,1790371788652__sin_evaluar.jpg,sin_evaluar,1,0.9976516366004944
1790371788789,1790371788789__sin_evaluar.jpg,sin_evaluar,1,0.9971933960914612
1790371788922,1790371788922__sin_evaluar.jpg,sin_evaluar,1,0.9970877766609192
1790371789787,1790371789787__sin_evaluar.jpg,sin_evaluar,1,0.9972215294837952
1790371789788,1790371789788__sin_evaluar.jpg,sin_evaluar,1,0.997565507888794
1790371789789,1790371789789__sin_evaluar.jpg,sin_evaluar,1,0.9972107410430908
1790371789845,1790371789845__sin_evaluar.jpg,sin_evaluar,1,0.9979944229125977
1790371789901,1790371789901__sin_evaluar.jpg,sin_evaluar,1,0.996749997138977
1790371789903,1790371789903__sin_evaluar.jpg,sin_evaluar,1,0.9978380799293518
1790371790068,1790371790068__sin_evaluar.jpg,sin_evaluar,1,0.9977976083755493
1790371790214,1790371790214__sin_evaluar.jpg,sin_evaluar,1,0.9978732466697693
1790371790362,1790371790362__sin_evaluar.jpg,sin_evaluar,1,0.997832715511322
1790371790859,1790371790859__sin_gesto.jpg,sin_gesto,1,0.9979684948921204
1790371790859,1790371790859__sin_evaluar.jpg,sin_evaluar,1,0.997215747833252
1790371790915,1790371790915__sin_evaluar.jpg,sin_evaluar,1,0.9972529411315918
1790371791141,1790371791141__sin_evaluar.jpg,sin_evaluar,1,0.9972432851791382
1790371791204,1790371791204__sin_evaluar.jpg,sin_evaluar,1,0.9978097081184387
1790371791339,1790371791339__sin_evaluar.jpg,sin_evaluar,1,0.9974452257156372
1790371791513,1790371791513__sin_evaluar.jpg,sin_evaluar,1,0.9972485303878784
1790371791631,1790371791631__sin_evaluar.jpg,sin_evaluar,1,0.9978841543197632
1790371792136,1790371792136__sin_evaluar.jpg,sin_evaluar,1,0.9977596402168274
1790371792137,1790371792137__sin_evaluar.jpg,sin_evaluar,1,0.9980552792549133
1790371792138,1790371792138__sin_evaluar.jpg,sin_evaluar,1,0.996833324432373
1790371792216,1790371792216__sin_evaluar.jpg,sin_evaluar,1,0.9978203177452087
1790371792346,1790371792346__sin_evaluar.jpg,sin_evaluar,1,0.9966562986373901
1790371792576,1790371792576__sin_evaluar.jpg,sin_evaluar,1,0.9945325255393982
1790371792637,1790371792637__sin_evaluar.jpg,sin_evaluar,1,0.9968578815460205
1790371792778,1790371792778__sin_evaluar.jpg,sin_evaluar,1,0.9966798424720764
1790371792925,1790371792925__sin_evaluar.jpg,sin_evaluar,1,0.9970327615737915
1790371793088,1790371793088__sin_evaluar.jpg,sin_evaluar,1,0.9971317052841187
1790371793228,1790371793228__sin_evaluar.jpg,sin_evaluar,1,0.9969016909599304
1790371793351,1790371793351__sin_evaluar.jpg,sin_evaluar,1,0.9974383115768433
1790371793499,1790371793499__sin_evaluar.jpg,sin_evaluar,1,0.99769127368927
1790371793648,1790371793648__sin_evaluar.jpg,sin_evaluar,1,0.9970981478691101
1790371793786,1790371793786__sin_evaluar.jpg,sin_evaluar,1,0.9977960586547852
1790371794017,1790371794017__sin_evaluar.jpg,sin_evaluar,1,0.9967004656791687
1790371794063,1790371794063__sin_evaluar.jpg,sin_evaluar,1,0.9967867732048035
1790371794302,1790371794302__sin_evaluar.jpg,sin_evaluar,1,0.9937860369682312
1790371794355,1790371794355__sin_evaluar.jpg,sin_evaluar,1,0.9959949851036072
1790371794534,1790371794534__sin_evaluar.jpg,sin_evaluar,1,0.9951715469360352
1790371794621,1790371794621__sin_evaluar.jpg,sin_evaluar,1,0.9960715770721436
1790371794802,1790371794802__sin_evaluar.jpg,sin_evaluar,1,0.9963165521621704
1790371794925,1790371794925__sin_evaluar.jpg,sin_evaluar,1,0.9957329630851746
1790371795068,1790371795068__sin_evaluar.jpg,sin_evaluar,1,0.9944735169410706
1790371795210,1790371795210__sin_evaluar.jpg,sin_evaluar,1,0.9954739212989807
1790371795347,1790371795347__sin_evaluar.jpg,sin_evaluar,1,0.9947773814201355
1790371795938,1790371795938__sin_gesto.jpg,sin_gesto,1,0.9953807592391968
1790371795939,1790371795939__sin_evaluar.jpg,sin_evaluar,1,0.994606614112854
1790371796067,1790371796067__sin_evaluar.jpg,sin_evaluar,1,0.9954951405525208
1790371796224,1790371796224__sin_evaluar.jpg,sin_evaluar,1,0.9954961538314819
1790371796358,1790371796358__sin_evaluar.jpg,sin_evaluar,1,0.9959763884544373
1790371796515,1790371796515__sin_evaluar.jpg,sin_evaluar,1,0.9950383305549622
1790371796663,1790371796663__sin_evaluar.jpg,sin_evaluar,1,0.9960416555404663
1790371796944,1790371796944__sin_evaluar.jpg,sin_evaluar,1,0.9946597814559937
1790371796946,1790371796946__sin_evaluar.jpg,sin_evaluar,1,0.9958915710449219
1790371797070,1790371797070__sin_evaluar.jpg,sin_evaluar,1,0.9969974160194397
1790371797240,1790371797240__sin_evaluar.jpg,sin_evaluar,1,0.9973013401031494
1790371797347,1790371797347__sin_evaluar.jpg,sin_evaluar,1,0.9985224008560181
1790371797513,1790371797513__sin_evaluar.jpg,sin_evaluar,1,0.9978687763214111
1790371797714,1790371797714__sin_evaluar.jpg,sin_evaluar,1,0.997891366481781
1790371797793,1790371797793__sin_evaluar.jpg,sin_evaluar,1,0.9979616403579712
1790371797932,1790371797932__sin_evaluar.jpg,sin_evaluar,1,0.9970026612281799
1790371798121,1790371798121__sin_evaluar.jpg,sin_evaluar,1,0.9970788359642029
1790371798214,1790371798214__sin_evaluar.jpg,sin_evaluar,1,0.9975422620773315
1790371798347,1790371798347__sin_evaluar.jpg,sin_evaluar,1,0.9977217316627502
1790371798504,1790371798504__sin_evaluar.jpg,sin_evaluar,1,0.9981307983398438
1790371798658,1790371798658__sin_evaluar.jpg,sin_evaluar,1,0.9977778792381287
1790371798786,1790371798786__sin_evaluar.jpg,sin_evaluar,1,0.9982483386993408
1790371798944,1790371798944__sin_evaluar.jpg,sin_evaluar,1,0.9957711696624756
1790371799060,1790371799060__sin_evaluar.jpg,sin_evaluar,1,0.9917696118354797
1790371799234,1790371799234__sin_evaluar.jpg,sin_evaluar,1,0.9740659594535828
1790371799414,1790371799414__sin_evaluar.jpg,sin_evaluar,1,0.9867461919784546
1790371799495,1790371799495__sin_evaluar.jpg,sin_evaluar,1,0.9862278699874878
1790371799734,1790371799734__sin_evaluar.jpg,sin_evaluar,1,0.9843509793281555
1790371799771,1790371799771__sin_evaluar.jpg,sin_evaluar,1,0.9871131181716919
1790371799942,1790371799942__sin_evaluar.jpg,sin_evaluar,1,0.9849315285682678
1790371800065,1790371800065__sin_evaluar.jpg,sin_evaluar,1,0.9892127513885498
1790371800236,1790371800236__sin_evaluar.jpg,sin_evaluar,1,0.9895691871643066
1790371800389,1790371800389__sin_evaluar.jpg,sin_evaluar,1,0.9891265034675598
1790371800547,1790371800547__sin_evaluar.jpg,sin_evaluar,1,0.9901782274246216
1790371801021,1790371801021__sin_gesto.jpg,sin_gesto,1,0.9884199500083923
1790371801021,1790371801021__sin_evaluar.jpg,sin_evaluar,1,0.9934511780738831
1790371801022,1790371801022__sin_evaluar.jpg,sin_evaluar,1,0.9931178689002991
1790371801738,1790371801738__sin_evaluar.jpg,sin_evaluar,1,0.9913123250007629
1790371801739,1790371801739__sin_evaluar.jpg,sin_evaluar,1,0.991788387298584
1790371801740,1790371801740__sin_evaluar.jpg,sin_evaluar,1,0.9932336807250977
1790371801843,1790371801843__sin_evaluar.jpg,sin_evaluar,1,0.992965042591095
1790371801916,1790371801916__sin_evaluar.jpg,sin_evaluar,1,0.9903395771980286
1790371801934,1790371801934__sin_evaluar.jpg,sin_evaluar,1,0.9908418655395508
1790371802067,1790371802067__sin_evaluar.jpg,sin_evaluar,1,0.9852485060691833
1790371802202,1790371802202__sin_evaluar.jpg,sin_evaluar,1,0.9727283716201782
1790371802363,1790371802363__sin_evaluar.jpg,sin_evaluar,1,0.9573015570640564
1790371802498,1790371802498__sin_evaluar.jpg,sin_evaluar,1,0.9671030044555664
1790371802651,1790371802651__sin_evaluar.jpg,sin_evaluar,1,0.9598029851913452
1790371802854,1790371802854__sin_evaluar.jpg,sin_evaluar,1,0.9647129774093628
1790371802931,1790371802931__sin_evaluar.jpg,sin_evaluar,1,0.9691088795661926
1790371803133,1790371803133__sin_evaluar.jpg,sin_evaluar,1,0.9728701710700989
1790371803210,1790371803210__sin_evaluar.jpg,sin_evaluar,1,0.969893217086792
1790371803366,1790371803366__sin_evaluar.jpg,sin_evaluar,1,0.9804450273513794
1790371803494,1790371803494__sin_evaluar.jpg,sin_evaluar,1,0.9897381067276001
1790371803643,1790371803643__sin_evaluar.jpg,sin_evaluar,1,0.979732096195221
1790371803797,1790371803797__sin_evaluar.jpg,sin_evaluar,1,0.9776962995529175
1790371803920,1790371803920__sin_evaluar.jpg,sin_evaluar,1,0.9799094796180725
1790371804142,1790371804142__sin_evaluar.jpg,sin_evaluar,1,0.9815057516098022
1790371804216,1790371804216__sin_evaluar.jpg,sin_evaluar,1,0.9790425896644592
1790371804366,1790371804366__sin_evaluar.jpg,sin_evaluar,1,0.981469988822937
1790371804511,1790371804511__sin_evaluar.jpg,sin_evaluar,1,0.9815390110015869
1790371804640,1790371804640__sin_evaluar.jpg,sin_evaluar,1,0.9812577962875366
1790371804796,1790371804796__sin_evaluar.jpg,sin_evaluar,1,0.981261134147644
1790371804927,1790371804927__sin_evaluar.jpg,sin_evaluar,1,0.9797865152359009
1790371805078,1790371805078__sin_evaluar.jpg,sin_evaluar,1,0.9785165190696716
1790371805225,1790371805225__sin_evaluar.jpg,sin_evaluar,1,0.9785935282707214
1790371805453,1790371805453__sin_evaluar.jpg,sin_evaluar,1,0.9786149859428406
1790371805518,1790371805518__sin_evaluar.jpg,sin_evaluar,1,0.9845806360244751
1790371806023,1790371806023__sin_gesto.jpg,sin_gesto,1,0.9822475910186768
1790371806024,1790371806024__sin_evaluar.jpg,sin_evaluar,1,0.9787280559539795
1790371806355,1790371806355__sin_evaluar.jpg,sin_evaluar,1,0.972928524017334
1790371806357,1790371806357__sin_evaluar.jpg,sin_evaluar,1,0.9820352792739868
1790371806397,1790371806397__sin_evaluar.jpg,sin_evaluar,1,0.9761234521865845
1790371806525,1790371806525__sin_evaluar.jpg,sin_evaluar,1,0.9791397452354431
1790371806642,1790371806642__sin_evaluar.jpg,sin_evaluar,1,0.961243212223053
1790371806780,1790371806780__sin_evaluar.jpg,sin_evaluar,1,0.965537965297699
1790371807081,1790371807081__sin_evaluar.jpg,sin_evaluar,1,0.994185745716095
1790371807083,1790371807083__sin_evaluar.jpg,sin_evaluar,1,0.9845046401023865
1790371807217,1790371807217__sin_evaluar.jpg,sin_evaluar,1,0.9919920563697815
1790371807367,1790371807367__sin_evaluar.jpg,sin_evaluar,1,0.9909330010414124
1790371807553,1790371807553__sin_evaluar.jpg,sin_evaluar,1,0.9903417825698853
1790371807649,1790371807649__sin_evaluar.jpg,sin_evaluar,1,0.9885658025741577
1790371808007,1790371808007__sin_evaluar.jpg,sin_evaluar,1,0.9910301566123962
1790371808017,1790371808017__sin_evaluar.jpg,sin_evaluar,1,0.9906424283981323
1790371808067,1790371808067__sin_evaluar.jpg,sin_evaluar,1,0.9882325530052185
1790371808218,1790371808218__sin_evaluar.jpg,sin_evaluar,1,0.989155650138855
1790371808357,1790371808357__sin_evaluar.jpg,sin_evaluar,1,0.9852363467216492
1790371808514,1790371808514__sin_evaluar.jpg,sin_evaluar,1,0.9847631454467773
1790371808654,1790371808654__sin_evaluar.jpg,sin_evaluar,1,0.983502209186554
1790371808807,1790371808807__sin_evaluar.jpg,sin_evaluar,1,0.9851241707801819
1790371808932,1790371808932__sin_evaluar.jpg,sin_evaluar,1,0.9800048470497131
1790371809157,1790371809157__sin_evaluar.jpg,sin_evaluar,1,0.9873659014701843
1790371809227,1790371809227__sin_evaluar.jpg,sin_evaluar,1,0.9822367429733276
1790371809368,1790371809368__sin_evaluar.jpg,sin_evaluar,1,0.9845495223999023
1790371809502,1790371809502__sin_evaluar.jpg,sin_evaluar,1,0.9866077899932861
1790371809655,1790371809655__sin_evaluar.jpg,sin_evaluar,1,0.9856768250465393
1790371809806,1790371809806__sin_evaluar.jpg,sin_evaluar,1,0.9857377409934998
1790371809925,1790371809925__sin_evaluar.jpg,sin_evaluar,1,0.9870760440826416
1790371810141,1790371810141__sin_evaluar.jpg,sin_evaluar,1,0.9870030283927917
1790371810224,1790371810224__sin_evaluar.jpg,sin_evaluar,1,0.9812279343605042
1790371810375,1790371810375__sin_evaluar.jpg,sin_evaluar,1,0.9853856563568115
1790371810522,1790371810522__sin_evaluar.jpg,sin_evaluar,1,0.9846948981285095
1790371811028,1790371811028__sin_gesto.jpg,sin_gesto,1,0.9873064756393433
1790371811029,1790371811029__sin_evaluar.jpg,sin_evaluar,1,0.9826287627220154
1790371811099,1790371811099__sin_evaluar.jpg,sin_evaluar,1,0.9895231127738953
1790371811224,1790371811224__sin_evaluar.jpg,sin_evaluar,1,0.990795910358429
1790371811586,1790371811586__sin_evaluar.jpg,sin_evaluar,1,0.987371563911438
1790371811703,1790371811703__sin_evaluar.jpg,sin_evaluar,1,0.9870235919952393
1790371811704,1790371811704__sin_evaluar.jpg,sin_evaluar,1,0.9853802919387817
1790371811791,1790371811791__sin_evaluar.jpg,sin_evaluar,1,0.9824281930923462
1790371811925,1790371811925__sin_evaluar.jpg,sin_evaluar,1,0.9880829453468323
1790371812150,1790371812150__sin_evaluar.jpg,sin_evaluar,1,0.9857166409492493
1790371812226,1790371812226__sin_evaluar.jpg,sin_evaluar,1,0.9834784269332886
1790371812402,1790371812402__sin_evaluar.jpg,sin_evaluar,1,0.9874436855316162
1790371812534,1790371812534__sin_evaluar.jpg,sin_evaluar,1,0.9855136871337891
1790371812647,1790371812647__sin_evaluar.jpg,sin_evaluar,1,0.9856112003326416
1790371812823,1790371812823__sin_evaluar.jpg,sin_evaluar,1,0.9828327894210815
1790371812963,1790371812963__sin_evaluar.jpg,sin_evaluar,1,0.9883039593696594
1790371813079,1790371813079__sin_evaluar.jpg,sin_evaluar,1,0.9869610667228699
1790371813234,1790371813234__sin_evaluar.jpg,sin_evaluar,1,0.9834532141685486
1790371813381,1790371813381__sin_evaluar.jpg,sin_evaluar,1,0.9795374870300293
1790371813516,1790371813516__sin_evaluar.jpg,sin_evaluar,1,0.9876579642295837
1790371813684,1790371813684__sin_evaluar.jpg,sin_evaluar,1,0.9838775396347046
1790371813853,1790371813853__sin_evaluar.jpg,sin_evaluar,1,0.9828258156776428
1790371813938,1790371813938__sin_evaluar.jpg,sin_evaluar,1,0.9838406443595886
1790371814095,1790371814095__sin_evaluar.jpg,sin_evaluar,1,0.9867251515388489
1790371814228,1790371814228__sin_evaluar.jpg,sin_evaluar,1,0.9867481589317322
1790371814411,1790371814411__sin_evaluar.jpg,sin_evaluar,1,0.9841330051422119
1790371814507,1790371814507__sin_evaluar.jpg,sin_evaluar,1,0.983230471611023
1790371814671,1790371814671__sin_evaluar.jpg,sin_evaluar,1,0.979683518409729
1790371814822,1790371814822__sin_evaluar.jpg,sin_evaluar,1,0.9841741323471069
1790371814949,1790371814949__sin_evaluar.jpg,sin_evaluar,1,0.9860367774963379
1790371815188,1790371815188__sin_evaluar.jpg,sin_evaluar,1,0.9894565939903259
1790371815222,1790371815222__sin_evaluar.jpg,sin_evaluar,1,0.9853237271308899
1790371815406,1790371815406__sin_evaluar.jpg,sin_evaluar,1,0.9846631288528442
1790371815515,1790371815515__sin_evaluar.jpg,sin_evaluar,1,0.988741934299469
1790371816052,1790371816052__sin_gesto.jpg,sin_gesto,0,
1790371816052,1790371816052__sin_evaluar.jpg,sin_evaluar,1,0.9918568134307861
1790371816053,1790371816053__sin_evaluar.jpg,sin_evaluar,1,0.9729589223861694
1790371816129,1790371816129__sin_evaluar.jpg,sin_evaluar,1,0.9659875631332397
1790371816225,1790371816225__sin_evaluar.jpg,sin_evaluar,1,0.9605302810668945
1790371816387,1790371816387__sin_evaluar.jpg,sin_evaluar,1,0.9561220407485962
1790371816590,1790371816590__sin_evaluar.jpg,sin_evaluar,1,0.9731293320655823
1790371816647,1790371816647__sin_evaluar.jpg,sin_evaluar,1,0.9440687298774719
1790371816789,1790371816789__sin_evaluar.jpg,sin_evaluar,1,0.9560369253158569
1790371816953,1790371816953__sin_evaluar.jpg,sin_evaluar,1,0.948767364025116
1790371817096,1790371817096__sin_evaluar.jpg,sin_evaluar,1,0.9607862234115601
1790371817234,1790371817234__sin_evaluar.jpg,sin_evaluar,1,0.9595961570739746
1790371817442,1790371817442__sin_evaluar.jpg,sin_evaluar,1,0.9564294815063477
1790371817509,1790371817509__sin_evaluar.jpg,sin_evaluar,1,0.955470085144043
1790371817689,1790371817689__sin_evaluar.jpg,sin_evaluar,1,0.9411119818687439
1790371817809,1790371817809__sin_evaluar.jpg,sin_evaluar,1,0.9484528303146362
1790371818039,1790371818039__sin_evaluar.jpg,sin_evaluar,1,0.9429412484169006
1790371818114,1790371818114__sin_evaluar.jpg,sin_evaluar,1,0.9458595514297485
1790371818229,1790371818229__sin_evaluar.jpg,sin_evaluar,1,0.9487258195877075
1790371818377,1790371818377__sin_evaluar.jpg,sin_evaluar,1,0.956367552280426
1790371818533,1790371818533__sin_evaluar.jpg,sin_evaluar,1,0.9434643983840942
1790371818656,1790371818656__sin_evaluar.jpg,sin_evaluar,1,0.957181990146637
1790371818822,1790371818822__sin_evaluar.jpg,sin_evaluar,1,0.9573783278465271
1790371818941,1790371818941__sin_evaluar.jpg,sin_evaluar,1,0.9507116079330444
1790371819150,1790371819150__sin_evaluar.jpg,sin_evaluar,1,0.9497771263122559
1790371819238,1790371819238__sin_evaluar.jpg,sin_evaluar,1,0.9495003819465637
1790371819395,1790371819395__sin_evaluar.jpg,sin_evaluar,1,0.943891167640686
1790371819534,1790371819534__sin_evaluar.jpg,sin_evaluar,1,0.9444411993026733
1790371819658,1790371819658__sin_evaluar.jpg,sin_evaluar,1,0.9423019289970398
1790371820104,1790371820104__sin_evaluar.jpg,sin_evaluar,1,0.940776526927948
1790371820105,1790371820105__sin_evaluar.jpg,sin_evaluar,1,0.9455406069755554
1790371820148,1790371820148__sin_evaluar.jpg,sin_evaluar,1,0.9474107027053833
1790371820231,1790371820231__sin_evaluar.jpg,sin_evaluar,1,0.9523466229438782
1790371820387,1790371820387__sin_evaluar.jpg,sin_evaluar,1,0.9516997933387756
1790371820532,1790371820532__sin_evaluar.jpg,sin_evaluar,1,0.9536377787590027
1790371821104,1790371821104__sin_gesto.jpg,sin_gesto,1,0.9423877000808716
1790371821105,1790371821105__sin_evaluar.jpg,sin_evaluar,1,0.9553020596504211
1790371821106,1790371821106__sin_evaluar.jpg,sin_evaluar,1,0.9490816593170166
1790371821235,1790371821235__sin_evaluar.jpg,sin_evaluar,1,0.9429186582565308
1790371821398,1790371821398__sin_evaluar.jpg,sin_evaluar,1,0.9545741677284241
1790371821526,1790371821526__sin_evaluar.jpg,sin_evaluar,1,0.9582656025886536
1790371821662,1790371821662__sin_evaluar.jpg,sin_evaluar,1,0.9567835927009583
1790371821819,1790371821819__sin_evaluar.jpg,sin_evaluar,1,0.9534818530082703
1790371822031,1790371822031__sin_evaluar.jpg,sin_evaluar,1,0.9495453238487244
1790371822132,1790371822132__sin_evaluar.jpg,sin_evaluar,1,0.9483625888824463
1790371822231,1790371822231__sin_evaluar.jpg,sin_evaluar,1,0.9443928599357605
1790371822418,1790371822418__sin_evaluar.jpg,sin_evaluar,1,0.941194474697113
1790371822505,1790371822505__sin_evaluar.jpg,sin_evaluar,1,0.9517876505851746
1790371822682,1790371822682__sin_evaluar.jpg,sin_evaluar,1,0.9325857162475586
1790371822811,1790371822811__sin_evaluar.jpg,sin_evaluar,1,0.947425365447998
1790371822982,1790371822982__sin_evaluar.jpg,sin_evaluar,1,0.9464974999427795
1790371823126,1790371823126__sin_evaluar.jpg,sin_evaluar,1,0.9425696134567261
1790371823246,1790371823246__sin_evaluar.jpg,sin_evaluar,1,0.9480786919593811
1790371823442,1790371823442__sin_evaluar.jpg,sin_evaluar,1,0.9548697471618652
1790371823518,1790371823518__sin_evaluar.jpg,sin_evaluar,1,0.9548512697219849
1790371823683,1790371823683__sin_evaluar.jpg,sin_evaluar,1,0.9407743215560913
1790371823827,1790371823827__sin_evaluar.jpg,sin_evaluar,1,0.950276792049408
1790371823947,1790371823947__sin_evaluar.jpg,sin_evaluar,1,0.958065390586853
1790371824106,1790371824106__sin_evaluar.jpg,sin_evaluar,1,0.9556454420089722
1790371824290,1790371824290__sin_evaluar.jpg,sin_evaluar,1,0.9620449542999268
1790371824369,1790371824369__sin_evaluar.jpg,sin_evaluar,1,0.952713131904602
1790371824539,1790371824539__sin_evaluar.jpg,sin_evaluar,1,0.9633063077926636
1790371824666,1790371824666__sin_evaluar.jpg,sin_evaluar,1,0.9657840132713318
1790371824811,1790371824811__sin_evaluar.jpg,sin_evaluar,1,0.9501806497573853
1790371824955,1790371824955__sin_evaluar.jpg,sin_evaluar,1,0.968381404876709
1790371825100,1790371825100__sin_evaluar.jpg,sin_evaluar,1,0.9561865925788879
1790371825256,1790371825256__sin_evaluar.jpg,sin_evaluar,1,0.9585326313972473
1790371825401,1790371825401__sin_evaluar.jpg,sin_evaluar,1,0.9604103565216064
1790371825536,1790371825536__sin_evaluar.jpg,sin_evaluar,1,0.9683918356895447
1790371825683,1790371825683__sin_evaluar.jpg,sin_evaluar,1,0.9663452506065369
1790371826221,1790371826221__sin_gesto.jpg,sin_gesto,1,0.9649094343185425
1790371826222,1790371826222__sin_evaluar.jpg,sin_evaluar,1,0.9645610451698303
1790371826263,1790371826263__sin_evaluar.jpg,sin_evaluar,1,0.967656135559082
1790371826271,1790371826271__sin_evaluar.jpg,sin_evaluar,1,0.9637690186500549
1790371826383,1790371826383__sin_evaluar.jpg,sin_evaluar,1,0.9671029448509216
1790371826598,1790371826598__sin_evaluar.jpg,sin_evaluar,1,0.9701546430587769
1790371826657,1790371826657__sin_evaluar.jpg,sin_evaluar,1,0.9706488251686096
1790371826812,1790371826812__sin_evaluar.jpg,sin_evaluar,1,0.973469614982605
1790371826973,1790371826973__sin_evaluar.jpg,sin_evaluar,1,0.9692428708076477
1790371827107,1790371827107__sin_evaluar.jpg,sin_evaluar,1,0.9711649417877197
1790371827246,1790371827246__sin_evaluar.jpg,sin_evaluar,1,0.9855498671531677
1790371827397,1790371827397__sin_evaluar.jpg,sin_evaluar,1,0.9927245378494263
1790371827543,1790371827543__sin_evaluar.jpg,sin_evaluar,1,0.9910860061645508
1790371827686,1790371827686__sin_evaluar.jpg,sin_evaluar,1,0.9912929534912109
1790371827827,1790371827827__sin_evaluar.jpg,sin_evaluar,1,0.9909950494766235
1790371827975,1790371827975__sin_evaluar.jpg,sin_evaluar,1,0.9905440211296082
1790371828097,1790371828097__sin_evaluar.jpg,sin_evaluar,1,0.989538311958313
1790371828307,1790371828307__sin_evaluar.jpg,sin_evaluar,1,0.9911105036735535
1790371828387,1790371828387__sin_evaluar.jpg,sin_evaluar,1,0.9817834496498108
1790371828585,1790371828585__sin_evaluar.jpg,sin_evaluar,1,0.9755039215087891
1790371828657,1790371828657__sin_evaluar.jpg,sin_evaluar,1,0.9641844034194946
1790371828865,1790371828865__sin_evaluar.jpg,sin_evaluar,1,0.963574230670929
1790371828961,1790371828961__sin_evaluar.jpg,sin_evaluar,1,0.9749085307121277
1790371829106,1790371829106__sin_evaluar.jpg,sin_evaluar,1,0.9472516775131226
1790371829254,1790371829254__sin_evaluar.jpg,sin_evaluar,1,0.970981776714325
1790371829441,1790371829441__sin_evaluar.jpg,sin_evaluar,1,0.9611175656318665
1790371829547,1790371829547__sin_evaluar.jpg,sin_evaluar,1,0.964559018611908
1790371829684,1790371829684__sin_evaluar.jpg,sin_evaluar,1,0.9843883514404297
1790371829824,1790371829824__sin_evaluar.jpg,sin_evaluar,1,0.9895561933517456
1790371829963,1790371829963__sin_evaluar.jpg,sin_evaluar,1,0.9890888333320618
1790371830117,1790371830117__sin_evaluar.jpg,sin_evaluar,1,0.9764755368232727
1790371830244,1790371830244__sin_evaluar.jpg,sin_evaluar,1,0.9786060452461243
1790371830407,1790371830407__sin_evaluar.jpg,sin_evaluar,1,0.9839199185371399
1790371830527,1790371830527__sin_evaluar.jpg,sin_evaluar,1,0.9957273602485657
1790371830676,1790371830676__sin_evaluar.jpg,sin_evaluar,1,0.99337238073349
1790371831402,1790371831402__sin_evaluar.jpg,sin_evaluar,1,0.9957602620124817
1790371831402,1790371831402__sin_gesto.jpg,sin_gesto,1,0.9930939078330994
1790371831403,1790371831403__sin_evaluar.jpg,sin_evaluar,1,0.9904190897941589
1790371831527,1790371831527__sin_evaluar.jpg,sin_evaluar,1,0.9934893846511841
1790371831676,1790371831676__sin_evaluar.jpg,sin_evaluar,1,0.9940770268440247
1790371831843,1790371831843__sin_evaluar.jpg,sin_evaluar,1,0.9905954599380493
1790371831981,1790371831981__sin_evaluar.jpg,sin_evaluar,1,0.9871666431427002
1790371832095,1790371832095__sin_evaluar.jpg,sin_evaluar,1,0.9852479100227356
1790371832311,1790371832311__sin_evaluar.jpg,sin_evaluar,1,0.9852870106697083
1790371832399,1790371832399__sin_evaluar.jpg,sin_evaluar,1,0.9892379641532898
1790371832578,1790371832578__sin_evaluar.jpg,sin_evaluar,1,0.9812480211257935
1790371832669,1790371832669__sin_evaluar.jpg,sin_evaluar,1,0.9811371564865112
1790371832843,1790371832843__sin_evaluar.jpg,sin_evaluar,1,0.9927273988723755
1790371832995,1790371832995__sin_evaluar.jpg,sin_evaluar,1,0.9930120706558228
1790371833105,1790371833105__sin_evaluar.jpg,sin_evaluar,1,0.9945979118347168
1790371833287,1790371833287__sin_evaluar.jpg,sin_evaluar,1,0.9940983057022095
1790371833393,1790371833393__sin_evaluar.jpg,sin_evaluar,1,0.9922012686729431
1790371833532,1790371833532__sin_evaluar.jpg,sin_evaluar,1,0.99132239818573
1790371833675,1790371833675__sin_evaluar.jpg,sin_evaluar,1,0.9927117824554443
1790371833819,1790371833819__sin_evaluar.jpg,sin_evaluar,1,0.9943900108337402
1790371833988,1790371833988__sin_evaluar.jpg,sin_evaluar,1,0.9938700199127197
1790371834108,1790371834108__sin_evaluar.jpg,sin_evaluar,1,0.9918006062507629
1790371834260,1790371834260__sin_evaluar.jpg,sin_evaluar,1,0.9896066784858704
1790371834392,1790371834392__sin_evaluar.jpg,sin_evaluar,1,0.9914370775222778
1790371834539,1790371834539__sin_evaluar.jpg,sin_evaluar,1,0.9894225597381592
1790371834703,1790371834703__sin_evaluar.jpg,sin_evaluar,1,0.9878991842269897
1790371834837,1790371834837__sin_evaluar.jpg,sin_evaluar,1,0.9826525449752808
1790371834982,1790371834982__sin_evaluar.jpg,sin_evaluar,1,0.9922796487808228
1790371835107,1790371835107__sin_evaluar.jpg,sin_evaluar,1,0.9879634380340576
1790371835247,1790371835247__sin_evaluar.jpg,sin_evaluar,1,0.99373459815979
1790371835413,1790371835413__sin_evaluar.jpg,sin_evaluar,1,0.9946516156196594
1790371835529,1790371835529__sin_evaluar.jpg,sin_evaluar,1,0.990929126739502
1790371835689,1790371835689__sin_evaluar.jpg,sin_evaluar,1,0.9906798005104065
1790371835829,1790371835829__sin_evaluar.jpg,sin_evaluar,1,0.9940053820610046
1790371835961,1790371835961__sin_evaluar.jpg,sin_evaluar,1,0.9867075085639954
1790371836463,1790371836463__sin_evaluar.jpg,sin_evaluar,1,0.9920218586921692
1790371836463,1790371836463__sin_gesto.jpg,sin_gesto,1,0.9926447868347168
1790371836542,1790371836542__sin_evaluar.jpg,sin_evaluar,1,0.9930813908576965
1790371836669,1790371836669__sin_evaluar.jpg,sin_evaluar,1,0.9942476749420166
1790371836825,1790371836825__sin_evaluar.jpg,sin_evaluar,1,0.9943453669548035
1790371836977,1790371836977__sin_evaluar.jpg,sin_evaluar,1,0.9779967069625854
1790371837101,1790371837101__sin_evaluar.jpg,sin_evaluar,1,0.9834305644035339
1790371837268,1790371837268__sin_evaluar.jpg,sin_evaluar,1,0.9868447184562683
1790371837397,1790371837397__sin_evaluar.jpg,sin_evaluar,1,0.9939159154891968
1790371837549,1790371837549__sin_evaluar.jpg,sin_evaluar,1,0.9898195266723633
1790371837674,1790371837674__sin_evaluar.jpg,sin_evaluar,1,0.9932255744934082
1790371837833,1790371837833__sin_evaluar.jpg,sin_evaluar,1,0.9929147362709045
1790371837950,1790371837950__sin_evaluar.jpg,sin_evaluar,1,0.9920026063919067
1790371838130,1790371838130__sin_evaluar.jpg,sin_evaluar,1,0.9933991432189941
1790371838238,1790371838238__sin_evaluar.jpg,sin_evaluar,1,0.9940782785415649
1790371838417,1790371838417__sin_evaluar.jpg,sin_evaluar,1,0.9943501949310303
1790371838526,1790371838526__sin_evaluar.jpg,sin_evaluar,1,0.991801381111145
1790371838697,1790371838697__sin_evaluar.jpg,sin_evaluar,1,0.9883319139480591
1790371838937,1790371838937__sin_evaluar.jpg,sin_evaluar,1,0.9795180559158325
1790371839002,1790371839002__sin_evaluar.jpg,sin_evaluar,1,0.9897797107696533
1790371839110,1790371839110__sin_evaluar.jpg,sin_evaluar,1,0.9855953454971313
1790371839269,1790371839269__sin_evaluar.jpg,sin_evaluar,1,0.9868679046630859
1790371839392,1790371839392__sin_evaluar.jpg,sin_evaluar,1,0.9889376163482666
1790371839550,1790371839550__sin_evaluar.jpg,sin_evaluar,1,0.9866093993186951
1790371839687,1790371839687__sin_evaluar.jpg,sin_evaluar,1,0.9879264831542969
1790371839827,1790371839827__sin_evaluar.jpg,sin_evaluar,1,0.9895178079605103
1790371839977,1790371839977__sin_evaluar.jpg,sin_evaluar,1,0.9929922819137573
1790371840149,1790371840149__sin_evaluar.jpg,sin_evaluar,1,0.992821216583252
1790371840258,1790371840258__sin_evaluar.jpg,sin_evaluar,1,0.9894644021987915
1790371840393,1790371840393__sin_evaluar.jpg,sin_evaluar,1,0.9855478405952454
1790371840576,1790371840576__sin_evaluar.jpg,sin_evaluar,1,0.9927304983139038
1790371840676,1790371840676__sin_evaluar.jpg,sin_evaluar,1,0.994464635848999
1790371840825,1790371840825__sin_evaluar.jpg,sin_evaluar,1,0.9969699382781982
1790371840996,1790371840996__sin_evaluar.jpg,sin_evaluar,1,0.9968430399894714
1790371841105,1790371841105__sin_evaluar.jpg,sin_evaluar,1,0.9959545731544495
1790371841717,1790371841717__puño_cerrado_0.84.jpg,puño_cerrado_0.84,1,0.9968875050544739
1790371841717,1790371841717__sin_evaluar.jpg,sin_evaluar,1,0.9898934364318848
1790371841718,1790371841718__sin_evaluar.jpg,sin_evaluar,1,0.9933533668518066
1790371841817,1790371841817__sin_evaluar.jpg,sin_evaluar,1,0.9851824045181274
1790371841977,1790371841977__sin_evaluar.jpg,sin_evaluar,1,0.9925848245620728
1790371842108,1790371842108__sin_evaluar.jpg,sin_evaluar,1,0.9923139214515686
1790371842257,1790371842257__sin_evaluar.jpg,sin_evaluar,1,0.9931790828704834
1790371842404,1790371842404__sin_evaluar.jpg,sin_evaluar,1,0.9944412112236023
1790371842640,1790371842640__sin_evaluar.jpg,sin_evaluar,1,0.9940359592437744
1790371842712,1790371842712__sin_evaluar.jpg,sin_evaluar,1,0.994472861289978
1790371842836,1790371842836__sin_evaluar.jpg,sin_evaluar,1,0.9947417378425598
1790371842989,1790371842989__sin_evaluar.jpg,sin_evaluar,1,0.9929889440536499
1790371843111,1790371843111__sin_evaluar.jpg,sin_evaluar,1,0.9940752387046814
1790371843265,1790371843265__sin_evaluar.jpg,sin_evaluar,1,0.9949724674224854
1790371843388,1790371843388__sin_evaluar.jpg,sin_evaluar,1,0.9954231977462769
1790371843555,1790371843555__sin_evaluar.jpg,sin_evaluar,1,0.994823694229126
1790371843672,1790371843672__sin_evaluar.jpg,sin_evaluar,1,0.9964805841445923
1790371843856,1790371843856__sin_evaluar.jpg,sin_evaluar,1,0.9931442141532898
1790371843990,1790371843990__sin_evaluar.jpg,sin_evaluar,1,0.994857132434845
1790371844116,1790371844116__sin_evaluar.jpg,sin_evaluar,1,0.9958442449569702
1790371844328,1790371844328__sin_evaluar.jpg,sin_evaluar,1,0.9940484166145325
1790371844397,1790371844397__sin_evaluar.jpg,sin_evaluar,1,0.9951003789901733
1790371844568,1790371844568__sin_evaluar.jpg,sin_evaluar,1,0.9938676953315735
1790371844684,1790371844684__sin_evaluar.jpg,sin_evaluar,1,0.9972350001335144
1790371844957,1790371844957__sin_evaluar.jpg,sin_evaluar,1,0.997487485408783
1790371844989,1790371844989__sin_evaluar.jpg,sin_evaluar,1,0.9946969151496887
1790371845108,1790371845108__sin_evaluar.jpg,sin_evaluar,1,0.9962880611419678
1790371845267,1790371845267__sin_evaluar.jpg,sin_evaluar,1,0.9951953291893005
1790371845397,1790371845397__sin_evaluar.jpg,sin_evaluar,1,0.9979628920555115
1790371845542,1790371845542__sin_evaluar.jpg,sin_evaluar,1,0.996788740158081
1790371845700,1790371845700__sin_evaluar.jpg,sin_evaluar,1,0.9972193837165833
1790371845837,1790371845837__sin_evaluar.jpg,sin_evaluar,1,0.9972564578056335
1790371845976,1790371845976__sin_evaluar.jpg,sin_evaluar,1,0.9962045550346375
1790371846137,1790371846137__sin_evaluar.jpg,sin_evaluar,1,0.997048556804657
1790371846277,1790371846277__sin_evaluar.jpg,sin_evaluar,1,0.9963155388832092
1790371846767,1790371846767__sin_evaluar.jpg,sin_evaluar,1,0.9976493120193481
1790371846767,1790371846767__sin_gesto.jpg,sin_gesto,1,0.9971853494644165
1790371846838,1790371846838__sin_evaluar.jpg,sin_evaluar,1,0.9943311214447021
1790371847002,1790371847002__sin_evaluar.jpg,sin_evaluar,1,0.9938406348228455
1790371847130,1790371847130__sin_evaluar.jpg,sin_evaluar,1,0.9964811205863953
1790371847331,1790371847331__sin_evaluar.jpg,sin_evaluar,1,0.9975862503051758
1790371847412,1790371847412__sin_evaluar.jpg,sin_evaluar,1,0.9965954422950745
1790371847545,1790371847545__sin_evaluar.jpg,sin_evaluar,1,0.9973645806312561
1790371847678,1790371847678__sin_evaluar.jpg,sin_evaluar,1,0.9960865378379822
1790371847876,1790371847876__sin_evaluar.jpg,sin_evaluar,1,0.9968523383140564
1790371847985,1790371847985__sin_evaluar.jpg,sin_evaluar,1,0.9974337220191956
1790371848230,1790371848230__sin_evaluar.jpg,sin_evaluar,1,0.9978110790252686
1790371848257,1790371848257__sin_evaluar.jpg,sin_evaluar,1,0.9964964389801025
1790371848409,1790371848409__sin_evaluar.jpg,sin_evaluar,1,0.9987169504165649
1790371848553,1790371848553__sin_evaluar.jpg,sin_evaluar,1,0.9969128966331482
1790371848680,1790371848680__sin_evaluar.jpg,sin_evaluar,1,0.9985386729240417
1790371848859,1790371848859__sin_evaluar.jpg,sin_evaluar,1,0.9980881214141846
1790371848973,1790371848973__sin_evaluar.jpg,sin_evaluar,1,0.9982194900512695
1790371849137,1790371849137__sin_evaluar.jpg,sin_evaluar,1,0.9983917474746704
1790371849293,1790371849293__sin_evaluar.jpg,sin_evaluar,1,0.9983847737312317
1790371849417,1790371849417__sin_evaluar.jpg,sin_evaluar,1,0.9982004165649414
1790371849537,1790371849537__sin_evaluar.jpg,sin_evaluar,1,0.9985392689704895
1790371849782,1790371849782__sin_evaluar.jpg,sin_evaluar,1,0.9976990222930908
1790371849837,1790371849837__sin_evaluar.jpg,sin_evaluar,1,0.9975449442863464
1790371849972,1790371849972__sin_evaluar.jpg,sin_evaluar,1,0.9972110390663147
1790371850111,1790371850111__sin_evaluar.jpg,sin_evaluar,1,0.9967712163925171
1790371850258,1790371850258__sin_evaluar.jpg,sin_evaluar,1,0.998043417930603
1790371850428,1790371850428__sin_evaluar.jpg,sin_evaluar,1,0.9971606135368347
1790371850920,1790371850920__sin_evaluar.jpg,sin_evaluar,1,0.9957997798919678
1790371850922,1790371850922__sin_evaluar.jpg,sin_evaluar,1,0.9975619912147522
1790371850925,1790371850925__sin_evaluar.jpg,sin_evaluar,1,0.9967972040176392
1790371851000,1790371851000__sin_evaluar.jpg,sin_evaluar,1,0.9983974099159241
1790371851108,1790371851108__sin_evaluar.jpg,sin_evaluar,1,0.9969791769981384
1790371851928,1790371851928__sin_gesto.jpg,sin_gesto,1,0.9984485507011414
1790371851929,1790371851929__sin_evaluar.jpg,sin_evaluar,1,0.998102068901062
1790371851930,1790371851930__sin_evaluar.jpg,sin_evaluar,1,0.9957073926925659
1790371851984,1790371851984__sin_evaluar.jpg,sin_evaluar,1,0.9902234077453613
1790371852137,1790371852137__sin_evaluar.jpg,sin_evaluar,1,0.9903476238250732
1790371852276,1790371852276__sin_evaluar.jpg,sin_evaluar,1,0.9813204407691956
1790371852408,1790371852408__sin_evaluar.jpg,sin_evaluar,0,
1790371852559,1790371852559__sin_evaluar.jpg,sin_evaluar,1,0.9858860373497009
1790371852683,1790371852683__sin_evaluar.jpg,sin_evaluar,1,0.9581336975097656
1790371852837,1790371852837__sin_evaluar.jpg,sin_evaluar,1,0.9724219441413879
1790371852991,1790371852991__sin_evaluar.jpg,sin_evaluar,1,0.9527291059494019
1790371853268,1790371853268__sin_evaluar.jpg,sin_evaluar,1,0.9565969705581665
1790371853278,1790371853278__sin_evaluar.jpg,sin_evaluar,1,0.982359766960144
1790371853430,1790371853430__sin_evaluar.jpg,sin_evaluar,1,0.9866155982017517
1790371853557,1790371853557__sin_evaluar.jpg,sin_evaluar,1,0.9935668706893921
1790371853701,1790371853701__sin_evaluar.jpg,sin_evaluar,0,
1790371853853,1790371853853__sin_evaluar.jpg,sin_evaluar,1,0.9942660927772522
1790371853993,1790371853993__sin_evaluar.jpg,sin_evaluar,1,0.9956887364387512
1790371854131,1790371854131__sin_evaluar.jpg,sin_evaluar,1,0.9926789402961731
1790371854284,1790371854284__sin_evaluar.jpg,sin_evaluar,1,0.9973458051681519
1790371854409,1790371854409__sin_evaluar.jpg,sin_evaluar,1,0.9988294839859009
1790371854619,1790371854619__sin_evaluar.jpg,sin_evaluar,1,0.9973337054252625
1790371854751,1790371854751__sin_evaluar.jpg,sin_evaluar,1,0.9980961084365845
1790371854844,1790371854844__sin_evaluar.jpg,sin_evaluar,1,0.9971418976783752
1790371855056,1790371855056__sin_evaluar.jpg,sin_evaluar,1,0.9968895316123962
1790371855127,1790371855127__sin_evaluar.jpg,sin_evaluar,1,0.9962343573570251
1790371855289,1790371855289__sin_evaluar.jpg,sin_evaluar,1,0.9978969097137451
1790371855429,1790371855429__sin_evaluar.jpg,sin_evaluar,1,0.9979673624038696
1790371855572,1790371855572__sin_evaluar.jpg,sin_evaluar,1,0.9933218955993652
1790371855784,1790371855784__sin_evaluar.jpg,sin_evaluar,1,0.996023416519165
1790371855842,1790371855842__sin_evaluar.jpg,sin_evaluar,1,0.9939606785774231
1790371856003,1790371856003__sin_evaluar.jpg,sin_evaluar,1,0.995853841304779
1790371856136,1790371856136__sin_evaluar.jpg,sin_evaluar,1,0.9935590624809265
1790371856300,1790371856300__sin_evaluar.jpg,sin_evaluar,1,0.9855296611785889
1790371856416,1790371856416__sin_evaluar.jpg,sin_evaluar,1,0.9873773455619812
1790371856946,1790371856946__sin_evaluar.jpg,sin_evaluar,1,0.9871629476547241
1790371856946,1790371856946__sin_gesto.jpg,sin_gesto,1,0.9893498420715332
1790371856947,1790371856947__sin_evaluar.jpg,sin_evaluar,1,0.9885182976722717
1790371857009,1790371857009__sin_evaluar.jpg,sin_evaluar,1,0.9885590076446533
1790371857128,1790371857128__sin_evaluar.jpg,sin_evaluar,1,0.988377034664154
1790371857290,1790371857290__sin_evaluar.jpg,sin_evaluar,1,0.9878515005111694
1790371857411,1790371857411__sin_evaluar.jpg,sin_evaluar,1,0.989443302154541
1790371857577,1790371857577__sin_evaluar.jpg,sin_evaluar,1,0.9870425462722778
1790371857693,1790371857693__sin_evaluar.jpg,sin_evaluar,1,0.9863209128379822
1790371857858,1790371857858__sin_evaluar.jpg,sin_evaluar,1,0.982615053653717
1790371858017,1790371858017__sin_evaluar.jpg,sin_evaluar,1,0.993952214717865
1790371858133,1790371858133__sin_evaluar.jpg,sin_evaluar,1,0.9851616621017456
1790371858269,1790371858269__sin_evaluar.jpg,sin_evaluar,1,0.9815546870231628
1790371858409,1790371858409__sin_evaluar.jpg,sin_evaluar,1,0.9898967146873474
1790371858576,1790371858576__sin_evaluar.jpg,sin_evaluar,1,0.9863908290863037
1790371858710,1790371858710__sin_evaluar.jpg,sin_evaluar,1,0.9794712662696838
1790371858850,1790371858850__sin_evaluar.jpg,sin_evaluar,1,0.9901312589645386
1790371858989,1790371858989__sin_evaluar.jpg,sin_evaluar,1,0.98178631067276
1790371859137,1790371859137__sin_evaluar.jpg,sin_evaluar,1,0.9843460321426392
1790371859329,1790371859329__sin_evaluar.jpg,sin_evaluar,1,0.9857348799705505
1790371859428,1790371859428__sin_evaluar.jpg,sin_evaluar,1,0.9837911128997803
1790371859589,1790371859589__sin_evaluar.jpg,sin_evaluar,1,0.9859077334403992
1790371859700,1790371859700__sin_evaluar.jpg,sin_evaluar,1,0.988815426826477
1790371859850,1790371859850__sin_evaluar.jpg,sin_evaluar,1,0.9863621592521667
1790371860022,1790371860022__sin_evaluar.jpg,sin_evaluar,1,0.9763748049736023
1790371860137,1790371860137__sin_evaluar.jpg,sin_evaluar,1,0.9894471168518066
1790371860264,1790371860264__sin_evaluar.jpg,sin_evaluar,1,0.986731231212616
1790371860551,1790371860551__sin_evaluar.jpg,sin_evaluar,1,0.9888814687728882
1790371860572,1790371860572__sin_evaluar.jpg,sin_evaluar,1,0.9815346002578735
1790371860707,1790371860707__sin_evaluar.jpg,sin_evaluar,1,0.9861865043640137
1790371860849,1790371860849__sin_evaluar.jpg,sin_evaluar,1,0.980678141117096
1790371861009,1790371861009__sin_evaluar.jpg,sin_evaluar,1,0.9882948398590088
1790371861149,1790371861149__sin_evaluar.jpg,sin_evaluar,1,0.9873802661895752
1790371861283,1790371861283__sin_evaluar.jpg,sin_evaluar,1,0.9862197637557983
1790371861436,1790371861436__sin_evaluar.jpg,sin_evaluar,1,0.9841881990432739
1790371861560,1790371861560__sin_evaluar.jpg,sin_evaluar,1,0.9825358390808105
1790371862091,1790371862091__dedo_pulgar_0.72.jpg,dedo_pulgar_0.72,1,0.9779535531997681
1790371862091,1790371862091__sin_evaluar.jpg,sin_evaluar,1,0.9700878262519836
1790371862141,1790371862141__sin_evaluar.jpg,sin_evaluar,1,0.9635538458824158
1790371862286,1790371862286__sin_evaluar.jpg,sin_evaluar,1,0.9827632308006287
1790371862425,1790371862425__sin_evaluar.jpg,sin_evaluar,1,0.9718814492225647
1790371862561,1790371862561__sin_evaluar.jpg,sin_evaluar,1,0.9913581609725952
1790371862959,1790371862959__sin_evaluar.jpg,sin_evaluar,1,0.9940485954284668
1790371862962,1790371862962__sin_evaluar.jpg,sin_evaluar,1,0.9948536157608032
1790371863016,1790371863016__sin_evaluar.jpg,sin_evaluar,1,0.9832684397697449
1790371863130,1790371863130__sin_evaluar.jpg,sin_evaluar,1,0.9832136631011963
1790371863275,1790371863275__sin_evaluar.jpg,sin_evaluar,1,0.9855974912643433
1790371863430,1790371863430__sin_evaluar.jpg,sin_evaluar,1,0.9613061547279358
1790371863563,1790371863563__sin_evaluar.jpg,sin_evaluar,1,0.9909967184066772
1790371863706,1790371863706__sin_evaluar.jpg,sin_evaluar,1,0.9905925989151001
1790371863877,1790371863877__sin_evaluar.jpg,sin_evaluar,1,0.9801002740859985
1790371864017,1790371864017__sin_evaluar.jpg,sin_evaluar,1,0.9860597848892212
1790371864378,1790371864378__sin_evaluar.jpg,sin_evaluar,1,0.9789283275604248
1790371864379,1790371864379__sin_evaluar.jpg,sin_evaluar,1,0.9877380728721619
1790371864421,1790371864421__sin_evaluar.jpg,sin_evaluar,1,0.9801549911499023
1790371864569,1790371864569__sin_evaluar.jpg,sin_evaluar,1,0.9771908521652222
1790371864705,1790371864705__sin_evaluar.jpg,sin_evaluar,1,0.9837417006492615
1790371864837,1790371864837__sin_evaluar.jpg,sin_evaluar,1,0.9793402552604675
1790371865018,1790371865018__sin_evaluar.jpg,sin_evaluar,1,0.9868699312210083
1790371865119,1790371865119__sin_evaluar.jpg,sin_evaluar,1,0.9880900382995605
1790371865365,1790371865365__sin_evaluar.jpg,sin_evaluar,1,0.9790776968002319
1790371865421,1790371865421__sin_evaluar.jpg,sin_evaluar,1,0.9863220453262329
1790371865596,1790371865596__sin_evaluar.jpg,sin_evaluar,1,0.9944872260093689
1790371865717,1790371865717__sin_evaluar.jpg,sin_evaluar,1,0.9896366000175476
1790371865857,1790371865857__sin_evaluar.jpg,sin_evaluar,1,0.9893195033073425
1790371865991,1790371865991__sin_evaluar.jpg,sin_evaluar,1,0.9838383197784424
1790371866151,1790371866151__sin_evaluar.jpg,sin_evaluar,1,0.9903680682182312
1790371866305,1790371866305__sin_evaluar.jpg,sin_evaluar,1,0.9928339123725891
1790371866429,1790371866429__sin_evaluar.jpg,sin_evaluar,1,0.9744902849197388
1790371866637,1790371866637__sin_evaluar.jpg,sin_evaluar,1,0.9912756681442261
1790371866723,1790371866723__sin_evaluar.jpg,sin_evaluar,1,0.9880259037017822
1790371867224,1790371867224__dedo_pulgar_0.88.jpg,dedo_pulgar_0.88,1,0.9810569882392883
1790371867225,1790371867225__sin_evaluar.jpg,sin_evaluar,1,0.9942949414253235
1790371867274,1790371867274__sin_evaluar.jpg,sin_evaluar,1,0.9831970930099487
1790371867423,1790371867423__sin_evaluar.jpg,sin_evaluar,1,0.9693516492843628
1790371867555,1790371867555__sin_evaluar.jpg,sin_evaluar,1,0.9803568720817566
1790371867756,1790371867756__sin_evaluar.jpg,sin_evaluar,1,0.9616656303405762
1790371867844,1790371867844__sin_evaluar.jpg,sin_evaluar,1,0.9742773175239563
1790371867997,1790371867997__sin_evaluar.jpg,sin_evaluar,1,0.9807966947555542
1790371868145,1790371868145__sin_evaluar.jpg,sin_evaluar,1,0.9923283457756042
1790371868289,1790371868289__sin_evaluar.jpg,sin_evaluar,1,0.9912062883377075
1790371868429,1790371868429__sin_evaluar.jpg,sin_evaluar,1,0.9835637211799622
1790371868597,1790371868597__sin_evaluar.jpg,sin_evaluar,1,0.9878552556037903
1790371868712,1790371868712__sin_evaluar.jpg,sin_evaluar,1,0.9879264235496521
1790371869045,1790371869045__sin_evaluar.jpg,sin_evaluar,1,0.9720703363418579
1790371869053,1790371869053__sin_evaluar.jpg,sin_evaluar,1,0.9893605709075928
1790371869141,1790371869141__sin_evaluar.jpg,sin_evaluar,1,0.9865260124206543
1790371869277,1790371869277__sin_evaluar.jpg,sin_evaluar,1,0.9885518550872803
1790371869438,1790371869438__sin_evaluar.jpg,sin_evaluar,1,0.988746166229248
1790371869583,1790371869583__sin_evaluar.jpg,sin_evaluar,1,0.9897679686546326
1790371869701,1790371869701__sin_evaluar.jpg,sin_evaluar,1,0.9949283003807068
1790371869892,1790371869892__sin_evaluar.jpg,sin_evaluar,1,0.9804068207740784
1790371870057,1790371870057__sin_evaluar.jpg,sin_evaluar,1,0.9806049466133118
1790371870145,1790371870145__sin_evaluar.jpg,sin_evaluar,1,0.9838005900382996
1790371870265,1790371870265__sin_evaluar.jpg,sin_evaluar,1,0.9845436215400696
1790371870452,1790371870452__sin_evaluar.jpg,sin_evaluar,1,0.9922085404396057
1790371870570,1790371870570__sin_evaluar.jpg,sin_evaluar,1,0.9888002276420593
1790371870715,1790371870715__sin_evaluar.jpg,sin_evaluar,1,0.9923708438873291
1790371870884,1790371870884__sin_evaluar.jpg,sin_evaluar,1,0.9901469349861145
1790371871011,1790371871011__sin_evaluar.jpg,sin_evaluar,1,0.9910924434661865
1790371871195,1790371871195__sin_evaluar.jpg,sin_evaluar,1,0.9865278601646423
1790371871344,1790371871344__sin_evaluar.jpg,sin_evaluar,1,0.9860439896583557
1790371871450,1790371871450__sin_evaluar.jpg,sin_evaluar,1,0.9862546324729919
1790371871577,1790371871577__sin_evaluar.jpg,sin_evaluar,1,0.9755714535713196
1790371871712,1790371871712__sin_evaluar.jpg,sin_evaluar,1,0.9814355969429016
1790371872243,1790371872243__dedo_menique_1.00.jpg,dedo_menique_1.00,1,0.9796174168586731
1790371872244,1790371872244__sin_evaluar.jpg,sin_evaluar,1,0.973388671875
1790371872281,1790371872281__sin_evaluar.jpg,sin_evaluar,1,0.9754976630210876
1790371872424,1790371872424__sin_evaluar.jpg,sin_evaluar,1,0.9682630896568298
1790371872617,1790371872617__sin_evaluar.jpg,sin_evaluar,1,0.9755533337593079
1790371872705,1790371872705__sin_evaluar.jpg,sin_evaluar,1,0.9855871796607971
1790371872875,1790371872875__sin_evaluar.jpg,sin_evaluar,1,0.9879380464553833
1790371873016,1790371873016__sin_evaluar.jpg,sin_evaluar,1,0.984998345375061
1790371873125,1790371873125__sin_evaluar.jpg,sin_evaluar,1,0.9862293004989624
1790371873296,1790371873296__sin_evaluar.jpg,sin_evaluar,1,0.9705496430397034
1790371873444,1790371873444__sin_evaluar.jpg,sin_evaluar,1,0.9838441610336304
1790371873577,1790371873577__sin_evaluar.jpg,sin_evaluar,1,0.9817964434623718
1790371873737,1790371873737__sin_evaluar.jpg,sin_evaluar,1,0.9746729135513306
1790371873858,1790371873858__sin_evaluar.jpg,sin_evaluar,1,0.9342422485351562
1790371874017,1790371874017__sin_evaluar.jpg,sin_evaluar,1,0.9774956703186035
1790371874566,1790371874566__sin_evaluar.jpg,sin_evaluar,1,0.9917836785316467
1790371874568,1790371874568__sin_evaluar.jpg,sin_evaluar,1,0.9924874305725098
1790371874570,1790371874570__sin_evaluar.jpg,sin_evaluar,1,0.8392864465713501
1790371874580,1790371874580__sin_evaluar.jpg,sin_evaluar,1,0.9957082271575928
1790371875064,1790371875064__sin_evaluar.jpg,sin_evaluar,1,0.8739225268363953
1790371875067,1790371875067__sin_evaluar.jpg,sin_evaluar,1,0.9785689115524292
1790371875135,1790371875135__sin_evaluar.jpg,sin_evaluar,1,0.967594563961029
1790371875160,1790371875160__sin_evaluar.jpg,sin_evaluar,1,0.9652625322341919
1790371875297,1790371875297__sin_evaluar.jpg,sin_evaluar,1,0.9485816955566406
1790371875459,1790371875459__sin_evaluar.jpg,sin_evaluar,1,0.9052848815917969
1790371875573,1790371875573__sin_evaluar.jpg,sin_evaluar,1,0.9632976651191711
1790371875749,1790371875749__sin_evaluar.jpg,sin_evaluar,1,0.9647156596183777
1790371875883,1790371875883__sin_evaluar.jpg,sin_evaluar,1,0.9540826678276062
1790371876021,1790371876021__sin_evaluar.jpg,sin_evaluar,1,0.9413867592811584
1790371876147,1790371876147__sin_evaluar.jpg,sin_evaluar,1,0.9723522663116455
1790371876366,1790371876366__sin_evaluar.jpg,sin_evaluar,1,0.9902365207672119
1790371876425,1790371876425__sin_evaluar.jpg,sin_evaluar,1,0.9840390682220459
1790371876683,1790371876683__sin_evaluar.jpg,sin_evaluar,1,0.9905093312263489
1790371876742,1790371876742__sin_evaluar.jpg,sin_evaluar,1,0.9888646006584167
1790371876866,1790371876866__sin_evaluar.jpg,sin_evaluar,1,0.9838906526565552
1790371877374,1790371877374__dedo_pulgar_0.86.jpg,dedo_pulgar_0.86,1,0.9836785793304443
1790371877375,1790371877375__sin_evaluar.jpg,sin_evaluar,1,0.9659780859947205
1790371877461,1790371877461__sin_evaluar.jpg,sin_evaluar,1,0.9690974354743958
1790371877577,1790371877577__sin_evaluar.jpg,sin_evaluar,1,0.9686029553413391
1790371877711,1790371877711__sin_evaluar.jpg,sin_evaluar,1,0.9703225493431091
1790371877874,1790371877874__sin_evaluar.jpg,sin_evaluar,1,0.966209888458252
1790371878002,1790371878002__sin_evaluar.jpg,sin_evaluar,1,0.9671571254730225
1790371878233,1790371878233__sin_evaluar.jpg,sin_evaluar,1,0.9630305171012878
1790371878285,1790371878285__sin_evaluar.jpg,sin_evaluar,1,0.9610030055046082
1790371878535,1790371878535__sin_evaluar.jpg,sin_evaluar,1,0.964078962802887
1790371878621,1790371878621__sin_evaluar.jpg,sin_evaluar,1,0.9823623895645142
1790371878730,1790371878730__sin_evaluar.jpg,sin_evaluar,1,0.9679683446884155
1790371878880,1790371878880__sin_evaluar.jpg,sin_evaluar,1,0.9679802060127258
1790371879012,1790371879012__sin_evaluar.jpg,sin_evaluar,1,0.9676971435546875
1790371879147,1790371879147__sin_evaluar.jpg,sin_evaluar,1,0.960713267326355
1790371879314,1790371879314__sin_evaluar.jpg,sin_evaluar,1,0.9748194813728333
1790371879463,1790371879463__sin_evaluar.jpg,sin_evaluar,1,0.9666526913642883
1790371879601,1790371879601__sin_evaluar.jpg,sin_evaluar,1,0.9721072316169739
1790371879721,1790371879721__sin_evaluar.jpg,sin_evaluar,1,0.9636253118515015
1790371879868,1790371879868__sin_evaluar.jpg,sin_evaluar,1,0.9494444131851196
1790371880018,1790371880018__sin_evaluar.jpg,sin_evaluar,1,0.9723361134529114
1790371880142,1790371880142__sin_evaluar.jpg,sin_evaluar,1,0.9737186431884766
1790371880289,1790371880289__sin_evaluar.jpg,sin_evaluar,1,0.9612258672714233
1790371880447,1790371880447__sin_evaluar.jpg,sin_evaluar,1,0.9756096601486206
1790371880580,1790371880580__sin_evaluar.jpg,sin_evaluar,1,0.975820779800415
1790371880721,1790371880721__sin_evaluar.jpg,sin_evaluar,1,0.9439858198165894
1790371880927,1790371880927__sin_evaluar.jpg,sin_evaluar,1,0.9530338048934937
1790371881010,1790371881010__sin_evaluar.jpg,sin_evaluar,1,0.9614432454109192
1790371881145,1790371881145__sin_evaluar.jpg,sin_evaluar,1,0.9624680876731873
1790371881307,1790371881307__sin_evaluar.jpg,sin_evaluar,1,0.9356532692909241
1790371881449,1790371881449__sin_evaluar.jpg,sin_evaluar,0,
1790371881594,1790371881594__sin_evaluar.jpg,sin_evaluar,1,0.9770265817642212
1790371881747,1790371881747__sin_evaluar.jpg,sin_evaluar,1,0.995883584022522
1790371881879,1790371881879__sin_evaluar.jpg,sin_evaluar,1,0.9967190623283386
1790371882012,1790371882012__sin_evaluar.jpg,sin_evaluar,1,0.9961987733840942
1790371882535,1790371882535__sin_evaluar.jpg,sin_evaluar,1,0.9914593696594238
1790371882535,1790371882535__sin_gesto.jpg,sin_gesto,1,0.9949222207069397
1790371882638,1790371882638__sin_evaluar.jpg,sin_evaluar,1,0.9938435554504395
1790371882728,1790371882728__sin_evaluar.jpg,sin_evaluar,1,0.9946836233139038
1790371883076,1790371883076__sin_evaluar.jpg,sin_evaluar,1,0.9970402717590332
1790371883078,1790371883078__sin_evaluar.jpg,sin_evaluar,1,0.9951075315475464
1790371883179,1790371883179__sin_evaluar.jpg,sin_evaluar,1,0.996184229850769
1790371883335,1790371883335__sin_evaluar.jpg,sin_evaluar,1,0.9963090419769287
1790371883449,1790371883449__sin_evaluar.jpg,sin_evaluar,1,0.9963843822479248
1790371883576,1790371883576__sin_evaluar.jpg,sin_evaluar,1,0.9945230484008789
1790371883866,1790371883866__sin_evaluar.jpg,sin_evaluar,1,0.9937353134155273
1790371883906,1790371883906__sin_evaluar.jpg,sin_evaluar,1,0.9925479292869568
1790371884041,1790371884041__sin_evaluar.jpg,sin_evaluar,1,0.9967465400695801
1790371884156,1790371884156__sin_evaluar.jpg,sin_evaluar,1,0.9959670901298523
1790371884336,1790371884336__sin_evaluar.jpg,sin_evaluar,1,0.9964746832847595
1790371884536,1790371884536__sin_evaluar.jpg,sin_evaluar,1,0.995445191860199
1790371884597,1790371884597__sin_evaluar.jpg,sin_evaluar,1,0.9959273934364319
1790371884727,1790371884727__sin_evaluar.jpg,sin_evaluar,1,0.9971538782119751
1790371884860,1790371884860__sin_evaluar.jpg,sin_evaluar,1,0.996975839138031
1790371885010,1790371885010__sin_evaluar.jpg,sin_evaluar,1,0.9963352084159851
1790371885183,1790371885183__sin_evaluar.jpg,sin_evaluar,1,0.9966452121734619
1790371885299,1790371885299__sin_evaluar.jpg,sin_evaluar,1,0.9969537854194641
1790371885463,1790371885463__sin_evaluar.jpg,sin_evaluar,1,0.9982268810272217
1790371885597,1790371885597__sin_evaluar.jpg,sin_evaluar,1,0.99735426902771
1790371885757,1790371885757__sin_evaluar.jpg,sin_evaluar,1,0.996243417263031
1790371885871,1790371885871__sin_evaluar.jpg,sin_evaluar,1,0.9976963996887207
1790371886050,1790371886050__sin_evaluar.jpg,sin_evaluar,1,0.997371256351471
1790371886157,1790371886157__sin_evaluar.jpg,sin_evaluar,1,0.9982551336288452
1790371886317,1790371886317__sin_evaluar.jpg,sin_evaluar,1,0.9982587695121765
1790371886463,1790371886463__sin_evaluar.jpg,sin_evaluar,1,0.9971924424171448
1790371886605,1790371886605__sin_evaluar.jpg,sin_evaluar,1,0.9977900981903076
1790371886737,1790371886737__sin_evaluar.jpg,sin_evaluar,1,0.9974642992019653
1790371886955,1790371886955__sin_evaluar.jpg,sin_evaluar,1,0.9975566267967224
1790371887007,1790371887007__sin_evaluar.jpg,sin_evaluar,1,0.9974802136421204
1790371887149,1790371887149__sin_evaluar.jpg,sin_evaluar,1,0.9979038834571838
1790371887671,1790371887671__dedo_menique_0.80.jpg,dedo_menique_0.80,1,0.9972571730613708
1790371887672,1790371887672__sin_evaluar.jpg,sin_evaluar,1,0.9978217482566833
1790371887847,1790371887847__sin_evaluar.jpg,sin_evaluar,1,0.9972452521324158
1790371887853,1790371887853__sin_evaluar.jpg,sin_evaluar,1,0.9976245760917664
1790371887888,1790371887888__sin_evaluar.jpg,sin_evaluar,1,0.9975581765174866
1790371888023,1790371888023__sin_evaluar.jpg,sin_evaluar,1,0.9980378746986389
1790371888152,1790371888152__sin_evaluar.jpg,sin_evaluar,1,0.9975439310073853
1790371888316,1790371888316__sin_evaluar.jpg,sin_evaluar,1,0.9975738525390625
1790371888440,1790371888440__sin_evaluar.jpg,sin_evaluar,1,0.9964925646781921
1790371888608,1790371888608__sin_evaluar.jpg,sin_evaluar,1,0.9975361227989197
1790371888725,1790371888725__sin_evaluar.jpg,sin_evaluar,1,0.9972951412200928
1790371888889,1790371888889__sin_evaluar.jpg,sin_evaluar,1,0.9967843294143677
1790371889007,1790371889007__sin_evaluar.jpg,sin_evaluar,1,0.9981675148010254
1790371889356,1790371889356__sin_evaluar.jpg,sin_evaluar,1,0.9973960518836975
1790371889357,1790371889357__sin_evaluar.jpg,sin_evaluar,1,0.9976425766944885
1790371889440,1790371889440__sin_evaluar.jpg,sin_evaluar,1,0.997516393661499
1790371889644,1790371889644__sin_evaluar.jpg,sin_evaluar,1,0.9974650144577026
1790371889743,1790371889743__sin_evaluar.jpg,sin_evaluar,1,0.9971739649772644
1790371889891,1790371889891__sin_evaluar.jpg,sin_evaluar,1,0.9972503781318665
1790371890053,1790371890053__sin_evaluar.jpg,sin_evaluar,1,0.9969993233680725
1790371890157,1790371890157__sin_evaluar.jpg,sin_evaluar,1,0.9980227947235107
1790371890316,1790371890316__sin_evaluar.jpg,sin_evaluar,1,0.9983925223350525
1790371890457,1790371890457__sin_evaluar.jpg,sin_evaluar,1,0.9979631900787354
1790371890636,1790371890636__sin_evaluar.jpg,sin_evaluar,1,0.9979380369186401
1790371890744,1790371890744__sin_evaluar.jpg,sin_evaluar,1,0.9977334141731262
1790371890880,1790371890880__sin_evaluar.jpg,sin_evaluar,1,0.9977669715881348
1790371891036,1790371891036__sin_evaluar.jpg,sin_evaluar,1,0.998316764831543
1790371891185,1790371891185__sin_evaluar.jpg,sin_evaluar,1,0.9978868365287781
1790371891308,1790371891308__sin_evaluar.jpg,sin_evaluar,1,0.9979845285415649
1790371891442,1790371891442__sin_evaluar.jpg,sin_evaluar,1,0.9976525902748108
1790371891608,1790371891608__sin_evaluar.jpg,sin_evaluar,1,0.997886598110199
1790371891757,1790371891757__sin_evaluar.jpg,sin_evaluar,1,0.998062014579773
1790371891875,1790371891875__sin_evaluar.jpg,sin_evaluar,1,0.9981090426445007
1790371892036,1790371892036__sin_evaluar.jpg,sin_evaluar,1,0.9980547428131104
1790371892157,1790371892157__sin_evaluar.jpg,sin_evaluar,1,0.9978880286216736
1790371892312,1790371892312__sin_evaluar.jpg,sin_evaluar,1,0.998133659362793
1790371892842,1790371892842__dedo_menique_0.82.jpg,dedo_menique_0.82,1,0.9972032308578491
1790371892843,1790371892843__sin_evaluar.jpg,sin_evaluar,1,0.9970976710319519
1790371892913,1790371892913__sin_evaluar.jpg,sin_evaluar,1,0.9974738359451294
1790371893027,1790371893027__sin_evaluar.jpg,sin_evaluar,1,0.9974654912948608
1790371893161,1790371893161__sin_evaluar.jpg,sin_evaluar,0,
1790371893309,1790371893309__sin_evaluar.jpg,sin_evaluar,1,0.9953742027282715
1790371893451,1790371893451__sin_evaluar.jpg,sin_evaluar,1,0.9815065264701843
1790371893603,1790371893603__sin_evaluar.jpg,sin_evaluar,1,0.9312806725502014
1790371893728,1790371893728__sin_evaluar.jpg,sin_evaluar,1,0.9557867646217346
1790371893919,1790371893919__sin_evaluar.jpg,sin_evaluar,1,0.9721837043762207
1790371894131,1790371894131__sin_evaluar.jpg,sin_evaluar,1,0.9769841432571411
1790371894336,1790371894336__sin_evaluar.jpg,sin_evaluar,1,0.9892440438270569
1790371894339,1790371894339__sin_evaluar.jpg,sin_evaluar,1,0.9877879023551941
1790371894625,1790371894625__sin_evaluar.jpg,sin_evaluar,1,0.9905444383621216
1790371894748,1790371894748__sin_evaluar.jpg,sin_evaluar,1,0.9890737533569336
1790371894872,1790371894872__sin_evaluar.jpg,sin_evaluar,1,0.9928516149520874
1790371895044,1790371895044__sin_evaluar.jpg,sin_evaluar,1,0.990807294845581
1790371895173,1790371895173__sin_evaluar.jpg,sin_evaluar,1,0.9928752779960632
1790371895337,1790371895337__sin_evaluar.jpg,sin_evaluar,1,0.9912405014038086
1790371895489,1790371895489__sin_evaluar.jpg,sin_evaluar,1,0.9831081628799438
1790371895647,1790371895647__sin_evaluar.jpg,sin_evaluar,1,0.9779823422431946
1790371895765,1790371895765__sin_evaluar.jpg,sin_evaluar,1,0.9599409699440002
1790371895870,1790371895870__sin_evaluar.jpg,sin_evaluar,1,0.9581717848777771
1790371896026,1790371896026__sin_evaluar.jpg,sin_evaluar,1,0.9641211032867432
1790371896176,1790371896176__sin_evaluar.jpg,sin_evaluar,1,0.9692456722259521
1790371896311,1790371896311__sin_evaluar.jpg,sin_evaluar,1,0.9776378273963928
1790371896554,1790371896554__sin_evaluar.jpg,sin_evaluar,1,0.9563005566596985
1790371896623,1790371896623__sin_evaluar.jpg,sin_evaluar,1,0.9728821516036987
1790371896733,1790371896733__sin_evaluar.jpg,sin_evaluar,1,0.955409586429596
1790371896920,1790371896920__sin_evaluar.jpg,sin_evaluar,1,0.9654467105865479
1790371897056,1790371897056__sin_evaluar.jpg,sin_evaluar,1,0.9708025455474854
1790371897164,1790371897164__sin_evaluar.jpg,sin_evaluar,1,0.9689626097679138
1790371897316,1790371897316__sin_evaluar.jpg,sin_evaluar,1,0.9703296422958374
1790371897842,1790371897842__sin_gesto.jpg,sin_gesto,1,0.9761437773704529
1790371897842,1790371897842__sin_evaluar.jpg,sin_evaluar,1,0.9700504541397095
1790371897843,1790371897843__sin_evaluar.jpg,sin_evaluar,1,0.9819677472114563
1790371897958,1790371897958__sin_evaluar.jpg,sin_evaluar,1,0.9790321588516235
1790371898027,1790371898027__sin_evaluar.jpg,sin_evaluar,1,0.974162757396698
1790371898164,1790371898164__sin_evaluar.jpg,sin_evaluar,1,0.9838382005691528
1790371898327,1790371898327__sin_evaluar.jpg,sin_evaluar,1,0.9785391092300415
1790371898499,1790371898499__sin_evaluar.jpg,sin_evaluar,1,0.9784969091415405
1790371898600,1790371898600__sin_evaluar.jpg,sin_evaluar,1,0.980126142501831
1790371898733,1790371898733__sin_evaluar.jpg,sin_evaluar,1,0.9823632836341858
1790371899055,1790371899055__sin_evaluar.jpg,sin_evaluar,1,0.9826183319091797
1790371899058,1790371899058__sin_evaluar.jpg,sin_evaluar,1,0.9843935370445251
1790371899181,1790371899181__sin_evaluar.jpg,sin_evaluar,1,0.9829291105270386
1790371899314,1790371899314__sin_evaluar.jpg,sin_evaluar,1,0.9837824702262878
1790371899465,1790371899465__sin_evaluar.jpg,sin_evaluar,1,0.9867217540740967
1790371899616,1790371899616__sin_evaluar.jpg,sin_evaluar,1,0.9854673743247986
1790371899753,1790371899753__sin_evaluar.jpg,sin_evaluar,1,0.9848678112030029
1790371899887,1790371899887__sin_evaluar.jpg,sin_evaluar,1,0.9848694801330566
1790371900157,1790371900157__sin_evaluar.jpg,sin_evaluar,1,0.9881069660186768
1790371900265,1790371900265__sin_evaluar.jpg,sin_evaluar,1,0.9859380125999451
1790371900312,1790371900312__sin_evaluar.jpg,sin_evaluar,1,0.9894704222679138
1790371900505,1790371900505__sin_evaluar.jpg,sin_evaluar,1,0.9894128441810608
1790371900593,1790371900593__sin_evaluar.jpg,sin_evaluar,1,0.9911909699440002
1790371900746,1790371900746__sin_evaluar.jpg,sin_evaluar,1,0.98946213722229
1790371900895,1790371900895__sin_evaluar.jpg,sin_evaluar,1,0.9858699440956116
1790371901053,1790371901053__sin_evaluar.jpg,sin_evaluar,1,0.984382152557373
1790371901188,1790371901188__sin_evaluar.jpg,sin_evaluar,1,0.9872633218765259
1790371901378,1790371901378__sin_evaluar.jpg,sin_evaluar,1,0.9857156872749329
1790371901451,1790371901451__sin_evaluar.jpg,sin_evaluar,1,0.9874531626701355
1790371901692,1790371901692__sin_evaluar.jpg,sin_evaluar,1,0.981182336807251
1790371901735,1790371901735__sin_evaluar.jpg,sin_evaluar,1,0.9861063361167908
1790371902002,1790371902002__sin_evaluar.jpg,sin_evaluar,1,0.9870662093162537
1790371902047,1790371902047__sin_evaluar.jpg,sin_evaluar,1,0.9906412959098816
1790371902179,1790371902179__sin_evaluar.jpg,sin_evaluar,1,0.9921871423721313
1790371902381,1790371902381__sin_evaluar.jpg,sin_evaluar,1,0.9917770624160767
1790371902454,1790371902454__sin_evaluar.jpg,sin_evaluar,1,0.981836199760437
1790371903006,1790371903006__sin_evaluar.jpg,sin_evaluar,1,0.9843418002128601
1790371903006,1790371903006__sin_gesto.jpg,sin_gesto,1,0.9765863418579102
1790371903007,1790371903007__sin_evaluar.jpg,sin_evaluar,1,0.98563152551651
1790371903062,1790371903062__sin_evaluar.jpg,sin_evaluar,1,0.9777407050132751
1790371903169,1790371903169__sin_evaluar.jpg,sin_evaluar,1,0.9960521459579468
1790371903309,1790371903309__sin_evaluar.jpg,sin_evaluar,1,0.9869508147239685
1790371903467,1790371903467__sin_evaluar.jpg,sin_evaluar,1,0.9945670962333679
1790371903631,1790371903631__sin_evaluar.jpg,sin_evaluar,1,0.9885404109954834
1790371903731,1790371903731__sin_evaluar.jpg,sin_evaluar,1,0.9858518838882446
1790371903948,1790371903948__sin_evaluar.jpg,sin_evaluar,1,0.9743489027023315
1790371904047,1790371904047__sin_evaluar.jpg,sin_evaluar,1,0.9794533848762512
1790371904183,1790371904183__sin_evaluar.jpg,sin_evaluar,1,0.9745433330535889
1790371904308,1790371904308__sin_evaluar.jpg,sin_evaluar,1,0.9667987823486328
1790371904461,1790371904461__sin_evaluar.jpg,sin_evaluar,1,0.9724118113517761
1790371904623,1790371904623__sin_evaluar.jpg,sin_evaluar,1,0.9602665305137634
1790371904741,1790371904741__sin_evaluar.jpg,sin_evaluar,1,0.97498619556427
1790371904928,1790371904928__sin_evaluar.jpg,sin_evaluar,1,0.9765187501907349
1790371905041,1790371905041__sin_evaluar.jpg,sin_evaluar,1,0.9703111052513123
1790371905174,1790371905174__sin_evaluar.jpg,sin_evaluar,1,0.9826834201812744
1790371905328,1790371905328__sin_evaluar.jpg,sin_evaluar,1,0.9778106212615967
1790371905460,1790371905460__sin_evaluar.jpg,sin_evaluar,1,0.9789080023765564
1790371905609,1790371905609__sin_evaluar.jpg,sin_evaluar,1,0.9822096824645996
1790371905761,1790371905761__sin_evaluar.jpg,sin_evaluar,1,0.9759660363197327
1790371905903,1790371905903__sin_evaluar.jpg,sin_evaluar,1,0.9800509214401245
1790371906218,1790371906218__sin_evaluar.jpg,sin_evaluar,1,0.9743577241897583
1790371906232,1790371906232__sin_evaluar.jpg,sin_evaluar,1,0.9748353958129883
1790371906324,1790371906324__sin_evaluar.jpg,sin_evaluar,1,0.9786708950996399
1790371906475,1790371906475__sin_evaluar.jpg,sin_evaluar,1,0.9709256291389465
1790371906608,1790371906608__sin_evaluar.jpg,sin_evaluar,1,0.9854274988174438
1790371906749,1790371906749__sin_evaluar.jpg,sin_evaluar,1,0.9861623048782349
1790371906904,1790371906904__sin_evaluar.jpg,sin_evaluar,1,0.9896383881568909
1790371907048,1790371907048__sin_evaluar.jpg,sin_evaluar,1,0.9886326789855957
1790371907168,1790371907168__sin_evaluar.jpg,sin_evaluar,1,0.9850786924362183
1790371907343,1790371907343__sin_evaluar.jpg,sin_evaluar,1,0.979595959186554
1790371907461,1790371907461__sin_evaluar.jpg,sin_evaluar,1,0.9838206171989441
1790371907613,1790371907613__sin_evaluar.jpg,sin_evaluar,1,0.9844093918800354
1790371908137,1790371908137__sin_gesto.jpg,sin_gesto,1,0.9801819920539856
1790371908138,1790371908138__sin_evaluar.jpg,sin_evaluar,1,0.9914306402206421
1790371908213,1790371908213__sin_evaluar.jpg,sin_evaluar,1,0.9886406660079956
1790371908337,1790371908337__sin_evaluar.jpg,sin_evaluar,1,0.9893540143966675
1790371908557,1790371908557__sin_evaluar.jpg,sin_evaluar,1,0.9883990287780762
1790371908610,1790371908610__sin_evaluar.jpg,sin_evaluar,1,0.9851094484329224
1790371908758,1790371908758__sin_evaluar.jpg,sin_evaluar,1,0.9838045239448547
1790371908938,1790371908938__sin_evaluar.jpg,sin_evaluar,1,0.9871538281440735
1790371909318,1790371909318__sin_evaluar.jpg,sin_evaluar,1,0.988338053226471
1790371909329,1790371909329__sin_evaluar.jpg,sin_evaluar,1,0.9878386855125427
1790371909337,1790371909337__sin_evaluar.jpg,sin_evaluar,1,0.98902827501297
1790371909469,1790371909469__sin_evaluar.jpg,sin_evaluar,1,0.9890608191490173
1790371909612,1790371909612__sin_evaluar.jpg,sin_evaluar,1,0.9881286025047302
1790371909782,1790371909782__sin_evaluar.jpg,sin_evaluar,1,0.9822686910629272
1790371909902,1790371909902__sin_evaluar.jpg,sin_evaluar,1,0.986457347869873
1790371910057,1790371910057__sin_evaluar.jpg,sin_evaluar,1,0.9820240139961243
1790371910193,1790371910193__sin_evaluar.jpg,sin_evaluar,1,0.9830110669136047
1790371910322,1790371910322__sin_evaluar.jpg,sin_evaluar,1,0.984451413154602
1790371910473,1790371910473__sin_evaluar.jpg,sin_evaluar,1,0.9833162426948547
1790371910605,1790371910605__sin_evaluar.jpg,sin_evaluar,1,0.9819197058677673
1790371911009,1790371911009__sin_evaluar.jpg,sin_evaluar,1,0.9817288517951965
1790371911011,1790371911011__sin_evaluar.jpg,sin_evaluar,1,0.983045220375061
1790371911056,1790371911056__sin_evaluar.jpg,sin_evaluar,1,0.9854890704154968
1790371911185,1790371911185__sin_evaluar.jpg,sin_evaluar,1,0.9859663844108582
1790371911335,1790371911335__sin_evaluar.jpg,sin_evaluar,1,0.9906625151634216
1790371911548,1790371911548__sin_evaluar.jpg,sin_evaluar,1,0.9880618453025818
1790371911606,1790371911606__sin_evaluar.jpg,sin_evaluar,1,0.9838080406188965
1790371911783,1790371911783__sin_evaluar.jpg,sin_evaluar,1,0.9832766652107239
1790371911893,1790371911893__sin_evaluar.jpg,sin_evaluar,1,0.9836152791976929
1790371912092,1790371912092__sin_evaluar.jpg,sin_evaluar,1,0.9834029078483582
1790371912230,1790371912230__sin_evaluar.jpg,sin_evaluar,1,0.984437882900238
1790371912342,1790371912342__sin_evaluar.jpg,sin_evaluar,1,0.9853904843330383
1790371912466,1790371912466__sin_evaluar.jpg,sin_evaluar,1,0.9737451076507568
1790371912637,1790371912637__sin_evaluar.jpg,sin_evaluar,1,0.9789956212043762
1790371913144,1790371913144__sin_gesto.jpg,sin_gesto,1,0.9793261289596558
1790371913145,1790371913145__sin_evaluar.jpg,sin_evaluar,1,0.982147216796875
1790371913185,1790371913185__sin_evaluar.jpg,sin_evaluar,1,0.9861193895339966
1790371913335,1790371913335__sin_evaluar.jpg,sin_evaluar,1,0.9885750412940979
1790371913529,1790371913529__sin_evaluar.jpg,sin_evaluar,1,0.99167400598526
1790371913612,1790371913612__sin_evaluar.jpg,sin_evaluar,1,0.9934988617897034
1790371913760,1790371913760__sin_evaluar.jpg,sin_evaluar,1,0.9897885322570801
1790371913916,1790371913916__sin_evaluar.jpg,sin_evaluar,1,0.9881718158721924
1790371914077,1790371914077__sin_evaluar.jpg,sin_evaluar,1,0.9878851175308228
1790371914202,1790371914202__sin_evaluar.jpg,sin_evaluar,1,0.9859081506729126
1790371914336,1790371914336__sin_evaluar.jpg,sin_evaluar,1,0.985846221446991
1790371914584,1790371914584__sin_evaluar.jpg,sin_evaluar,1,0.9851275682449341
1790371914653,1790371914653__sin_evaluar.jpg,sin_evaluar,1,0.9908170700073242
1790371914761,1790371914761__sin_evaluar.jpg,sin_evaluar,1,0.9886952638626099
1790371914910,1790371914910__sin_evaluar.jpg,sin_evaluar,1,0.9870913624763489
1790371915054,1790371915054__sin_evaluar.jpg,sin_evaluar,1,0.9861122369766235
1790371915185,1790371915185__sin_evaluar.jpg,sin_evaluar,1,0.9858813285827637
1790371915357,1790371915357__sin_evaluar.jpg,sin_evaluar,1,0.987160325050354
1790371915485,1790371915485__sin_evaluar.jpg,sin_evaluar,1,0.9852082133293152
1790371915617,1790371915617__sin_evaluar.jpg,sin_evaluar,1,0.9861366748809814
1790371915776,1790371915776__sin_evaluar.jpg,sin_evaluar,1,0.9836596846580505
1790371915976,1790371915976__sin_evaluar.jpg,sin_evaluar,1,0.982594907283783
1790371916029,1790371916029__sin_evaluar.jpg,sin_evaluar,1,0.9844997525215149
1790371916196,1790371916196__sin_evaluar.jpg,sin_evaluar,1,0.9778807759284973
1790371916356,1790371916356__sin_evaluar.jpg,sin_evaluar,1,0.9818993806838989
1790371916497,1790371916497__sin_evaluar.jpg,sin_evaluar,1,0.9807934761047363
1790371916609,1790371916609__sin_evaluar.jpg,sin_evaluar,1,0.9860186576843262
1790371916775,1790371916775__sin_evaluar.jpg,sin_evaluar,1,0.9889966249465942
1790371916935,1790371916935__sin_evaluar.jpg,sin_evaluar,1,0.9886971116065979
1790371917052,1790371917052__sin_evaluar.jpg,sin_evaluar,1,0.9885318279266357
1790371917177,1790371917177__sin_evaluar.jpg,sin_evaluar,1,0.9847399592399597
1790371917357,1790371917357__sin_evaluar.jpg,sin_evaluar,1,0.9815558195114136
1790371917496,1790371917496__sin_evaluar.jpg,sin_evaluar,1,0.9731940031051636
1790371917617,1790371917617__sin_evaluar.jpg,sin_evaluar,1,0.9791489839553833
1790371917758,1790371917758__sin_evaluar.jpg,sin_evaluar,1,0.9822859168052673
1790371918269,1790371918269__sin_gesto.jpg,sin_gesto,1,0.9785352349281311
1790371918270,1790371918270__sin_evaluar.jpg,sin_evaluar,1,0.9842356443405151
1790371918340,1790371918340__sin_evaluar.jpg,sin_evaluar,1,0.9847095608711243
1790371918488,1790371918488__sin_evaluar.jpg,sin_evaluar,1,0.9790917038917542
1790371918629,1790371918629__sin_evaluar.jpg,sin_evaluar,1,0.9814193248748779
1790371918756,1790371918756__sin_evaluar.jpg,sin_evaluar,1,0.9812528491020203
1790371918919,1790371918919__sin_evaluar.jpg,sin_evaluar,1,0.986336350440979
1790371919042,1790371919042__sin_evaluar.jpg,sin_evaluar,1,0.986223578453064
1790371919184,1790371919184__sin_evaluar.jpg,sin_evaluar,1,0.9884464740753174
1790371919357,1790371919357__sin_evaluar.jpg,sin_evaluar,1,0.9896752238273621
1790371919537,1790371919537__sin_evaluar.jpg,sin_evaluar,1,0.989284336566925
1790371919629,1790371919629__sin_evaluar.jpg,sin_evaluar,1,0.985660195350647
1790371919769,1790371919769__sin_evaluar.jpg,sin_evaluar,1,0.989977240562439
1790371919908,1790371919908__sin_evaluar.jpg,sin_evaluar,1,0.9896025061607361
1790371920061,1790371920061__sin_evaluar.jpg,sin_evaluar,1,0.9895559549331665
1790371920197,1790371920197__sin_evaluar.jpg,sin_evaluar,1,0.9877800345420837
1790371920357,1790371920357__sin_evaluar.jpg,sin_evaluar,1,0.9885551333427429
1790371920521,1790371920521__sin_evaluar.jpg,sin_evaluar,1,0.9863062500953674
1790371920630,1790371920630__sin_evaluar.jpg,sin_evaluar,1,0.9909093976020813
1790371920765,1790371920765__sin_evaluar.jpg,sin_evaluar,1,0.9882717132568359
1790371920913,1790371920913__sin_evaluar.jpg,sin_evaluar,1,0.9832861423492432
1790371921057,1790371921057__sin_evaluar.jpg,sin_evaluar,1,0.9837567806243896
1790371921198,1790371921198__sin_evaluar.jpg,sin_evaluar,1,0.9870746731758118
1790371921341,1790371921341__sin_evaluar.jpg,sin_evaluar,1,0.9835189580917358
1790371921566,1790371921566__sin_evaluar.jpg,sin_evaluar,1,0.9863282442092896
1790371921638,1790371921638__sin_evaluar.jpg,sin_evaluar,1,0.9870086908340454
1790371921757,1790371921757__sin_evaluar.jpg,sin_evaluar,1,0.9890349507331848
1790371922012,1790371922012__sin_evaluar.jpg,sin_evaluar,1,0.9881070256233215
1790371922061,1790371922061__sin_evaluar.jpg,sin_evaluar,1,0.9880316853523254
1790371922196,1790371922196__sin_evaluar.jpg,sin_evaluar,1,0.988332986831665
1790371922333,1790371922333__sin_evaluar.jpg,sin_evaluar,1,0.9884819984436035
1790371922522,1790371922522__sin_evaluar.jpg,sin_evaluar,1,0.9886001348495483
1790371922623,1790371922623__sin_evaluar.jpg,sin_evaluar,1,0.9874510765075684
1790371922754,1790371922754__sin_evaluar.jpg,sin_evaluar,1,0.9883926510810852
1790371923284,1790371923284__sin_gesto.jpg,sin_gesto,1,0.9909818768501282
1790371923285,1790371923285__sin_evaluar.jpg,sin_evaluar,1,0.9868685603141785
1790371923332,1790371923332__sin_evaluar.jpg,sin_evaluar,1,0.9869261980056763
1790371923596,1790371923596__sin_evaluar.jpg,sin_evaluar,1,0.9874787926673889
1790371923616,1790371923616__sin_evaluar.jpg,sin_evaluar,1,0.9921494722366333
1790371923751,1790371923751__sin_evaluar.jpg,sin_evaluar,1,0.9918866157531738
1790371923913,1790371923913__sin_evaluar.jpg,sin_evaluar,1,0.9906543493270874
1790371924137,1790371924137__sin_evaluar.jpg,sin_evaluar,1,0.9916762709617615
1790371924202,1790371924202__sin_evaluar.jpg,sin_evaluar,1,0.9849170446395874
1790371924338,1790371924338__sin_evaluar.jpg,sin_evaluar,1,0.9899477362632751
1790371924497,1790371924497__sin_evaluar.jpg,sin_evaluar,1,0.9868117570877075
1790371924617,1790371924617__sin_evaluar.jpg,sin_evaluar,1,0.9927723407745361
1790371924771,1790371924771__sin_evaluar.jpg,sin_evaluar,1,0.9916129112243652
1790371924907,1790371924907__sin_evaluar.jpg,sin_evaluar,1,0.9950584173202515
1790371925069,1790371925069__sin_evaluar.jpg,sin_evaluar,1,0.9781805276870728
1790371925185,1790371925185__sin_evaluar.jpg,sin_evaluar,1,0.9738925695419312
1790371925350,1790371925350__sin_evaluar.jpg,sin_evaluar,1,0.9861068725585938
1790371925512,1790371925512__sin_evaluar.jpg,sin_evaluar,1,0.9905526638031006
1790371925617,1790371925617__sin_evaluar.jpg,sin_evaluar,1,0.989165186882019
1790371925782,1790371925782__sin_evaluar.jpg,sin_evaluar,1,0.9881741404533386
1790371925904,1790371925904__sin_evaluar.jpg,sin_evaluar,1,0.9916799068450928
1790371926056,1790371926056__sin_evaluar.jpg,sin_evaluar,1,0.9933019876480103
1790371926216,1790371926216__sin_evaluar.jpg,sin_evaluar,1,0.9838860034942627
1790371926329,1790371926329__sin_evaluar.jpg,sin_evaluar,1,0.9815266132354736
1790371926537,1790371926537__sin_evaluar.jpg,sin_evaluar,1,0.9836072325706482
1790371926628,1790371926628__sin_evaluar.jpg,sin_evaluar,1,0.9748198986053467
1790371926796,1790371926796__sin_evaluar.jpg,sin_evaluar,1,0.9830349087715149
1790371926918,1790371926918__sin_evaluar.jpg,sin_evaluar,1,0.9804280400276184
1790371927075,1790371927075__sin_evaluar.jpg,sin_evaluar,1,0.9805017709732056
1790371927215,1790371927215__sin_evaluar.jpg,sin_evaluar,1,0.9853475689888
1790371927381,1790371927381__sin_evaluar.jpg,sin_evaluar,1,0.9793972373008728
1790371927495,1790371927495__sin_evaluar.jpg,sin_evaluar,1,0.9669785499572754
1790371927648,1790371927648__sin_evaluar.jpg,sin_evaluar,1,0.9629653096199036
1790371927796,1790371927796__sin_evaluar.jpg,sin_evaluar,1,0.9725043177604675
1790371927923,1790371927923__sin_evaluar.jpg,sin_evaluar,1,0.9627368450164795
1790371928429,1790371928429__sin_evaluar.jpg,sin_evaluar,1,0.9704893231391907
1790371928429,1790371928429__sin_gesto.jpg,sin_gesto,1,0.9661828279495239
1790371928430,1790371928430__sin_evaluar.jpg,sin_evaluar,1,0.9523640275001526
1790371928476,1790371928476__sin_evaluar.jpg,sin_evaluar,1,0.9584031701087952
1790371928626,1790371928626__sin_evaluar.jpg,sin_evaluar,1,0.9662821292877197
1790371928771,1790371928771__sin_evaluar.jpg,sin_evaluar,1,0.9641046524047852
1790371928928,1790371928928__sin_evaluar.jpg,sin_evaluar,1,0.9668886661529541
1790371929061,1790371929061__sin_evaluar.jpg,sin_evaluar,1,0.9544524550437927
1790371929210,1790371929210__sin_evaluar.jpg,sin_evaluar,1,0.9400866627693176
1790371929336,1790371929336__sin_evaluar.jpg,sin_evaluar,1,0.9550768733024597
1790371929489,1790371929489__sin_evaluar.jpg,sin_evaluar,1,0.9577164053916931
1790371929649,1790371929649__sin_evaluar.jpg,sin_evaluar,1,0.978439450263977
1790371929766,1790371929766__sin_evaluar.jpg,sin_evaluar,1,0.9831581115722656
1790371930129,1790371930129__sin_evaluar.jpg,sin_evaluar,1,0.9793583154678345
1790371930132,1790371930132__sin_evaluar.jpg,sin_evaluar,1,0.9835873246192932
1790371930193,1790371930193__sin_evaluar.jpg,sin_evaluar,1,0.9825683236122131
1790371930337,1790371930337__sin_evaluar.jpg,sin_evaluar,1,0.9778125882148743
1790371930505,1790371930505__sin_evaluar.jpg,sin_evaluar,1,0.9812750220298767
1790371930635,1790371930635__sin_evaluar.jpg,sin_evaluar,1,0.9825412034988403
1790371930788,1790371930788__sin_evaluar.jpg,sin_evaluar,1,0.9860363602638245
1790371930920,1790371930920__sin_evaluar.jpg,sin_evaluar,1,0.9846925735473633
1790371931065,1790371931065__sin_evaluar.jpg,sin_evaluar,1,0.9868770837783813
1790371931235,1790371931235__sin_evaluar.jpg,sin_evaluar,1,0.8663247227668762
1790371931345,1790371931345__sin_evaluar.jpg,sin_evaluar,1,0.993023693561554
1790371931520,1790371931520__sin_evaluar.jpg,sin_evaluar,1,0.9988347291946411
1790371931665,1790371931665__sin_evaluar.jpg,sin_evaluar,1,0.9983972907066345
1790371931788,1790371931788__sin_evaluar.jpg,sin_evaluar,1,0.9657936692237854
1790371932076,1790371932076__sin_evaluar.jpg,sin_evaluar,0,
1790371932079,1790371932079__sin_evaluar.jpg,sin_evaluar,0,
1790371932236,1790371932236__sin_evaluar.jpg,sin_evaluar,0,
1790371932353,1790371932353__sin_evaluar.jpg,sin_evaluar,0,
1790371932530,1790371932530__sin_evaluar.jpg,sin_evaluar,0,
1790371932652,1790371932652__sin_evaluar.jpg,sin_evaluar,0,
1790371932777,1790371932777__sin_evaluar.jpg,sin_evaluar,0,
1790371932928,1790371932928__sin_evaluar.jpg,sin_evaluar,0,
1790371933447,1790371933447__dedo_pulgar_0.70.jpg,dedo_pulgar_0.70,0,
1790371933576,1790371933576__sin_evaluar.jpg,sin_evaluar,0,
1790371933604,1790371933604__sin_evaluar.jpg,sin_evaluar,0,
1790371933626,1790371933626__sin_evaluar.jpg,sin_evaluar,0,
1790371933957,1790371933957__sin_evaluar.jpg,sin_evaluar,0,
1790371934056,1790371934056__sin_evaluar.jpg,sin_evaluar,0,
1790371934224,1790371934224__sin_evaluar.jpg,sin_evaluar,0,
1790371934334,1790371934334__sin_evaluar.jpg,sin_evaluar,0,
1790371934477,1790371934477__sin_evaluar.jpg,sin_evaluar,0,
1790371934637,1790371934637__sin_evaluar.jpg,sin_evaluar,0,
1790371934784,1790371934784__sin_evaluar.jpg,sin_evaluar,0,
1790371934926,1790371934926__sin_evaluar.jpg,sin_evaluar,0,
1790371935061,1790371935061__sin_evaluar.jpg,sin_evaluar,0,
1790371935224,1790371935224__sin_evaluar.jpg,sin_evaluar,0,
1790371935365,1790371935365__sin_evaluar.jpg,sin_evaluar,0,
1790371935493,1790371935493__sin_evaluar.jpg,sin_evaluar,0,
1790371935626,1790371935626__sin_evaluar.jpg,sin_evaluar,0,
1790371936116,1790371936116__sin_evaluar.jpg,sin_evaluar,0,
1790371936117,1790371936117__sin_evaluar.jpg,sin_evaluar,0,
1790371936124,1790371936124__sin_evaluar.jpg,sin_evaluar,0,
1790371936206,1790371936206__sin_evaluar.jpg,sin_evaluar,0,
1790371936369,1790371936369__sin_evaluar.jpg,sin_evaluar,0,
1790371936508,1790371936508__sin_evaluar.jpg,sin_evaluar,0,
1790371936649,1790371936649__sin_evaluar.jpg,sin_evaluar,0,
1790371936781,1790371936781__sin_evaluar.jpg,sin_evaluar,0,
1790371936937,1790371936937__sin_evaluar.jpg,sin_evaluar,0,
1790371937088,1790371937088__sin_evaluar.jpg,sin_evaluar,0,
1790371937204,1790371937204__sin_evaluar.jpg,sin_evaluar,0,
1790371937407,1790371937407__sin_evaluar.jpg,sin_evaluar,0,
1790371937524,1790371937524__sin_evaluar.jpg,sin_evaluar,0,
1790371937648,1790371937648__sin_evaluar.jpg,sin_evaluar,0,
1790371937792,1790371937792__sin_evaluar.jpg,sin_evaluar,0,
1790371937938,1790371937938__sin_evaluar.jpg,sin_evaluar,0,
1790371938069,1790371938069__sin_evaluar.jpg,sin_evaluar,0,
1790371938585,1790371938585__sin_evaluar.jpg,sin_evaluar,0,
1790371938585,1790371938585__puño_cerrado_0.61.jpg,puño_cerrado_0.61,0,
1790371938649,1790371938649__sin_evaluar.jpg,sin_evaluar,1,0.8533816337585449
1790371938837,1790371938837__sin_evaluar.jpg,sin_evaluar,0,
1790371939015,1790371939015__sin_evaluar.jpg,sin_evaluar,1,0.8743166327476501
1790371939157,1790371939157__sin_evaluar.jpg,sin_evaluar,0,
1790371939372,1790371939372__sin_evaluar.jpg,sin_evaluar,0,
1790371939501,1790371939501__sin_evaluar.jpg,sin_evaluar,0,
1790371939638,1790371939638__sin_evaluar.jpg,sin_evaluar,0,
1790371939833,1790371939833__sin_evaluar.jpg,sin_evaluar,1,0.9754438400268555
1790371939949,1790371939949__sin_evaluar.jpg,sin_evaluar,0,
1790371940081,1790371940081__sin_evaluar.jpg,sin_evaluar,0,
1790371940241,1790371940241__sin_evaluar.jpg,sin_evaluar,0,
1790371940397,1790371940397__sin_evaluar.jpg,sin_evaluar,0,
1790371940492,1790371940492__sin_evaluar.jpg,sin_evaluar,0,
1790371940664,1790371940664__sin_evaluar.jpg,sin_evaluar,0,
1790371940798,1790371940798__sin_evaluar.jpg,sin_evaluar,0,
1790371941030,1790371941030__sin_evaluar.jpg,sin_evaluar,0,
1790371941136,1790371941136__sin_evaluar.jpg,sin_evaluar,1,0.9894896149635315
1790371941218,1790371941218__sin_evaluar.jpg,sin_evaluar,1,0.9989286065101624
1790371941376,1790371941376__sin_evaluar.jpg,sin_evaluar,1,0.99784255027771
1790371941514,1790371941514__sin_evaluar.jpg,sin_evaluar,1,0.9976673126220703
1790371941664,1790371941664__sin_evaluar.jpg,sin_evaluar,1,0.9955552816390991
1790371941789,1790371941789__sin_evaluar.jpg,sin_evaluar,1,0.9920516014099121
1790371942033,1790371942033__sin_evaluar.jpg,sin_evaluar,1,0.9913077354431152
1790371942112,1790371942112__sin_evaluar.jpg,sin_evaluar,1,0.9916455149650574
1790371942298,1790371942298__sin_evaluar.jpg,sin_evaluar,1,0.9905905723571777
1790371942379,1790371942379__sin_evaluar.jpg,sin_evaluar,1,0.9908860325813293
1790371942569,1790371942569__sin_evaluar.jpg,sin_evaluar,1,0.9910860657691956
1790371942658,1790371942658__sin_evaluar.jpg,sin_evaluar,1,0.9803175926208496
1790371942805,1790371942805__sin_evaluar.jpg,sin_evaluar,1,0.9897130131721497
1790371943201,1790371943201__sin_evaluar.jpg,sin_evaluar,1,0.9980285167694092
1790371943208,1790371943208__sin_evaluar.jpg,sin_evaluar,1,0.9955691695213318
1790371943628,1790371943628__sin_gesto.jpg,sin_gesto,1,0.9960657954216003
1790371943629,1790371943629__sin_evaluar.jpg,sin_evaluar,1,0.9954802989959717
1790371943661,1790371943661__sin_evaluar.jpg,sin_evaluar,1,0.9984596967697144
1790371943794,1790371943794__sin_evaluar.jpg,sin_evaluar,1,0.9977574348449707
1790371943936,1790371943936__sin_evaluar.jpg,sin_evaluar,1,0.9949483275413513
1790371944129,1790371944129__sin_evaluar.jpg,sin_evaluar,0,
1790371944276,1790371944276__sin_evaluar.jpg,sin_evaluar,0,
1790371944374,1790371944374__sin_evaluar.jpg,sin_evaluar,0,
1790371944528,1790371944528__sin_evaluar.jpg,sin_evaluar,0,
1790371944655,1790371944655__sin_evaluar.jpg,sin_evaluar,0,
1790371944792,1790371944792__sin_evaluar.jpg,sin_evaluar,0,
1790371944976,1790371944976__sin_evaluar.jpg,sin_evaluar,0,
1790371945084,1790371945084__sin_evaluar.jpg,sin_evaluar,0,
1790371945295,1790371945295__sin_evaluar.jpg,sin_evaluar,0,
1790371945427,1790371945427__sin_evaluar.jpg,sin_evaluar,0,
1790371945505,1790371945505__sin_evaluar.jpg,sin_evaluar,0,
1790371945670,1790371945670__sin_evaluar.jpg,sin_evaluar,0,
1790371945817,1790371945817__sin_evaluar.jpg,sin_evaluar,0,
1790371945971,1790371945971__sin_evaluar.jpg,sin_evaluar,0,
1790371946068,1790371946068__sin_evaluar.jpg,sin_evaluar,0,
1790371946284,1790371946284__sin_evaluar.jpg,sin_evaluar,0,
1790371946397,1790371946397__sin_evaluar.jpg,sin_evaluar,0,
1790371946512,1790371946512__sin_evaluar.jpg,sin_evaluar,0,
1790371946629,1790371946629__sin_evaluar.jpg,sin_evaluar,0,
1790371946845,1790371946845__sin_evaluar.jpg,sin_evaluar,0,
1790371946930,1790371946930__sin_evaluar.jpg,sin_evaluar,0,
1790371947072,1790371947072__sin_evaluar.jpg,sin_evaluar,0,
1790371947240,1790371947240__sin_evaluar.jpg,sin_evaluar,1,0.9849969148635864
