timestamp_ms,filename,old_label,num_hands,confidence
1790374190875,1790374190875__sin_gesto.jpg,sin_gesto,0,
1790374190953,1790374190953__sin_evaluar.jpg,sin_evaluar,0,
1790374191118,1790374191118__sin_evaluar.jpg,sin_evaluar,0,
1790374191270,1790374191270__sin_evaluar.jpg,sin_evaluar,0,
1790374191433,1790374191433__sin_evaluar.jpg,sin_evaluar,0,
1790374191562,1790374191562__sin_evaluar.jpg,sin_evaluar,0,
1790374191693,1790374191693__sin_evaluar.jpg,sin_evaluar,0,
1790374191837,1790374191837__sin_evaluar.jpg,sin_evaluar,0,
1790374191978,1790374191978__sin_evaluar.jpg,sin_evaluar,0,
1790374192133,1790374192133__sin_evaluar.jpg,sin_evaluar,0,
1790374192254,1790374192254__sin_evaluar.jpg,sin_evaluar,0,
1790374192406,1790374192406__sin_evaluar.jpg,sin_evaluar,1,0.9971965551376343
1790374192534,1790374192534__sin_evaluar.jpg,sin_evaluar,1,0.9768409132957458
1790374192688,1790374192688__sin_evaluar.jpg,sin_evaluar,1,0.9950957894325256
1790374192834,1790374192834__sin_evaluar.jpg,sin_evaluar,1,0.9948583841323853
1790374192968,1790374192968__sin_evaluar.jpg,sin_evaluar,1,0.5573925971984863
1790374193125,1790374193125__sin_evaluar.jpg,sin_evaluar,1,0.9132733345031738
1790374193253,1790374193253__sin_evaluar.jpg,sin_evaluar,0,
1790374193415,1790374193415__sin_evaluar.jpg,sin_evaluar,0,
1790374193542,1790374193542__sin_evaluar.jpg,sin_evaluar,0,
1790374193695,1790374193695__sin_evaluar.jpg,sin_evaluar,0,
1790374193860,1790374193860__sin_evaluar.jpg,sin_evaluar,0,
1790374193994,1790374193994__sin_evaluar.jpg,sin_evaluar,0,
1790374194154,1790374194154__sin_evaluar.jpg,sin_evaluar,0,
1790374194321,1790374194321__sin_evaluar.jpg,sin_evaluar,0,
1790374194407,1790374194407__sin_evaluar.jpg,sin_evaluar,0,
1790374194569,1790374194569__sin_evaluar.jpg,sin_evaluar,0,
1790374194681,1790374194681__sin_evaluar.jpg,sin_evaluar,0,
1790374194834,1790374194834__sin_evaluar.jpg,sin_evaluar,0,
1790374194950,1790374194950__sin_evaluar.jpg,sin_evaluar,0,
1790374195114,1790374195114__sin_evaluar.jpg,sin_evaluar,0,
1790374195296,1790374195296__sin_evaluar.jpg,sin_evaluar,0,
1790374195433,1790374195433__sin_evaluar.jpg,sin_evaluar,0,
1790374195554,1790374195554__sin_evaluar.jpg,sin_evaluar,0,
1790374195666,1790374195666__sin_evaluar.jpg,sin_evaluar,0,
1790374195829,1790374195829__sin_evaluar.jpg,sin_evaluar,0,
1790374197576,1790374197576__dedo_pulgar_0.78.jpg,dedo_pulgar_0.78,0,
1790374197576,1790374197576__sin_evaluar.jpg,sin_evaluar,0,
1790374197577,1790374197577__sin_evaluar.jpg,sin_evaluar,0,
1790374197579,1790374197579__sin_evaluar.jpg,sin_evaluar,0,
1790374197581,1790374197581__sin_evaluar.jpg,sin_evaluar,0,
1790374197582,1790374197582__sin_evaluar.jpg,sin_evaluar,1,0.979268491268158
1790374197672,1790374197672__sin_evaluar.jpg,sin_evaluar,1,0.9740735292434692
1790374197833,1790374197833__sin_evaluar.jpg,sin_evaluar,1,0.965340793132782
1790374198020,1790374198020__sin_evaluar.jpg,sin_evaluar,1,0.978343665599823
1790374198115,1790374198115__sin_evaluar.jpg,sin_evaluar,1,0.981671929359436
1790374198260,1790374198260__sin_evaluar.jpg,sin_evaluar,1,0.9851647615432739
1790374198413,1790374198413__sin_evaluar.jpg,sin_evaluar,1,0.9764968156814575
1790374198554,1790374198554__sin_evaluar.jpg,sin_evaluar,1,0.9769723415374756
1790374198690,1790374198690__sin_evaluar.jpg,sin_evaluar,1,0.9781438708305359
1790374198848,1790374198848__sin_evaluar.jpg,sin_evaluar,1,0.9783986210823059
1790374198972,1790374198972__sin_evaluar.jpg,sin_evaluar,1,0.975448727607727
1790374199133,1790374199133__sin_evaluar.jpg,sin_evaluar,1,0.9677551984786987
1790374199248,1790374199248__sin_evaluar.jpg,sin_evaluar,1,0.9663594961166382
1790374199420,1790374199420__sin_evaluar.jpg,sin_evaluar,1,0.9650238752365112
1790374199561,1790374199561__sin_evaluar.jpg,sin_evaluar,1,0.966676652431488
1790374199701,1790374199701__sin_evaluar.jpg,sin_evaluar,1,0.963876485824585
1790374199821,1790374199821__sin_evaluar.jpg,sin_evaluar,1,0.9685430526733398
1790374199993,1790374199993__sin_evaluar.jpg,sin_evaluar,1,0.9726827144622803
1790374200111,1790374200111__sin_evaluar.jpg,sin_evaluar,1,0.9644015431404114
1790374200272,1790374200272__sin_evaluar.jpg,sin_evaluar,1,0.9643888473510742
1790374200407,1790374200407__sin_evaluar.jpg,sin_evaluar,1,0.9674186706542969
1790374200549,1790374200549__sin_evaluar.jpg,sin_evaluar,1,0.9677892327308655
1790374200701,1790374200701__sin_evaluar.jpg,sin_evaluar,1,0.9699339270591736
1790374200841,1790374200841__sin_evaluar.jpg,sin_evaluar,1,0.9701148867607117
1790374201383,1790374201383__dedo_pulgar_1.00.jpg,dedo_pulgar_1.00,1,0.9679656028747559
1790374201383,1790374201383__sin_evaluar.jpg,sin_evaluar,1,0.9633826613426208
1790374201384,1790374201384__sin_evaluar.jpg,sin_evaluar,1,0.9672101140022278
1790374201434,1790374201434__sin_evaluar.jpg,sin_evaluar,1,0.9706428647041321
1790374201541,1790374201541__sin_evaluar.jpg,sin_evaluar,1,0.9676616191864014
1790374201694,1790374201694__sin_evaluar.jpg,sin_evaluar,1,0.9704389572143555
1790374201833,1790374201833__sin_evaluar.jpg,sin_evaluar,1,0.9727123975753784
1790374201981,1790374201981__sin_evaluar.jpg,sin_evaluar,1,0.9722310900688171
1790374202131,1790374202131__sin_evaluar.jpg,sin_evaluar,1,0.975808322429657
1790374202277,1790374202277__sin_evaluar.jpg,sin_evaluar,1,0.9704105257987976
1790374202421,1790374202421__sin_evaluar.jpg,sin_evaluar,1,0.9662117958068848
1790374202554,1790374202554__sin_evaluar.jpg,sin_evaluar,1,0.9676740765571594
1790374202693,1790374202693__sin_evaluar.jpg,sin_evaluar,1,0.9730334281921387
1790374202817,1790374202817__sin_evaluar.jpg,sin_evaluar,1,0.9751017689704895
1790374203010,1790374203010__sin_evaluar.jpg,sin_evaluar,1,0.9718347191810608
1790374203127,1790374203127__sin_evaluar.jpg,sin_evaluar,1,0.9725248217582703
1790374203280,1790374203280__sin_evaluar.jpg,sin_evaluar,1,0.9725171327590942
1790374203416,1790374203416__sin_evaluar.jpg,sin_evaluar,1,0.9746803045272827
1790374203548,1790374203548__sin_evaluar.jpg,sin_evaluar,1,0.9782784581184387
1790374203703,1790374203703__sin_evaluar.jpg,sin_evaluar,1,0.9762687683105469
1790374203837,1790374203837__sin_evaluar.jpg,sin_evaluar,1,0.9724482297897339
1790374204003,1790374204003__sin_evaluar.jpg,sin_evaluar,1,0.961893618106842
1790374204123,1790374204123__sin_evaluar.jpg,sin_evaluar,1,0.968309223651886
1790374204289,1790374204289__sin_evaluar.jpg,sin_evaluar,1,0.9685919880867004
1790374204421,1790374204421__sin_evaluar.jpg,sin_evaluar,1,0.9626033902168274
1790374204563,1790374204563__sin_evaluar.jpg,sin_evaluar,1,0.966579258441925
1790374204701,1790374204701__sin_evaluar.jpg,sin_evaluar,1,0.9689762592315674
1790374204841,1790374204841__sin_evaluar.jpg,sin_evaluar,1,0.9672631621360779
1790374205001,1790374205001__sin_evaluar.jpg,sin_evaluar,1,0.9674553275108337
1790374205141,1790374205141__sin_evaluar.jpg,sin_evaluar,1,0.9658979773521423
1790374205268,1790374205268__sin_evaluar.jpg,sin_evaluar,1,0.9663069248199463
1790374205448,1790374205448__sin_evaluar.jpg,sin_evaluar,1,0.9615198373794556
1790374205581,1790374205581__sin_evaluar.jpg,sin_evaluar,1,0.9613837599754333
1790374205718,1790374205718__sin_evaluar.jpg,sin_evaluar,1,0.9660810232162476
1790374205841,1790374205841__sin_evaluar.jpg,sin_evaluar,1,0.9671247005462646
1790374205981,1790374205981__sin_evaluar.jpg,sin_evaluar,1,0.9650688767433167
1790374206512,1790374206512__sin_evaluar.jpg,sin_evaluar,1,0.954582929611206
1790374206512,1790374206512__sin_gesto.jpg,sin_gesto,1,0.9599661827087402
1790374206513,1790374206513__sin_evaluar.jpg,sin_evaluar,1,0.9595669507980347
1790374206564,1790374206564__sin_evaluar.jpg,sin_evaluar,1,0.967602014541626
1790374206698,1790374206698__sin_evaluar.jpg,sin_evaluar,1,0.9663650393486023
1790374206838,1790374206838__sin_evaluar.jpg,sin_evaluar,1,0.9617578983306885
1790374206994,1790374206994__sin_evaluar.jpg,sin_evaluar,1,0.9583466053009033
1790374207130,1790374207130__sin_evaluar.jpg,sin_evaluar,1,0.9604085683822632
1790374207273,1790374207273__sin_evaluar.jpg,sin_evaluar,1,0.967441201210022
1790374207414,1790374207414__sin_evaluar.jpg,sin_evaluar,1,0.9712569713592529
1790374207582,1790374207582__sin_evaluar.jpg,sin_evaluar,1,0.9673970341682434
1790374207702,1790374207702__sin_evaluar.jpg,sin_evaluar,1,0.9701725244522095
1790374207854,1790374207854__sin_evaluar.jpg,sin_evaluar,1,0.9693310856819153
1790374207981,1790374207981__sin_evaluar.jpg,sin_evaluar,1,0.9696521759033203
1790374208141,1790374208141__sin_evaluar.jpg,sin_evaluar,1,0.9735095500946045
1790374208273,1790374208273__sin_evaluar.jpg,sin_evaluar,1,0.9755024909973145
1790374208410,1790374208410__sin_evaluar.jpg,sin_evaluar,1,0.9737127423286438
1790374208554,1790374208554__sin_evaluar.jpg,sin_evaluar,1,0.9712474346160889
1790374208721,1790374208721__sin_evaluar.jpg,sin_evaluar,1,0.9702883958816528
1790374208869,1790374208869__sin_evaluar.jpg,sin_evaluar,1,0.9676856398582458
1790374208994,1790374208994__sin_evaluar.jpg,sin_evaluar,1,0.9666470289230347
1790374209134,1790374209134__sin_evaluar.jpg,sin_evaluar,1,0.9654368758201599
1790374209264,1790374209264__sin_evaluar.jpg,sin_evaluar,1,0.967969536781311
1790374209448,1790374209448__sin_evaluar.jpg,sin_evaluar,1,0.9684718251228333
1790374209550,1790374209550__sin_evaluar.jpg,sin_evaluar,1,0.9653379321098328
1790374209695,1790374209695__sin_evaluar.jpg,sin_evaluar,1,0.9667640328407288
1790374209862,1790374209862__sin_evaluar.jpg,sin_evaluar,1,0.964083731174469
1790374209974,1790374209974__sin_evaluar.jpg,sin_evaluar,1,0.9674565196037292
1790374210133,1790374210133__sin_evaluar.jpg,sin_evaluar,1,0.9690083265304565
1790374210302,1790374210302__sin_evaluar.jpg,sin_evaluar,1,0.9690849781036377
1790374210413,1790374210413__sin_evaluar.jpg,sin_evaluar,1,0.9631179571151733
1790374210554,1790374210554__sin_evaluar.jpg,sin_evaluar,1,0.9648788571357727
1790374210701,1790374210701__sin_evaluar.jpg,sin_evaluar,1,0.9743101596832275
1790374210860,1790374210860__sin_evaluar.jpg,sin_evaluar,1,0.973852813243866
1790374211001,1790374211001__sin_evaluar.jpg,sin_evaluar,1,0.9745184183120728
1790374211133,1790374211133__sin_evaluar.jpg,sin_evaluar,1,0.9754140973091125
1790374211673,1790374211673__sin_gesto.jpg,sin_gesto,1,0.974837064743042
1790374211673,1790374211673__sin_evaluar.jpg,sin_evaluar,1,0.9757408499717712
1790374211697,1790374211697__sin_evaluar.jpg,sin_evaluar,1,0.9750815629959106
1790374211838,1790374211838__sin_evaluar.jpg,sin_evaluar,1,0.9761801362037659
1790374211983,1790374211983__sin_evaluar.jpg,sin_evaluar,1,0.9754221439361572
1790374212139,1790374212139__sin_evaluar.jpg,sin_evaluar,1,0.9729353189468384
1790374212285,1790374212285__sin_evaluar.jpg,sin_evaluar,1,0.9756063222885132
1790374212433,1790374212433__sin_evaluar.jpg,sin_evaluar,1,0.9671911001205444
1790374212580,1790374212580__sin_evaluar.jpg,sin_evaluar,1,0.9670990705490112
1790374212714,1790374212714__sin_evaluar.jpg,sin_evaluar,1,0.9654052257537842
1790374212833,1790374212833__sin_evaluar.jpg,sin_evaluar,1,0.9691166877746582
1790374212970,1790374212970__sin_evaluar.jpg,sin_evaluar,1,0.9730069041252136
1790374213133,1790374213133__sin_evaluar.jpg,sin_evaluar,1,0.9711657166481018
1790374213299,1790374213299__sin_evaluar.jpg,sin_evaluar,1,0.9694548845291138
1790374213420,1790374213420__sin_evaluar.jpg,sin_evaluar,1,0.9689354300498962
1790374213554,1790374213554__sin_evaluar.jpg,sin_evaluar,1,0.9714906215667725
1790374213722,1790374213722__sin_evaluar.jpg,sin_evaluar,1,0.971551775932312
1790374213864,1790374213864__sin_evaluar.jpg,sin_evaluar,1,0.9687590003013611
1790374213993,1790374213993__sin_evaluar.jpg,sin_evaluar,1,0.9746906161308289
1790374214131,1790374214131__sin_evaluar.jpg,sin_evaluar,1,0.9778339266777039
1790374214281,1790374214281__sin_evaluar.jpg,sin_evaluar,1,0.9778391718864441
1790374214421,1790374214421__sin_evaluar.jpg,sin_evaluar,1,0.9781718254089355
1790374214574,1790374214574__sin_evaluar.jpg,sin_evaluar,1,0.9753789305686951
1790374214710,1790374214710__sin_evaluar.jpg,sin_evaluar,1,0.9752732515335083
1790374214862,1790374214862__sin_evaluar.jpg,sin_evaluar,1,0.9771352410316467
1790374215000,1790374215000__sin_evaluar.jpg,sin_evaluar,1,0.9761887192726135
1790374215117,1790374215117__sin_evaluar.jpg,sin_evaluar,1,0.9764995574951172
1790374215278,1790374215278__sin_evaluar.jpg,sin_evaluar,1,0.9761541485786438
1790374215417,1790374215417__sin_evaluar.jpg,sin_evaluar,1,0.9728431701660156
1790374215574,1790374215574__sin_evaluar.jpg,sin_evaluar,1,0.9727597236633301
1790374215698,1790374215698__sin_evaluar.jpg,sin_evaluar,1,0.971707820892334
1790374215880,1790374215880__sin_evaluar.jpg,sin_evaluar,1,0.9702783226966858
1790374215999,1790374215999__sin_evaluar.jpg,sin_evaluar,1,0.969765841960907
1790374216153,1790374216153__sin_evaluar.jpg,sin_evaluar,1,0.9686563611030579
1790374216280,1790374216280__sin_evaluar.jpg,sin_evaluar,1,0.9688180088996887
1790374216810,1790374216810__dedo_pulgar_1.00.jpg,dedo_pulgar_1.00,1,0.9686393141746521
1790374216810,1790374216810__sin_evaluar.jpg,sin_evaluar,1,0.9691154956817627
1790374216811,1790374216811__sin_evaluar.jpg,sin_evaluar,1,0.96913081407547
1790374216847,1790374216847__sin_evaluar.jpg,sin_evaluar,1,0.9722388982772827
1790374217142,1790374217142__sin_evaluar.jpg,sin_evaluar,1,0.9722170233726501
1790374217143,1790374217143__sin_evaluar.jpg,sin_evaluar,1,0.9756494760513306
1790374217295,1790374217295__sin_evaluar.jpg,sin_evaluar,1,0.9745760560035706
1790374217428,1790374217428__sin_evaluar.jpg,sin_evaluar,1,0.9765516519546509
1790374217678,1790374217678__sin_evaluar.jpg,sin_evaluar,1,0.9751323461532593
1790374217698,1790374217698__sin_evaluar.jpg,sin_evaluar,1,0.9727846384048462
1790374217979,1790374217979__sin_evaluar.jpg,sin_evaluar,1,0.9758509993553162
1790374218003,1790374218003__sin_evaluar.jpg,sin_evaluar,1,0.975661039352417
1790374218123,1790374218123__sin_evaluar.jpg,sin_evaluar,1,0.9736627340316772
1790374218313,1790374218313__sin_evaluar.jpg,sin_evaluar,1,0.9736096858978271
1790374218419,1790374218419__sin_evaluar.jpg,sin_evaluar,1,0.9743706583976746
1790374218580,1790374218580__sin_evaluar.jpg,sin_evaluar,1,0.9758490324020386
1790374218713,1790374218713__sin_evaluar.jpg,sin_evaluar,1,0.9718973636627197
1790374218887,1790374218887__sin_evaluar.jpg,sin_evaluar,1,0.971062183380127
1790374219011,1790374219011__sin_evaluar.jpg,sin_evaluar,1,0.973313570022583
1790374219159,1790374219159__sin_evaluar.jpg,sin_evaluar,1,0.9695491194725037
1790374219282,1790374219282__sin_evaluar.jpg,sin_evaluar,1,0.9710149765014648
1790374219431,1790374219431__sin_evaluar.jpg,sin_evaluar,1,0.9691328406333923
1790374219608,1790374219608__sin_evaluar.jpg,sin_evaluar,1,0.9709843993186951
1790374219713,1790374219713__sin_evaluar.jpg,sin_evaluar,1,0.9705798029899597
1790374219862,1790374219862__sin_evaluar.jpg,sin_evaluar,1,0.9710191488265991
1790374220013,1790374220013__sin_evaluar.jpg,sin_evaluar,1,0.9736787676811218
1790374220139,1790374220139__sin_evaluar.jpg,sin_evaluar,1,0.9755980968475342
1790374220278,1790374220278__sin_evaluar.jpg,sin_evaluar,1,0.976138174533844
1790374220449,1790374220449__sin_evaluar.jpg,sin_evaluar,1,0.9758932590484619
1790374220565,1790374220565__sin_evaluar.jpg,sin_evaluar,1,0.9748172760009766
1790374220719,1790374220719__sin_evaluar.jpg,sin_evaluar,1,0.9698784947395325
1790374220896,1790374220896__sin_evaluar.jpg,sin_evaluar,1,0.9728659391403198
1790374221030,1790374221030__sin_evaluar.jpg,sin_evaluar,1,0.9697322249412537
1790374221314,1790374221314__sin_evaluar.jpg,sin_evaluar,1,0.9682340621948242
1790374221426,1790374221426__sin_evaluar.jpg,sin_evaluar,1,0.9734532237052917
1790374221946,1790374221946__dedo_pulgar_0.76.jpg,dedo_pulgar_0.76,1,0.9721712470054626
1790374221947,1790374221947__sin_evaluar.jpg,sin_evaluar,1,0.9721434712409973
1790374221980,1790374221980__sin_evaluar.jpg,sin_evaluar,1,0.9724520444869995
1790374221999,1790374221999__sin_evaluar.jpg,sin_evaluar,1,0.9653841257095337
1790374222201,1790374222201__sin_evaluar.jpg,sin_evaluar,1,0.9762388467788696
1790374222362,1790374222362__sin_evaluar.jpg,sin_evaluar,1,0.9739887714385986
1790374222434,1790374222434__sin_evaluar.jpg,sin_evaluar,1,0.9821613430976868
1790374222732,1790374222732__sin_evaluar.jpg,sin_evaluar,0,
1790374222763,1790374222763__sin_evaluar.jpg,sin_evaluar,0,
1790374222849,1790374222849__sin_evaluar.jpg,sin_evaluar,0,
1790374223141,1790374223141__sin_evaluar.jpg,sin_evaluar,0,
1790374223142,1790374223142__sin_evaluar.jpg,sin_evaluar,0,
1790374223278,1790374223278__sin_evaluar.jpg,sin_evaluar,0,
1790374223448,1790374223448__sin_evaluar.jpg,sin_evaluar,0,
1790374223601,1790374223601__sin_evaluar.jpg,sin_evaluar,0,
1790374223710,1790374223710__sin_evaluar.jpg,sin_evaluar,0,
1790374223900,1790374223900__sin_evaluar.jpg,sin_evaluar,0,
1790374224125,1790374224125__sin_evaluar.jpg,sin_evaluar,0,
1790374224145,1790374224145__sin_evaluar.jpg,sin_evaluar,0,
1790374224300,1790374224300__sin_evaluar.jpg,sin_evaluar,0,
1790374224440,1790374224440__sin_evaluar.jpg,sin_evaluar,0,
1790374224604,1790374224604__sin_evaluar.jpg,sin_evaluar,0,
1790374224739,1790374224739__sin_evaluar.jpg,sin_evaluar,0,
1790374224884,1790374224884__sin_evaluar.jpg,sin_evaluar,0,
1790374225003,1790374225003__sin_evaluar.jpg,sin_evaluar,0,
1790374225153,1790374225153__sin_evaluar.jpg,sin_evaluar,0,
1790374225275,1790374225275__sin_evaluar.jpg,sin_evaluar,0,
1790374225437,1790374225437__sin_evaluar.jpg,sin_evaluar,0,
1790374225587,1790374225587__sin_evaluar.jpg,sin_evaluar,0,
1790374225713,1790374225713__sin_evaluar.jpg,sin_evaluar,0,
1790374225869,1790374225869__sin_evaluar.jpg,sin_evaluar,0,
1790374226014,1790374226014__sin_evaluar.jpg,sin_evaluar,0,
1790374226192,1790374226192__sin_evaluar.jpg,sin_evaluar,0,
1790374226274,1790374226274__sin_evaluar.jpg,sin_evaluar,0,
1790374226425,1790374226425__sin_evaluar.jpg,sin_evaluar,0,
1790374227098,1790374227098__sin_evaluar.jpg,sin_evaluar,0,
1790374227098,1790374227098__sin_gesto.jpg,sin_gesto,0,
1790374227099,1790374227099__sin_evaluar.jpg,sin_evaluar,0,
1790374227324,1790374227324__sin_evaluar.jpg,sin_evaluar,0,
1790374227350,1790374227350__sin_evaluar.jpg,sin_evaluar,0,
1790374227436,1790374227436__sin_evaluar.jpg,sin_evaluar,0,
1790374227702,1790374227702__sin_evaluar.jpg,sin_evaluar,0,
1790374227778,1790374227778__sin_evaluar.jpg,sin_evaluar,0,
1790374227852,1790374227852__sin_evaluar.jpg,sin_evaluar,0,
1790374228048,1790374228048__sin_evaluar.jpg,sin_evaluar,0,
1790374228146,1790374228146__sin_evaluar.jpg,sin_evaluar,0,
1790374228299,1790374228299__sin_evaluar.jpg,sin_evaluar,0,
1790374228441,1790374228441__sin_evaluar.jpg,sin_evaluar,0,
1790374228669,1790374228669__sin_evaluar.jpg,sin_evaluar,0,
1790374228719,1790374228719__sin_evaluar.jpg,sin_evaluar,0,
1790374228883,1790374228883__sin_evaluar.jpg,sin_evaluar,0,
1790374229018,1790374229018__sin_evaluar.jpg,sin_evaluar,0,
1790374229154,1790374229154__sin_evaluar.jpg,sin_evaluar,0,
1790374229323,1790374229323__sin_evaluar.jpg,sin_evaluar,0,
1790374229448,1790374229448__sin_evaluar.jpg,sin_evaluar,0,
1790374229593,1790374229593__sin_evaluar.jpg,sin_evaluar,0,
1790374229728,1790374229728__sin_evaluar.jpg,sin_evaluar,0,
1790374229864,1790374229864__sin_evaluar.jpg,sin_evaluar,0,
1790374229997,1790374229997__sin_evaluar.jpg,sin_evaluar,0,
1790374230183,1790374230183__sin_evaluar.jpg,sin_evaluar,0,
1790374230304,1790374230304__sin_evaluar.jpg,sin_evaluar,0,
1790374230461,1790374230461__sin_evaluar.jpg,sin_evaluar,0,
1790374230561,1790374230561__sin_evaluar.jpg,sin_evaluar,0,
1790374230748,1790374230748__sin_evaluar.jpg,sin_evaluar,0,
1790374230867,1790374230867__sin_evaluar.jpg,sin_evaluar,0,
1790374231018,1790374231018__sin_evaluar.jpg,sin_evaluar,0,
1790374231142,1790374231142__sin_evaluar.jpg,sin_evaluar,0,
1790374231329,1790374231329__sin_evaluar.jpg,sin_evaluar,1,0.9143542647361755
1790374231431,1790374231431__sin_evaluar.jpg,sin_evaluar,0,
1790374231573,1790374231573__sin_evaluar.jpg,sin_evaluar,0,
1790374232113,1790374232113__sin_gesto.jpg,sin_gesto,0,
1790374232113,1790374232113__sin_evaluar.jpg,sin_evaluar,1,0.9783157110214233
1790374232154,1790374232154__sin_evaluar.jpg,sin_evaluar,1,0.978739857673645
1790374232299,1790374232299__sin_evaluar.jpg,sin_evaluar,1,0.9781875610351562
1790374232429,1790374232429__sin_evaluar.jpg,sin_evaluar,1,0.9762524366378784
1790374232592,1790374232592__sin_evaluar.jpg,sin_evaluar,1,0.9761552214622498
1790374232740,1790374232740__sin_evaluar.jpg,sin_evaluar,1,0.9806206822395325
1790374232874,1790374232874__sin_evaluar.jpg,sin_evaluar,1,0.9780367612838745
1790374233031,1790374233031__sin_evaluar.jpg,sin_evaluar,1,0.9797705411911011
1790374233172,1790374233172__sin_evaluar.jpg,sin_evaluar,1,0.9780464768409729
1790374233299,1790374233299__sin_evaluar.jpg,sin_evaluar,1,0.9842046499252319
1790374233461,1790374233461__sin_evaluar.jpg,sin_evaluar,1,0.9782407879829407
1790374233595,1790374233595__sin_evaluar.jpg,sin_evaluar,1,0.9717556834220886
1790374233761,1790374233761__sin_evaluar.jpg,sin_evaluar,1,0.9740346670150757
1790374233883,1790374233883__sin_evaluar.jpg,sin_evaluar,1,0.9801123142242432
1790374234009,1790374234009__sin_evaluar.jpg,sin_evaluar,1,0.9760686159133911
1790374234180,1790374234180__sin_evaluar.jpg,sin_evaluar,1,0.9694244861602783
1790374234310,1790374234310__sin_evaluar.jpg,sin_evaluar,1,0.9718838334083557
1790374234444,1790374234444__sin_evaluar.jpg,sin_evaluar,1,0.9747089147567749
1790374234578,1790374234578__sin_evaluar.jpg,sin_evaluar,1,0.9716604351997375
1790374234739,1790374234739__sin_evaluar.jpg,sin_evaluar,1,0.9772875905036926
1790374234872,1790374234872__sin_evaluar.jpg,sin_evaluar,1,0.9776696562767029
1790374235016,1790374235016__sin_evaluar.jpg,sin_evaluar,1,0.979436993598938
1790374235161,1790374235161__sin_evaluar.jpg,sin_evaluar,1,0.9821126461029053
1790374235330,1790374235330__sin_evaluar.jpg,sin_evaluar,1,0.9623799324035645
1790374235453,1790374235453__sin_evaluar.jpg,sin_evaluar,1,0.9671727418899536
1790374235609,1790374235609__sin_evaluar.jpg,sin_evaluar,1,0.9780219793319702
1790374235729,1790374235729__sin_evaluar.jpg,sin_evaluar,1,0.9771785140037537
1790374235862,1790374235862__sin_evaluar.jpg,sin_evaluar,1,0.9828704595565796
1790374236014,1790374236014__sin_evaluar.jpg,sin_evaluar,1,0.9824946522712708
1790374236153,1790374236153__sin_evaluar.jpg,sin_evaluar,1,0.9837486743927002
1790374236300,1790374236300__sin_evaluar.jpg,sin_evaluar,1,0.9783326387405396
1790374236453,1790374236453__sin_evaluar.jpg,sin_evaluar,1,0.9840468764305115
1790374236596,1790374236596__sin_evaluar.jpg,sin_evaluar,1,0.9829168915748596
1790374236733,1790374236733__sin_evaluar.jpg,sin_evaluar,1,0.9830475449562073
1790374237239,1790374237239__sin_evaluar.jpg,sin_evaluar,1,0.982928454875946
1790374237239,1790374237239__dedo_pulgar_0.89.jpg,dedo_pulgar_0.89,1,0.9841081500053406
1790374237240,1790374237240__sin_evaluar.jpg,sin_evaluar,1,0.9857850074768066
1790374237291,1790374237291__sin_evaluar.jpg,sin_evaluar,1,0.9816850423812866
1790374237460,1790374237460__sin_evaluar.jpg,sin_evaluar,1,0.9826902747154236
1790374237582,1790374237582__sin_evaluar.jpg,sin_evaluar,1,0.9829248189926147
1790374237748,1790374237748__sin_evaluar.jpg,sin_evaluar,1,0.9830045104026794
1790374237883,1790374237883__sin_evaluar.jpg,sin_evaluar,1,0.9840158820152283
1790374238020,1790374238020__sin_evaluar.jpg,sin_evaluar,1,0.9859641194343567
1790374238160,1790374238160__sin_evaluar.jpg,sin_evaluar,1,0.984671950340271
1790374238294,1790374238294__sin_evaluar.jpg,sin_evaluar,1,0.9851526021957397
1790374238469,1790374238469__sin_evaluar.jpg,sin_evaluar,1,0.984388530254364
1790374238594,1790374238594__sin_evaluar.jpg,sin_evaluar,1,0.984165608882904
1790374238751,1790374238751__sin_evaluar.jpg,sin_evaluar,1,0.9853786826133728
1790374238904,1790374238904__sin_evaluar.jpg,sin_evaluar,1,0.9861924052238464
1790374239012,1790374239012__sin_evaluar.jpg,sin_evaluar,1,0.9860007166862488
1790374239159,1790374239159__sin_evaluar.jpg,sin_evaluar,1,0.9867732524871826
1790374239314,1790374239314__sin_evaluar.jpg,sin_evaluar,1,0.98237544298172
1790374239456,1790374239456__sin_evaluar.jpg,sin_evaluar,1,0.9856037497520447
1790374239582,1790374239582__sin_evaluar.jpg,sin_evaluar,1,0.9841745495796204
1790374239733,1790374239733__sin_evaluar.jpg,sin_evaluar,1,0.9845706224441528
1790374239875,1790374239875__sin_evaluar.jpg,sin_evaluar,1,0.9853246212005615
1790374240028,1790374240028__sin_evaluar.jpg,sin_evaluar,1,0.9852491617202759
1790374240176,1790374240176__sin_evaluar.jpg,sin_evaluar,1,0.9863457679748535
1790374240313,1790374240313__sin_evaluar.jpg,sin_evaluar,1,0.9858124256134033
1790374240444,1790374240444__sin_evaluar.jpg,sin_evaluar,1,0.9844197630882263
1790374240600,1790374240600__sin_evaluar.jpg,sin_evaluar,1,0.9821813106536865
1790374240751,1790374240751__sin_evaluar.jpg,sin_evaluar,1,0.9837030172348022
1790374240885,1790374240885__sin_evaluar.jpg,sin_evaluar,1,0.9831839799880981
1790374241021,1790374241021__sin_evaluar.jpg,sin_evaluar,1,0.9837293028831482
1790374241162,1790374241162__sin_evaluar.jpg,sin_evaluar,1,0.9847421050071716
1790374241296,1790374241296__sin_evaluar.jpg,sin_evaluar,1,0.9866124391555786
1790374241441,1790374241441__sin_evaluar.jpg,sin_evaluar,1,0.9790524244308472
1790374241614,1790374241614__sin_evaluar.jpg,sin_evaluar,1,0.9878389835357666
1790374241741,1790374241741__sin_evaluar.jpg,sin_evaluar,1,0.9803853034973145
1790374242253,1790374242253__dedo_pulgar_1.00.jpg,dedo_pulgar_1.00,1,0.9862774610519409
1790374242254,1790374242254__sin_evaluar.jpg,sin_evaluar,1,0.98322594165802
1790374242323,1790374242323__sin_evaluar.jpg,sin_evaluar,1,0.9834158420562744
1790374242447,1790374242447__sin_evaluar.jpg,sin_evaluar,1,0.9824929237365723
1790374242664,1790374242664__sin_evaluar.jpg,sin_evaluar,1,0.9811262488365173
1790374242739,1790374242739__sin_evaluar.jpg,sin_evaluar,1,0.9846966862678528
1790374242879,1790374242879__sin_evaluar.jpg,sin_evaluar,1,0.982561469078064
1790374243023,1790374243023__sin_evaluar.jpg,sin_evaluar,1,0.9832984209060669
1790374243169,1790374243169__sin_evaluar.jpg,sin_evaluar,1,0.9854750633239746
1790374243312,1790374243312__sin_evaluar.jpg,sin_evaluar,1,0.9871336221694946
1790374243461,1790374243461__sin_evaluar.jpg,sin_evaluar,1,0.9846805930137634
1790374243586,1790374243586__sin_evaluar.jpg,sin_evaluar,1,0.9862958192825317
1790374243739,1790374243739__sin_evaluar.jpg,sin_evaluar,1,0.9823363423347473
1790374243914,1790374243914__sin_evaluar.jpg,sin_evaluar,1,0.983566164970398
1790374244033,1790374244033__sin_evaluar.jpg,sin_evaluar,1,0.9839245080947876
1790374244165,1790374244165__sin_evaluar.jpg,sin_evaluar,1,0.9844672679901123
1790374244310,1790374244310__sin_evaluar.jpg,sin_evaluar,1,0.984410285949707
1790374244455,1790374244455__sin_evaluar.jpg,sin_evaluar,1,0.986757755279541
1790374244609,1790374244609__sin_evaluar.jpg,sin_evaluar,1,0.9853774905204773
1790374244757,1790374244757__sin_evaluar.jpg,sin_evaluar,1,0.984050989151001
1790374244893,1790374244893__sin_evaluar.jpg,sin_evaluar,1,0.9847246408462524
1790374245038,1790374245038__sin_evaluar.jpg,sin_evaluar,1,0.982668936252594
1790374245178,1790374245178__sin_evaluar.jpg,sin_evaluar,1,0.985900342464447
1790374245308,1790374245308__sin_evaluar.jpg,sin_evaluar,1,0.9836000800132751
1790374245460,1790374245460__sin_evaluar.jpg,sin_evaluar,1,0.9853919148445129
1790374245605,1790374245605__sin_evaluar.jpg,sin_evaluar,1,0.9817563891410828
1790374245748,1790374245748__sin_evaluar.jpg,sin_evaluar,1,0.9826986193656921
1790374245880,1790374245880__sin_evaluar.jpg,sin_evaluar,1,0.9805037975311279
1790374246037,1790374246037__sin_evaluar.jpg,sin_evaluar,1,0.9838812947273254
1790374246170,1790374246170__sin_evaluar.jpg,sin_evaluar,1,0.9845216274261475
1790374246316,1790374246316__sin_evaluar.jpg,sin_evaluar,1,0.9820778369903564
1790374246488,1790374246488__sin_evaluar.jpg,sin_evaluar,1,0.9806765913963318
1790374246593,1790374246593__sin_evaluar.jpg,sin_evaluar,1,0.9846063256263733
1790374246768,1790374246768__sin_evaluar.jpg,sin_evaluar,1,0.985007107257843
1790374246882,1790374246882__sin_evaluar.jpg,sin_evaluar,1,0.9860000610351562
1790374247402,1790374247402__dedo_pulgar_1.00.jpg,dedo_pulgar_1.00,1,0.9869334101676941
1790374247403,1790374247403__sin_evaluar.jpg,sin_evaluar,1,0.9829024076461792
1790374247447,1790374247447__sin_evaluar.jpg,sin_evaluar,1,0.983975350856781
1790374247614,1790374247614__sin_evaluar.jpg,sin_evaluar,1,0.9838293790817261
1790374247761,1790374247761__sin_evaluar.jpg,sin_evaluar,1,0.9850811958312988
1790374247884,1790374247884__sin_evaluar.jpg,sin_evaluar,1,0.9856572151184082
1790374248032,1790374248032__sin_evaluar.jpg,sin_evaluar,1,0.9843662977218628
1790374248174,1790374248174__sin_evaluar.jpg,sin_evaluar,1,0.9823495745658875
1790374248322,1790374248322__sin_evaluar.jpg,sin_evaluar,1,0.9837657809257507
1790374248449,1790374248449__sin_evaluar.jpg,sin_evaluar,1,0.9829013347625732
1790374248620,1790374248620__sin_evaluar.jpg,sin_evaluar,1,0.9831231832504272
1790374248754,1790374248754__sin_evaluar.jpg,sin_evaluar,1,0.9808194637298584
1790374248895,1790374248895__sin_evaluar.jpg,sin_evaluar,1,0.982146143913269
1790374249034,1790374249034__sin_evaluar.jpg,sin_evaluar,1,0.9836655855178833
1790374249184,1790374249184__sin_evaluar.jpg,sin_evaluar,1,0.9828411340713501
1790374249329,1790374249329__sin_evaluar.jpg,sin_evaluar,1,0.9841130971908569
1790374249474,1790374249474__sin_evaluar.jpg,sin_evaluar,1,0.9841635227203369
1790374249608,1790374249608__sin_evaluar.jpg,sin_evaluar,1,0.9801369309425354
1790374249767,1790374249767__sin_evaluar.jpg,sin_evaluar,1,0.9837577939033508
1790374249900,1790374249900__sin_evaluar.jpg,sin_evaluar,1,0.9820864200592041
1790374250028,1790374250028__sin_evaluar.jpg,sin_evaluar,1,0.9799842834472656
1790374250164,1790374250164__sin_evaluar.jpg,sin_evaluar,1,0.9832915663719177
1790374250326,1790374250326__sin_evaluar.jpg,sin_evaluar,1,0.9824473857879639
1790374250459,1790374250459__sin_evaluar.jpg,sin_evaluar,1,0.9814874529838562
1790374250593,1790374250593__sin_evaluar.jpg,sin_evaluar,1,0.9847217798233032
1790374250769,1790374250769__sin_evaluar.jpg,sin_evaluar,1,0.9832172989845276
1790374250889,1790374250889__sin_evaluar.jpg,sin_evaluar,1,0.9844886660575867
1790374251039,1790374251039__sin_evaluar.jpg,sin_evaluar,1,0.9847849011421204
1790374251211,1790374251211__sin_evaluar.jpg,sin_evaluar,1,0.9839667677879333
1790374251337,1790374251337__sin_evaluar.jpg,sin_evaluar,1,0.9818356037139893
1790374251480,1790374251480__sin_evaluar.jpg,sin_evaluar,1,0.9839124083518982
1790374251599,1790374251599__sin_evaluar.jpg,sin_evaluar,1,0.9838512539863586
1790374251769,1790374251769__sin_evaluar.jpg,sin_evaluar,1,0.9841347336769104
1790374251922,1790374251922__sin_evaluar.jpg,sin_evaluar,1,0.9841940999031067
1790374252019,1790374252019__sin_evaluar.jpg,sin_evaluar,1,0.98429274559021
1790374252553,1790374252553__dedo_pulgar_1.00.jpg,dedo_pulgar_1.00,1,0.9856922030448914
1790374252554,1790374252554__sin_evaluar.jpg,sin_evaluar,1,0.9846017360687256
1790374252608,1790374252608__sin_evaluar.jpg,sin_evaluar,1,0.9855974316596985
1790374252760,1790374252760__sin_evaluar.jpg,sin_evaluar,1,0.9839777946472168
1790374252896,1790374252896__sin_evaluar.jpg,sin_evaluar,1,0.9839009046554565
1790374253073,1790374253073__sin_evaluar.jpg,sin_evaluar,1,0.9854017496109009
1790374253192,1790374253192__sin_evaluar.jpg,sin_evaluar,1,0.9847398996353149
1790374253314,1790374253314__sin_evaluar.jpg,sin_evaluar,1,0.9833430051803589
1790374253496,1790374253496__sin_evaluar.jpg,sin_evaluar,1,0.9853944182395935
1790374253618,1790374253618__sin_evaluar.jpg,sin_evaluar,1,0.9849840402603149
1790374253754,1790374253754__sin_evaluar.jpg,sin_evaluar,1,0.9840811491012573
1790374253923,1790374253923__sin_evaluar.jpg,sin_evaluar,1,0.9830995202064514
1790374254027,1790374254027__sin_evaluar.jpg,sin_evaluar,1,0.9844253659248352
1790374254171,1790374254171__sin_evaluar.jpg,sin_evaluar,1,0.9855440258979797
1790374254305,1790374254305__sin_evaluar.jpg,sin_evaluar,1,0.9830660223960876
1790374254505,1790374254505__sin_evaluar.jpg,sin_evaluar,1,0.9820131063461304
1790374254587,1790374254587__sin_evaluar.jpg,sin_evaluar,1,0.9904763102531433
1790374254753,1790374254753__sin_evaluar.jpg,sin_evaluar,0,
1790374254914,1790374254914__sin_evaluar.jpg,sin_evaluar,0,
1790374255043,1790374255043__sin_evaluar.jpg,sin_evaluar,0,
1790374255205,1790374255205__sin_evaluar.jpg,sin_evaluar,0,
1790374255322,1790374255322__sin_evaluar.jpg,sin_evaluar,0,
1790374255482,1790374255482__sin_evaluar.jpg,sin_evaluar,0,
1790374255615,1790374255615__sin_evaluar.jpg,sin_evaluar,0,
1790374255751,1790374255751__sin_evaluar.jpg,sin_evaluar,0,
1790374255925,1790374255925__sin_evaluar.jpg,sin_evaluar,0,
1790374256045,1790374256045__sin_evaluar.jpg,sin_evaluar,0,
1790374256189,1790374256189__sin_evaluar.jpg,sin_evaluar,0,
1790374256344,1790374256344__sin_evaluar.jpg,sin_evaluar,0,
1790374256484,1790374256484__sin_evaluar.jpg,sin_evaluar,0,
1790374256599,1790374256599__sin_evaluar.jpg,sin_evaluar,0,
1790374256755,1790374256755__sin_evaluar.jpg,sin_evaluar,0,
1790374256904,1790374256904__sin_evaluar.jpg,sin_evaluar,0,
1790374257040,1790374257040__sin_evaluar.jpg,sin_evaluar,0,
1790374257585,1790374257585__sin_evaluar.jpg,sin_evaluar,0,
1790374257585,1790374257585__dedo_pulgar_0.77.jpg,dedo_pulgar_0.77,0,
1790374257586,1790374257586__sin_evaluar.jpg,sin_evaluar,0,
1790374257604,1790374257604__sin_evaluar.jpg,sin_evaluar,0,
1790374257737,1790374257737__sin_evaluar.jpg,sin_evaluar,0,
1790374257896,1790374257896__sin_evaluar.jpg,sin_evaluar,0,
1790374258038,1790374258038__sin_evaluar.jpg,sin_evaluar,0,
1790374258194,1790374258194__sin_evaluar.jpg,sin_evaluar,0,
1790374258353,1790374258353__sin_evaluar.jpg,sin_evaluar,0,
1790374258460,1790374258460__sin_evaluar.jpg,sin_evaluar,0,
1790374258624,1790374258624__sin_evaluar.jpg,sin_evaluar,0,
1790374258756,1790374258756__sin_evaluar.jpg,sin_evaluar,0,
1790374258891,1790374258891__sin_evaluar.jpg,sin_evaluar,0,
1790374259056,1790374259056__sin_evaluar.jpg,sin_evaluar,0,
1790374259169,1790374259169__sin_evaluar.jpg,sin_evaluar,0,
1790374259313,1790374259313__sin_evaluar.jpg,sin_evaluar,0,
1790374259484,1790374259484__sin_evaluar.jpg,sin_evaluar,0,
1790374259597,1790374259597__sin_evaluar.jpg,sin_evaluar,0,
1790374259783,1790374259783__sin_evaluar.jpg,sin_evaluar,0,
1790374259899,1790374259899__sin_evaluar.jpg,sin_evaluar,0,
1790374260036,1790374260036__sin_evaluar.jpg,sin_evaluar,0,
1790374260204,1790374260204__sin_evaluar.jpg,sin_evaluar,0,
1790374260326,1790374260326__sin_evaluar.jpg,sin_evaluar,0,
1790374260468,1790374260468__sin_evaluar.jpg,sin_evaluar,0,
1790374260619,1790374260619__sin_evaluar.jpg,sin_evaluar,0,
1790374260782,1790374260782__sin_evaluar.jpg,sin_evaluar,0,
1790374260879,1790374260879__sin_evaluar.jpg,sin_evaluar,0,
1790374261056,1790374261056__sin_evaluar.jpg,sin_evaluar,0,
1790374261180,1790374261180__sin_evaluar.jpg,sin_evaluar,0,
1790374261337,1790374261337__sin_evaluar.jpg,sin_evaluar,0,
1790374261460,1790374261460__sin_evaluar.jpg,sin_evaluar,0,
1790374261624,1790374261624__sin_evaluar.jpg,sin_evaluar,0,
1790374261739,1790374261739__sin_evaluar.jpg,sin_evaluar,0,
1790374261895,1790374261895__sin_evaluar.jpg,sin_evaluar,1,0.983674943447113
1790374262085,1790374262085__sin_evaluar.jpg,sin_evaluar,1,0.9871620535850525
1790374262203,1790374262203__sin_evaluar.jpg,sin_evaluar,1,0.981608510017395
1790374262730,1790374262730__sin_gesto.jpg,sin_gesto,1,0.9728873372077942
1790374262731,1790374262731__sin_evaluar.jpg,sin_evaluar,1,0.9712089896202087
1790374262776,1790374262776__sin_evaluar.jpg,sin_evaluar,1,0.9666128754615784
1790374262895,1790374262895__sin_evaluar.jpg,sin_evaluar,1,0.9763749241828918
1790374263056,1790374263056__sin_evaluar.jpg,sin_evaluar,1,0.9774889349937439
1790374263188,1790374263188__sin_evaluar.jpg,sin_evaluar,1,0.9700829386711121
1790374263320,1790374263320__sin_evaluar.jpg,sin_evaluar,1,0.9712035059928894
1790374263476,1790374263476__sin_evaluar.jpg,sin_evaluar,1,0.9699936509132385
1790374263611,1790374263611__sin_evaluar.jpg,sin_evaluar,1,0.9728084802627563
1790374263751,1790374263751__sin_evaluar.jpg,sin_evaluar,1,0.9758390784263611
1790374263896,1790374263896__sin_evaluar.jpg,sin_evaluar,1,0.9736537933349609
1790374264055,1790374264055__sin_evaluar.jpg,sin_evaluar,1,0.980763852596283
1790374264206,1790374264206__sin_evaluar.jpg,sin_evaluar,1,0.9697262644767761
1790374264335,1790374264335__sin_evaluar.jpg,sin_evaluar,1,0.969083845615387
1790374264476,1790374264476__sin_evaluar.jpg,sin_evaluar,1,0.9636274576187134
1790374264620,1790374264620__sin_evaluar.jpg,sin_evaluar,1,0.973751425743103
1790374264795,1790374264795__sin_evaluar.jpg,sin_evaluar,1,0.9654740691184998
1790374264905,1790374264905__sin_evaluar.jpg,sin_evaluar,1,0.9698814749717712
1790374265064,1790374265064__sin_evaluar.jpg,sin_evaluar,1,0.9742069840431213
1790374265185,1790374265185__sin_evaluar.jpg,sin_evaluar,1,0.9671957492828369
1790374265371,1790374265371__sin_evaluar.jpg,sin_evaluar,1,0.9704316854476929
1790374265491,1790374265491__sin_evaluar.jpg,sin_evaluar,1,0.9660701751708984
1790374265616,1790374265616__sin_evaluar.jpg,sin_evaluar,1,0.9669309258460999
1790374265774,1790374265774__sin_evaluar.jpg,sin_evaluar,1,0.9714886546134949
1790374265884,1790374265884__sin_evaluar.jpg,sin_evaluar,1,0.9684664011001587
1790374266070,1790374266070__sin_evaluar.jpg,sin_evaluar,1,0.9725691080093384
1790374266199,1790374266199__sin_evaluar.jpg,sin_evaluar,1,0.9758137464523315
1790374266335,1790374266335__sin_evaluar.jpg,sin_evaluar,1,0.9741119742393494
1790374266484,1790374266484__sin_evaluar.jpg,sin_evaluar,1,0.9765781164169312
1790374266611,1790374266611__sin_evaluar.jpg,sin_evaluar,1,0.975579559803009
1790374266765,1790374266765__sin_evaluar.jpg,sin_evaluar,1,0.9745645523071289
1790374266916,1790374266916__sin_evaluar.jpg,sin_evaluar,1,0.9716541171073914
1790374267056,1790374267056__sin_evaluar.jpg,sin_evaluar,1,0.9766755700111389
1790374267204,1790374267204__sin_evaluar.jpg,sin_evaluar,1,0.9723209142684937
1790374267340,1790374267340__sin_evaluar.jpg,sin_evaluar,1,0.972959578037262
1790374267844,1790374267844__sin_evaluar.jpg,sin_evaluar,1,0.9715775847434998
1790374267844,1790374267844__sin_gesto.jpg,sin_gesto,1,0.9664409756660461
1790374267890,1790374267890__sin_evaluar.jpg,sin_evaluar,1,0.9744123220443726
1790374268064,1790374268064__sin_evaluar.jpg,sin_evaluar,1,0.9735640287399292
1790374268220,1790374268220__sin_evaluar.jpg,sin_evaluar,1,0.9775950908660889
1790374268344,1790374268344__sin_evaluar.jpg,sin_evaluar,1,0.9771714210510254
1790374268503,1790374268503__sin_evaluar.jpg,sin_evaluar,1,0.9766144156455994
1790374268630,1790374268630__sin_evaluar.jpg,sin_evaluar,1,0.9737073183059692
1790374268783,1790374268783__sin_evaluar.jpg,sin_evaluar,1,0.9800492525100708
1790374268900,1790374268900__sin_evaluar.jpg,sin_evaluar,1,0.9786097407341003
1790374269063,1790374269063__sin_evaluar.jpg,sin_evaluar,1,0.9759767651557922
1790374269203,1790374269203__sin_evaluar.jpg,sin_evaluar,1,0.9782710671424866
1790374269330,1790374269330__sin_evaluar.jpg,sin_evaluar,1,0.979167103767395
1790374269500,1790374269500__sin_evaluar.jpg,sin_evaluar,1,0.9743750691413879
1790374269609,1790374269609__sin_evaluar.jpg,sin_evaluar,1,0.9782683253288269
1790374269777,1790374269777__sin_evaluar.jpg,sin_evaluar,1,0.980260968208313
1790374269903,1790374269903__sin_evaluar.jpg,sin_evaluar,1,0.9758573174476624
1790374270064,1790374270064__sin_evaluar.jpg,sin_evaluar,1,0.9787554740905762
1790374270205,1790374270205__sin_evaluar.jpg,sin_evaluar,1,0.975620687007904
1790374270346,1790374270346__sin_evaluar.jpg,sin_evaluar,1,0.980405330657959
1790374270470,1790374270470__sin_evaluar.jpg,sin_evaluar,1,0.9797877669334412
1790374270618,1790374270618__sin_evaluar.jpg,sin_evaluar,1,0.9815880060195923
1790374270777,1790374270777__sin_evaluar.jpg,sin_evaluar,1,0.9821357131004333
1790374270916,1790374270916__sin_evaluar.jpg,sin_evaluar,1,0.9730226397514343
1790374271057,1790374271057__sin_evaluar.jpg,sin_evaluar,1,0.9760702252388
1790374271204,1790374271204__sin_evaluar.jpg,sin_evaluar,1,0.977760374546051
1790374271347,1790374271347__sin_evaluar.jpg,sin_evaluar,1,0.9760922193527222
1790374271478,1790374271478__sin_evaluar.jpg,sin_evaluar,1,0.973871648311615
1790374271603,1790374271603__sin_evaluar.jpg,sin_evaluar,1,0.9785202741622925
1790374271783,1790374271783__sin_evaluar.jpg,sin_evaluar,1,0.9775169491767883
1790374271924,1790374271924__sin_evaluar.jpg,sin_evaluar,1,0.9787055850028992
1790374272077,1790374272077__sin_evaluar.jpg,sin_evaluar,1,0.9771143198013306
1790374272197,1790374272197__sin_evaluar.jpg,sin_evaluar,1,0.9776498675346375
1790374272324,1790374272324__sin_evaluar.jpg,sin_evaluar,1,0.9811710119247437
1790374272873,1790374272873__sin_gesto.jpg,sin_gesto,1,0.9786509871482849
1790374272873,1790374272873__sin_evaluar.jpg,sin_evaluar,1,0.972333550453186
1790374272915,1790374272915__sin_evaluar.jpg,sin_evaluar,1,0.9701086282730103
1790374273043,1790374273043__sin_evaluar.jpg,sin_evaluar,1,0.9754179120063782
1790374273197,1790374273197__sin_evaluar.jpg,sin_evaluar,1,0.973796546459198
1790374273356,1790374273356__sin_evaluar.jpg,sin_evaluar,1,0.9811898469924927
1790374273496,1790374273496__sin_evaluar.jpg,sin_evaluar,1,0.9755594730377197
1790374273627,1790374273627__sin_evaluar.jpg,sin_evaluar,1,0.9706690311431885
1790374273752,1790374273752__sin_evaluar.jpg,sin_evaluar,1,0.9659486413002014
1790374273924,1790374273924__sin_evaluar.jpg,sin_evaluar,1,0.9712929725646973
1790374274048,1790374274048__sin_evaluar.jpg,sin_evaluar,1,0.9719019532203674
1790374274187,1790374274187__sin_evaluar.jpg,sin_evaluar,1,0.9686623811721802
1790374274323,1790374274323__sin_evaluar.jpg,sin_evaluar,1,0.9718734622001648
1790374274479,1790374274479__sin_evaluar.jpg,sin_evaluar,1,0.9813247919082642
1790374274626,1790374274626__sin_evaluar.jpg,sin_evaluar,0,
1790374274775,1790374274775__sin_evaluar.jpg,sin_evaluar,0,
1790374274919,1790374274919__sin_evaluar.jpg,sin_evaluar,0,
1790374275068,1790374275068__sin_evaluar.jpg,sin_evaluar,0,
1790374275206,1790374275206__sin_evaluar.jpg,sin_evaluar,0,
1790374275355,1790374275355__sin_evaluar.jpg,sin_evaluar,0,
1790374275497,1790374275497__sin_evaluar.jpg,sin_evaluar,0,
1790374275623,1790374275623__sin_evaluar.jpg,sin_evaluar,0,
1790374275772,1790374275772__sin_evaluar.jpg,sin_evaluar,0,
1790374275952,1790374275952__sin_evaluar.jpg,sin_evaluar,0,
1790374276050,1790374276050__sin_evaluar.jpg,sin_evaluar,0,
1790374276202,1790374276202__sin_evaluar.jpg,sin_evaluar,0,
1790374276362,1790374276362__sin_evaluar.jpg,sin_evaluar,0,
1790374276483,1790374276483__sin_evaluar.jpg,sin_evaluar,0,
1790374276647,1790374276647__sin_evaluar.jpg,sin_evaluar,0,
1790374276782,1790374276782__sin_evaluar.jpg,sin_evaluar,0,
1790374276926,1790374276926__sin_evaluar.jpg,sin_evaluar,0,
1790374277067,1790374277067__sin_evaluar.jpg,sin_evaluar,0,
1790374277196,1790374277196__sin_evaluar.jpg,sin_evaluar,0,
1790374277328,1790374277328__sin_evaluar.jpg,sin_evaluar,0,
1790374277497,1790374277497__sin_evaluar.jpg,sin_evaluar,0,
1790374277997,1790374277997__sin_evaluar.jpg,sin_evaluar,0,
1790374277997,1790374277997__dedo_pulgar_0.72.jpg,dedo_pulgar_0.72,0,
1790374277998,1790374277998__sin_evaluar.jpg,sin_evaluar,0,
1790374278084,1790374278084__sin_evaluar.jpg,sin_evaluar,0,
1790374278204,1790374278204__sin_evaluar.jpg,sin_evaluar,0,
1790374278363,1790374278363__sin_evaluar.jpg,sin_evaluar,0,
1790374278496,1790374278496__sin_evaluar.jpg,sin_evaluar,0,
1790374278674,1790374278674__sin_evaluar.jpg,sin_evaluar,0,
1790374278777,1790374278777__sin_evaluar.jpg,sin_evaluar,0,
1790374278935,1790374278935__sin_evaluar.jpg,sin_evaluar,0,
1790374279104,1790374279104__sin_evaluar.jpg,sin_evaluar,0,
1790374279216,1790374279216__sin_evaluar.jpg,sin_evaluar,0,
1790374279377,1790374279377__sin_evaluar.jpg,sin_evaluar,0,
1790374279505,1790374279505__sin_evaluar.jpg,sin_evaluar,0,
1790374279639,1790374279639__sin_evaluar.jpg,sin_evaluar,0,
1790374279794,1790374279794__sin_evaluar.jpg,sin_evaluar,0,
1790374279915,1790374279915__sin_evaluar.jpg,sin_evaluar,0,
1790374280058,1790374280058__sin_evaluar.jpg,sin_evaluar,0,
1790374280195,1790374280195__sin_evaluar.jpg,sin_evaluar,0,
1790374280377,1790374280377__sin_evaluar.jpg,sin_evaluar,0,
1790374280519,1790374280519__sin_evaluar.jpg,sin_evaluar,0,
1790374280642,1790374280642__sin_evaluar.jpg,sin_evaluar,0,
1790374280778,1790374280778__sin_evaluar.jpg,sin_evaluar,0,
1790374280930,1790374280930__sin_evaluar.jpg,sin_evaluar,0,
1790374281062,1790374281062__sin_evaluar.jpg,sin_evaluar,0,
1790374281195,1790374281195__sin_evaluar.jpg,sin_evaluar,0,
1790374281339,1790374281339__sin_evaluar.jpg,sin_evaluar,0,
1790374281473,1790374281473__sin_evaluar.jpg,sin_evaluar,0,
1790374281649,1790374281649__sin_evaluar.jpg,sin_evaluar,0,
1790374281795,1790374281795__sin_evaluar.jpg,sin_evaluar,0,
1790374281954,1790374281954__sin_evaluar.jpg,sin_evaluar,0,
1790374282084,1790374282084__sin_evaluar.jpg,sin_evaluar,0,
1790374282215,1790374282215__sin_evaluar.jpg,sin_evaluar,0,
1790374282343,1790374282343__sin_evaluar.jpg,sin_evaluar,0,
1790374282504,1790374282504__sin_evaluar.jpg,sin_evaluar,0,
1790374283025,1790374283025__sin_evaluar.jpg,sin_evaluar,0,
1790374283025,1790374283025__sin_gesto.jpg,sin_gesto,0,
1790374283026,1790374283026__sin_evaluar.jpg,sin_evaluar,0,
1790374283082,1790374283082__sin_evaluar.jpg,sin_evaluar,0,
1790374283203,1790374283203__sin_evaluar.jpg,sin_evaluar,0,
1790374283343,1790374283343__sin_evaluar.jpg,sin_evaluar,0,
1790374283524,1790374283524__sin_evaluar.jpg,sin_evaluar,0,
1790374283637,1790374283637__sin_evaluar.jpg,sin_evaluar,0,
1790374283776,1790374283776__sin_evaluar.jpg,sin_evaluar,0,
1790374283937,1790374283937__sin_evaluar.jpg,sin_evaluar,0,
1790374284095,1790374284095__sin_evaluar.jpg,sin_evaluar,0,
1790374284218,1790374284218__sin_evaluar.jpg,sin_evaluar,0,
1790374284371,1790374284371__sin_evaluar.jpg,sin_evaluar,0,
1790374284496,1790374284496__sin_evaluar.jpg,sin_evaluar,0,
1790374284632,1790374284632__sin_evaluar.jpg,sin_evaluar,0,
1790374284816,1790374284816__sin_evaluar.jpg,sin_evaluar,0,
1790374284960,1790374284960__sin_evaluar.jpg,sin_evaluar,0,
1790374285122,1790374285122__sin_evaluar.jpg,sin_evaluar,0,
1790374285274,1790374285274__sin_evaluar.jpg,sin_evaluar,0,
1790374285346,1790374285346__sin_evaluar.jpg,sin_evaluar,0,
1790374285515,1790374285515__sin_evaluar.jpg,sin_evaluar,0,
1790374285639,1790374285639__sin_evaluar.jpg,sin_evaluar,0,
1790374285803,1790374285803__sin_evaluar.jpg,sin_evaluar,0,
1790374285949,1790374285949__sin_evaluar.jpg,sin_evaluar,0,
1790374286057,1790374286057__sin_evaluar.jpg,sin_evaluar,0,
1790374286238,1790374286238__sin_evaluar.jpg,sin_evaluar,1,0.9775605201721191
1790374286340,1790374286340__sin_evaluar.jpg,sin_evaluar,0,
1790374286488,1790374286488__sin_evaluar.jpg,sin_evaluar,1,0.9563862085342407
1790374286668,1790374286668__sin_evaluar.jpg,sin_evaluar,1,0.9470723867416382
1790374286805,1790374286805__sin_evaluar.jpg,sin_evaluar,1,0.9724305868148804
1790374286914,1790374286914__sin_evaluar.jpg,sin_evaluar,1,0.9780793190002441
1790374287084,1790374287084__sin_evaluar.jpg,sin_evaluar,1,0.9705709218978882
1790374287214,1790374287214__sin_evaluar.jpg,sin_evaluar,1,0.9679529666900635
1790374287355,1790374287355__sin_evaluar.jpg,sin_evaluar,1,0.9591873288154602
1790374287513,1790374287513__sin_evaluar.jpg,sin_evaluar,1,0.9576371908187866
1790374287634,1790374287634__sin_evaluar.jpg,sin_evaluar,1,0.9757930040359497
1790374288162,1790374288162__sin_gesto.jpg,sin_gesto,1,0.9802854061126709
1790374288163,1790374288163__sin_evaluar.jpg,sin_evaluar,1,0.9779811501502991
1790374288219,1790374288219__sin_evaluar.jpg,sin_evaluar,1,0.9778974056243896
1790374288384,1790374288384__sin_evaluar.jpg,sin_evaluar,1,0.9709713459014893
1790374288505,1790374288505__sin_evaluar.jpg,sin_evaluar,1,0.9651981592178345
1790374288630,1790374288630__sin_evaluar.jpg,sin_evaluar,1,0.9659796953201294
1790374288810,1790374288810__sin_evaluar.jpg,sin_evaluar,1,0.9700696468353271
1790374288919,1790374288919__sin_evaluar.jpg,sin_evaluar,1,0.9675323963165283
1790374289062,1790374289062__sin_evaluar.jpg,sin_evaluar,1,0.9597716331481934
1790374289215,1790374289215__sin_evaluar.jpg,sin_evaluar,1,0.963921308517456
1790374289383,1790374289383__sin_evaluar.jpg,sin_evaluar,1,0.9588952660560608
1790374289523,1790374289523__sin_evaluar.jpg,sin_evaluar,1,0.9416242837905884
1790374289703,1790374289703__sin_evaluar.jpg,sin_evaluar,1,0.9504098296165466
1790374289801,1790374289801__sin_evaluar.jpg,sin_evaluar,1,0.9494943618774414
1790374289948,1790374289948__sin_evaluar.jpg,sin_evaluar,1,0.946149468421936
1790374290101,1790374290101__sin_evaluar.jpg,sin_evaluar,1,0.9512653946876526
1790374290219,1790374290219__sin_evaluar.jpg,sin_evaluar,1,0.9421424865722656
1790374290362,1790374290362__sin_evaluar.jpg,sin_evaluar,1,0.9447820782661438
1790374290530,1790374290530__sin_evaluar.jpg,sin_evaluar,1,0.9456706643104553
1790374290655,1790374290655__sin_evaluar.jpg,sin_evaluar,1,0.9487094283103943
1790374290798,1790374290798__sin_evaluar.jpg,sin_evaluar,1,0.9565157294273376
1790374290923,1790374290923__sin_evaluar.jpg,sin_evaluar,1,0.9497061967849731
1790374291095,1790374291095__sin_evaluar.jpg,sin_evaluar,1,0.953157901763916
1790374291243,1790374291243__sin_evaluar.jpg,sin_evaluar,1,0.9656926989555359
1790374291403,1790374291403__sin_evaluar.jpg,sin_evaluar,1,0.9665294885635376
1790374291490,1790374291490__sin_evaluar.jpg,sin_evaluar,1,0.9582531452178955
1790374291649,1790374291649__sin_evaluar.jpg,sin_evaluar,1,0.9662229418754578
1790374291796,1790374291796__sin_evaluar.jpg,sin_evaluar,1,0.9596303701400757
1790374291940,1790374291940__sin_evaluar.jpg,sin_evaluar,1,0.9562371373176575
1790374292090,1790374292090__sin_evaluar.jpg,sin_evaluar,1,0.9537651538848877
1790374292227,1790374292227__sin_evaluar.jpg,sin_evaluar,1,0.9653211236000061
1790374292365,1790374292365__sin_evaluar.jpg,sin_evaluar,1,0.9618167281150818
1790374292496,1790374292496__sin_evaluar.jpg,sin_evaluar,1,0.9546936750411987
1790374292635,1790374292635__sin_evaluar.jpg,sin_evaluar,1,0.9582268595695496
1790374293179,1790374293179__sin_gesto.jpg,sin_gesto,1,0.9694879055023193
1790374293180,1790374293180__sin_evaluar.jpg,sin_evaluar,1,0.9709465503692627
1790374293217,1790374293217__sin_evaluar.jpg,sin_evaluar,1,0.964561402797699
1790374293376,1790374293376__sin_evaluar.jpg,sin_evaluar,1,0.9708917140960693
1790374293515,1790374293515__sin_evaluar.jpg,sin_evaluar,1,0.9698436260223389
1790374293639,1790374293639__sin_evaluar.jpg,sin_evaluar,1,0.9706705808639526
1790374293829,1790374293829__sin_evaluar.jpg,sin_evaluar,1,0.9684397578239441
1790374293943,1790374293943__sin_evaluar.jpg,sin_evaluar,1,0.9671869277954102
1790374294096,1790374294096__sin_evaluar.jpg,sin_evaluar,1,0.9544950127601624
1790374294224,1790374294224__sin_evaluar.jpg,sin_evaluar,1,0.951682448387146
1790374294377,1790374294377__sin_evaluar.jpg,sin_evaluar,1,0.9539780616760254
1790374294506,1790374294506__sin_evaluar.jpg,sin_evaluar,1,0.9659978151321411
1790374294666,1790374294666__sin_evaluar.jpg,sin_evaluar,1,0.961871325969696
1790374294803,1790374294803__sin_evaluar.jpg,sin_evaluar,1,0.9663206934928894
1790374294942,1790374294942__sin_evaluar.jpg,sin_evaluar,1,0.9663927555084229
1790374295117,1790374295117__sin_evaluar.jpg,sin_evaluar,1,0.9738801717758179
1790374295261,1790374295261__sin_evaluar.jpg,sin_evaluar,1,0.9557351469993591
1790374295377,1790374295377__sin_evaluar.jpg,sin_evaluar,1,0.9614230990409851
1790374295504,1790374295504__sin_evaluar.jpg,sin_evaluar,1,0.9676194190979004
1790374295639,1790374295639__sin_evaluar.jpg,sin_evaluar,1,0.9714832901954651
1790374295791,1790374295791__sin_evaluar.jpg,sin_evaluar,1,0.9736406207084656
1790374295923,1790374295923__sin_evaluar.jpg,sin_evaluar,1,0.9732632637023926
1790374296087,1790374296087__sin_evaluar.jpg,sin_evaluar,1,0.9751708507537842
1790374296215,1790374296215__sin_evaluar.jpg,sin_evaluar,1,0.9792022705078125
1790374296403,1790374296403__sin_evaluar.jpg,sin_evaluar,1,0.9630370140075684
1790374296524,1790374296524__sin_evaluar.jpg,sin_evaluar,1,0.967758059501648
1790374296670,1790374296670__sin_evaluar.jpg,sin_evaluar,1,0.9655333161354065
1790374296803,1790374296803__sin_evaluar.jpg,sin_evaluar,1,0.9577171802520752
1790374296949,1790374296949__sin_evaluar.jpg,sin_evaluar,1,0.9637013077735901
1790374297076,1790374297076__sin_evaluar.jpg,sin_evaluar,1,0.9633924961090088
1790374297215,1790374297215__sin_evaluar.jpg,sin_evaluar,1,0.9585539698600769
1790374297374,1790374297374__sin_evaluar.jpg,sin_evaluar,1,0.9580110311508179
1790374297506,1790374297506__sin_evaluar.jpg,sin_evaluar,1,0.9593391418457031
1790374297674,1790374297674__sin_evaluar.jpg,sin_evaluar,1,0.9532222151756287
1790374298190,1790374298190__sin_gesto.jpg,sin_gesto,1,0.9496609568595886
1790374298191,1790374298191__sin_evaluar.jpg,sin_evaluar,1,0.9614977240562439
1790374298204,1790374298204__sin_evaluar.jpg,sin_evaluar,1,0.9644643664360046
1790374298371,1790374298371__sin_evaluar.jpg,sin_evaluar,1,0.9605675339698792
1790374298508,1790374298508__sin_evaluar.jpg,sin_evaluar,1,0.9724075794219971
1790374298648,1790374298648__sin_evaluar.jpg,sin_evaluar,1,0.9773666262626648
1790374298804,1790374298804__sin_evaluar.jpg,sin_evaluar,1,0.9684897661209106
1790374298949,1790374298949__sin_evaluar.jpg,sin_evaluar,1,0.9637588858604431
1790374299098,1790374299098__sin_evaluar.jpg,sin_evaluar,1,0.965442955493927
1790374299224,1790374299224__sin_evaluar.jpg,sin_evaluar,1,0.959949791431427
1790374299392,1790374299392__sin_evaluar.jpg,sin_evaluar,1,0.9702640771865845
1790374299576,1790374299576__sin_evaluar.jpg,sin_evaluar,1,0.9635301232337952
1790374299636,1790374299636__sin_evaluar.jpg,sin_evaluar,1,0.968479573726654
1790374299790,1790374299790__sin_evaluar.jpg,sin_evaluar,1,0.9733677506446838
1790374299963,1790374299963__sin_evaluar.jpg,sin_evaluar,1,0.976487934589386
1790374300095,1790374300095__sin_evaluar.jpg,sin_evaluar,1,0.9799619913101196
1790374300242,1790374300242__sin_evaluar.jpg,sin_evaluar,1,0.9817838668823242
1790374300358,1790374300358__sin_evaluar.jpg,sin_evaluar,1,0.9797216653823853
1790374300516,1790374300516__sin_evaluar.jpg,sin_evaluar,1,0.9840101599693298
1790374300659,1790374300659__sin_evaluar.jpg,sin_evaluar,1,0.9846599102020264
1790374300790,1790374300790__sin_evaluar.jpg,sin_evaluar,1,0.9828900098800659
1790374300944,1790374300944__sin_evaluar.jpg,sin_evaluar,1,0.9825915098190308
1790374301080,1790374301080__sin_evaluar.jpg,sin_evaluar,1,0.9718459248542786
1790374301242,1790374301242__sin_evaluar.jpg,sin_evaluar,1,0.9769014716148376
1790374301375,1790374301375__sin_evaluar.jpg,sin_evaluar,1,0.972963273525238
1790374301523,1790374301523__sin_evaluar.jpg,sin_evaluar,1,0.9650842547416687
1790374301641,1790374301641__sin_evaluar.jpg,sin_evaluar,1,0.9633113145828247
1790374301814,1790374301814__sin_evaluar.jpg,sin_evaluar,1,0.9641353487968445
1790374301938,1790374301938__sin_evaluar.jpg,sin_evaluar,1,0.9657420516014099
1790374302078,1790374302078__sin_evaluar.jpg,sin_evaluar,1,0.9723987579345703
1790374302231,1790374302231__sin_evaluar.jpg,sin_evaluar,1,0.9709348082542419
1790374302384,1790374302384__sin_evaluar.jpg,sin_evaluar,1,0.9689038395881653
1790374302516,1790374302516__sin_evaluar.jpg,sin_evaluar,1,0.9683642983436584
1790374302683,1790374302683__sin_evaluar.jpg,sin_evaluar,1,0.9744517207145691
1790374302782,1790374302782__sin_evaluar.jpg,sin_evaluar,1,0.971774697303772
1790374303308,1790374303308__sin_gesto.jpg,sin_gesto,1,0.9736190438270569
1790374303309,1790374303309__sin_evaluar.jpg,sin_evaluar,1,0.9730839729309082
1790374303376,1790374303376__sin_evaluar.jpg,sin_evaluar,1,0.9738230109214783
1790374303516,1790374303516__sin_evaluar.jpg,sin_evaluar,1,0.977963387966156
1790374303684,1790374303684__sin_evaluar.jpg,sin_evaluar,1,0.9788934588432312
1790374303796,1790374303796__sin_evaluar.jpg,sin_evaluar,1,0.9721375107765198
1790374303944,1790374303944__sin_evaluar.jpg,sin_evaluar,1,0.9693956971168518
1790374304099,1790374304099__sin_evaluar.jpg,sin_evaluar,1,0.9704593420028687
1790374304237,1790374304237__sin_evaluar.jpg,sin_evaluar,1,0.9700518846511841
1790374304360,1790374304360__sin_evaluar.jpg,sin_evaluar,1,0.9720522165298462
1790374304548,1790374304548__sin_evaluar.jpg,sin_evaluar,1,0.9707475304603577
1790374304659,1790374304659__sin_evaluar.jpg,sin_evaluar,1,0.9728481769561768
1790374304806,1790374304806__sin_evaluar.jpg,sin_evaluar,1,0.9759306907653809
1790374304976,1790374304976__sin_evaluar.jpg,sin_evaluar,1,0.9694545865058899
1790374305085,1790374305085__sin_evaluar.jpg,sin_evaluar,1,0.9708899855613708
1790374305236,1790374305236__sin_evaluar.jpg,sin_evaluar,1,0.961223840713501
1790374305356,1790374305356__sin_evaluar.jpg,sin_evaluar,1,0.9620202779769897
1790374305524,1790374305524__sin_evaluar.jpg,sin_evaluar,1,0.9620598554611206
1790374305680,1790374305680__sin_evaluar.jpg,sin_evaluar,1,0.9712101817131042
1790374305799,1790374305799__sin_evaluar.jpg,sin_evaluar,1,0.9730916619300842
1790374305955,1790374305955__sin_evaluar.jpg,sin_evaluar,1,0.9700692892074585
1790374306136,1790374306136__sin_evaluar.jpg,sin_evaluar,0,
1790374306237,1790374306237__sin_evaluar.jpg,sin_evaluar,0,
1790374306397,1790374306397__sin_evaluar.jpg,sin_evaluar,0,
1790374306524,1790374306524__sin_evaluar.jpg,sin_evaluar,0,
1790374306677,1790374306677__sin_evaluar.jpg,sin_evaluar,0,
1790374306808,1790374306808__sin_evaluar.jpg,sin_evaluar,0,
1790374306941,1790374306941__sin_evaluar.jpg,sin_evaluar,0,
1790374307103,1790374307103__sin_evaluar.jpg,sin_evaluar,0,
1790374307237,1790374307237__sin_evaluar.jpg,sin_evaluar,0,
1790374307462,1790374307462__sin_evaluar.jpg,sin_evaluar,0,
1790374307501,1790374307501__sin_evaluar.jpg,sin_evaluar,0,
1790374307656,1790374307656__sin_evaluar.jpg,sin_evaluar,0,
1790374308397,1790374308397__sin_evaluar.jpg,sin_evaluar,0,
1790374308397,1790374308397__sin_gesto.jpg,sin_gesto,0,
1790374308398,1790374308398__sin_evaluar.jpg,sin_evaluar,0,
1790374308515,1790374308515__sin_evaluar.jpg,sin_evaluar,0,
1790374308667,1790374308667__sin_evaluar.jpg,sin_evaluar,0,
1790374308809,1790374308809__sin_evaluar.jpg,sin_evaluar,0,
1790374308970,1790374308970__sin_evaluar.jpg,sin_evaluar,0,
1790374309103,1790374309103__sin_evaluar.jpg,sin_evaluar,0,
1790374309229,1790374309229__sin_evaluar.jpg,sin_evaluar,0,
1790374309385,1790374309385__sin_evaluar.jpg,sin_evaluar,0,
1790374309525,1790374309525__sin_evaluar.jpg,sin_evaluar,0,
1790374309680,1790374309680__sin_evaluar.jpg,sin_evaluar,0,
1790374309817,1790374309817__sin_evaluar.jpg,sin_evaluar,0,
1790374309937,1790374309937__sin_evaluar.jpg,sin_evaluar,0,
1790374310096,1790374310096__sin_evaluar.jpg,sin_evaluar,0,
1790374310228,1790374310228__sin_evaluar.jpg,sin_evaluar,0,
1790374310388,1790374310388__sin_evaluar.jpg,sin_evaluar,0,
1790374310539,1790374310539__sin_evaluar.jpg,sin_evaluar,0,
1790374310678,1790374310678__sin_evaluar.jpg,sin_evaluar,0,
1790374310807,1790374310807__sin_evaluar.jpg,sin_evaluar,0,
1790374310956,1790374310956__sin_evaluar.jpg,sin_evaluar,0,
1790374311088,1790374311088__sin_evaluar.jpg,sin_evaluar,0,
1790374311242,1790374311242__sin_evaluar.jpg,sin_evaluar,0,
1790374311376,1790374311376__sin_evaluar.jpg,sin_evaluar,0,
1790374311544,1790374311544__sin_evaluar.jpg,sin_evaluar,0,
1790374311659,1790374311659__sin_evaluar.jpg,sin_evaluar,0,
1790374311822,1790374311822__sin_evaluar.jpg,sin_evaluar,0,
1790374311964,1790374311964__sin_evaluar.jpg,sin_evaluar,0,
1790374312102,1790374312102__sin_evaluar.jpg,sin_evaluar,0,
1790374312240,1790374312240__sin_evaluar.jpg,sin_evaluar,0,
1790374312369,1790374312369__sin_evaluar.jpg,sin_evaluar,0,
1790374312528,1790374312528__sin_evaluar.jpg,sin_evaluar,0,
1790374312668,1790374312668__sin_evaluar.jpg,sin_evaluar,0,
1790374312815,1790374312815__sin_evaluar.jpg,sin_evaluar,0,
1790374312934,1790374312934__sin_evaluar.jpg,sin_evaluar,0,
1790374313469,1790374313469__sin_gesto.jpg,sin_gesto,0,
1790374313469,1790374313469__sin_evaluar.jpg,sin_evaluar,1,0.9785546064376831
1790374313588,1790374313588__sin_evaluar.jpg,sin_evaluar,1,0.9633103609085083
1790374313659,1790374313659__sin_evaluar.jpg,sin_evaluar,1,0.9591301679611206
1790374313808,1790374313808__sin_evaluar.jpg,sin_evaluar,1,0.9600905776023865
1790374313964,1790374313964__sin_evaluar.jpg,sin_evaluar,1,0.9531182646751404
1790374314088,1790374314088__sin_evaluar.jpg,sin_evaluar,1,0.9603158831596375
1790374314249,1790374314249__sin_evaluar.jpg,sin_evaluar,1,0.9570724368095398
1790374314443,1790374314443__sin_evaluar.jpg,sin_evaluar,1,0.963735044002533
1790374314527,1790374314527__sin_evaluar.jpg,sin_evaluar,1,0.9591456055641174
1790374314682,1790374314682__sin_evaluar.jpg,sin_evaluar,1,0.95801842212677
1790374314833,1790374314833__sin_evaluar.jpg,sin_evaluar,1,0.9523473978042603
1790374314955,1790374314955__sin_evaluar.jpg,sin_evaluar,1,0.955642580986023
1790374315116,1790374315116__sin_evaluar.jpg,sin_evaluar,1,0.9648248553276062
1790374315240,1790374315240__sin_evaluar.jpg,sin_evaluar,1,0.9589501023292542
1790374315393,1790374315393__sin_evaluar.jpg,sin_evaluar,1,0.9604427814483643
1790374315524,1790374315524__sin_evaluar.jpg,sin_evaluar,1,0.9551711082458496
1790374315674,1790374315674__sin_evaluar.jpg,sin_evaluar,1,0.96290123462677
1790374315822,1790374315822__sin_evaluar.jpg,sin_evaluar,1,0.9495999217033386
1790374315973,1790374315973__sin_evaluar.jpg,sin_evaluar,1,0.9625569581985474
1790374316099,1790374316099__sin_evaluar.jpg,sin_evaluar,1,0.9591326713562012
1790374316232,1790374316232__sin_evaluar.jpg,sin_evaluar,1,0.9632222652435303
1790374316379,1790374316379__sin_evaluar.jpg,sin_evaluar,1,0.9595292210578918
1790374316529,1790374316529__sin_evaluar.jpg,sin_evaluar,1,0.9598637223243713
1790374316675,1790374316675__sin_evaluar.jpg,sin_evaluar,1,0.9577189683914185
1790374316816,1790374316816__sin_evaluar.jpg,sin_evaluar,1,0.9583294987678528
1790374316979,1790374316979__sin_evaluar.jpg,sin_evaluar,1,0.9649585485458374
1790374317100,1790374317100__sin_evaluar.jpg,sin_evaluar,1,0.9545904397964478
1790374317249,1790374317249__sin_evaluar.jpg,sin_evaluar,1,0.9437030553817749
1790374317713,1790374317713__sin_evaluar.jpg,sin_evaluar,1,0.9400270581245422
1790374317795,1790374317795__sin_evaluar.jpg,sin_evaluar,1,0.955835223197937
1790374318014,1790374318014__sin_evaluar.jpg,sin_evaluar,1,0.9638189077377319
1790374318477,1790374318477__sin_evaluar.jpg,sin_evaluar,1,0.9716188907623291
1790374318477,1790374318477__palma_abierta_0.50.jpg,palma_abierta_0.50,1,0.9678167104721069
1790374318588,1790374318588__sin_evaluar.jpg,sin_evaluar,1,0.9685270190238953
1790374318589,1790374318589__sin_evaluar.jpg,sin_evaluar,1,0.9624369740486145
1790374318663,1790374318663__sin_evaluar.jpg,sin_evaluar,1,0.9687649607658386
1790374318836,1790374318836__sin_evaluar.jpg,sin_evaluar,1,0.9678230881690979
1790374318958,1790374318958__sin_evaluar.jpg,sin_evaluar,1,0.9646682739257812
1790374319109,1790374319109__sin_evaluar.jpg,sin_evaluar,1,0.9657976627349854
1790374319257,1790374319257__sin_evaluar.jpg,sin_evaluar,1,0.967073917388916
1790374319398,1790374319398__sin_evaluar.jpg,sin_evaluar,1,0.9643573760986328
1790374319540,1790374319540__sin_evaluar.jpg,sin_evaluar,1,0.969973087310791
1790374319672,1790374319672__sin_evaluar.jpg,sin_evaluar,1,0.9645838141441345
1790374319801,1790374319801__sin_evaluar.jpg,sin_evaluar,1,0.9651318192481995
1790374319959,1790374319959__sin_evaluar.jpg,sin_evaluar,1,0.9658567309379578
1790374320116,1790374320116__sin_evaluar.jpg,sin_evaluar,1,0.9637864232063293
1790374320423,1790374320423__sin_evaluar.jpg,sin_evaluar,1,0.9644883275032043
1790374320424,1790374320424__sin_evaluar.jpg,sin_evaluar,1,0.9665223360061646
1790374320538,1790374320538__sin_evaluar.jpg,sin_evaluar,1,0.9614220261573792
1790374320683,1790374320683__sin_evaluar.jpg,sin_evaluar,1,0.9654061198234558
1790374320820,1790374320820__sin_evaluar.jpg,sin_evaluar,1,0.964203953742981
1790374321124,1790374321124__sin_evaluar.jpg,sin_evaluar,1,0.9677126407623291
1790374321250,1790374321250__sin_evaluar.jpg,sin_evaluar,1,0.9678317308425903
1790374321512,1790374321512__sin_evaluar.jpg,sin_evaluar,1,0.972780168056488
1790374321713,1790374321713__sin_evaluar.jpg,sin_evaluar,1,0.968987762928009
1790374321714,1790374321714__sin_evaluar.jpg,sin_evaluar,1,0.9698235392570496
1790374321815,1790374321815__sin_evaluar.jpg,sin_evaluar,1,0.972122073173523
1790374321979,1790374321979__sin_evaluar.jpg,sin_evaluar,1,0.9681309461593628
1790374322107,1790374322107__sin_evaluar.jpg,sin_evaluar,1,0.968317985534668
1790374322282,1790374322282__sin_evaluar.jpg,sin_evaluar,1,0.9693781137466431
1790374322582,1790374322582__sin_evaluar.jpg,sin_evaluar,1,0.9656238555908203
1790374322583,1790374322583__sin_evaluar.jpg,sin_evaluar,1,0.9634247422218323
1790374322687,1790374322687__sin_evaluar.jpg,sin_evaluar,1,0.9663053750991821
1790374322862,1790374322862__sin_evaluar.jpg,sin_evaluar,1,0.9647912979125977
1790374322963,1790374322963__sin_evaluar.jpg,sin_evaluar,1,0.969830334186554
1790374323101,1790374323101__sin_evaluar.jpg,sin_evaluar,1,0.9692390561103821
1790374323646,1790374323646__sin_gesto.jpg,sin_gesto,1,0.9678664803504944
1790374323646,1790374323646__sin_evaluar.jpg,sin_evaluar,1,0.9702922105789185
1790374323676,1790374323676__sin_evaluar.jpg,sin_evaluar,1,0.9736849665641785
1790374323818,1790374323818__sin_evaluar.jpg,sin_evaluar,1,0.9689148664474487
1790374323953,1790374323953__sin_evaluar.jpg,sin_evaluar,1,0.9682978987693787
1790374324125,1790374324125__sin_evaluar.jpg,sin_evaluar,1,0.9718748331069946
1790374324442,1790374324442__sin_evaluar.jpg,sin_evaluar,1,0.9677883982658386
1790374324534,1790374324534__sin_evaluar.jpg,sin_evaluar,1,0.9719136953353882
1790374324535,1790374324535__sin_evaluar.jpg,sin_evaluar,1,0.9764268398284912
1790374324703,1790374324703__sin_evaluar.jpg,sin_evaluar,1,0.9748048186302185
1790374324994,1790374324994__sin_evaluar.jpg,sin_evaluar,1,0.9718614816665649
1790374325125,1790374325125__sin_evaluar.jpg,sin_evaluar,1,0.973390519618988
1790374325219,1790374325219__sin_evaluar.jpg,sin_evaluar,1,0.9701395630836487
1790374325249,1790374325249__sin_evaluar.jpg,sin_evaluar,1,0.9734716415405273
1790374325405,1790374325405__sin_evaluar.jpg,sin_evaluar,1,0.9719308018684387
1790374325534,1790374325534__sin_evaluar.jpg,sin_evaluar,1,0.9677256941795349
1790374325695,1790374325695__sin_evaluar.jpg,sin_evaluar,1,0.9687871336936951
1790374325811,1790374325811__sin_evaluar.jpg,sin_evaluar,1,0.9697177410125732
1790374325966,1790374325966__sin_evaluar.jpg,sin_evaluar,1,0.973973274230957
1790374326116,1790374326116__sin_evaluar.jpg,sin_evaluar,1,0.9731482863426208
1790374326256,1790374326256__sin_evaluar.jpg,sin_evaluar,1,0.9679718017578125
1790374326393,1790374326393__sin_evaluar.jpg,sin_evaluar,1,0.9736133217811584
1790374326583,1790374326583__sin_evaluar.jpg,sin_evaluar,1,0.9709891676902771
1790374326709,1790374326709__sin_evaluar.jpg,sin_evaluar,1,0.9664501547813416
1790374326996,1790374326996__sin_evaluar.jpg,sin_evaluar,1,0.9691592454910278
1790374327001,1790374327001__sin_evaluar.jpg,sin_evaluar,1,0.9700725078582764
1790374327108,1790374327108__sin_evaluar.jpg,sin_evaluar,1,0.9740257263183594
1790374327238,1790374327238__sin_evaluar.jpg,sin_evaluar,1,0.9761311411857605
1790374327385,1790374327385__sin_evaluar.jpg,sin_evaluar,1,0.9721454381942749
1790374327563,1790374327563__sin_evaluar.jpg,sin_evaluar,1,0.9728291034698486
1790374327676,1790374327676__sin_evaluar.jpg,sin_evaluar,1,0.9709126353263855
1790374327843,1790374327843__sin_evaluar.jpg,sin_evaluar,1,0.9719836711883545
1790374327971,1790374327971__sin_evaluar.jpg,sin_evaluar,1,0.9723753929138184
1790374328649,1790374328649__sin_evaluar.jpg,sin_evaluar,1,0.9743493795394897
1790374328649,1790374328649__dedo_pulgar_0.73.jpg,dedo_pulgar_0.73,1,0.9734531044960022
1790374328650,1790374328650__sin_evaluar.jpg,sin_evaluar,1,0.9687526226043701
1790374328687,1790374328687__sin_evaluar.jpg,sin_evaluar,1,0.9665961861610413
1790374328819,1790374328819__sin_evaluar.jpg,sin_evaluar,1,0.9702209234237671
1790374328945,1790374328945__sin_evaluar.jpg,sin_evaluar,1,0.9719421863555908
1790374329134,1790374329134__sin_evaluar.jpg,sin_evaluar,1,0.9656814932823181
1790374329244,1790374329244__sin_evaluar.jpg,sin_evaluar,1,0.965126633644104
1790374329393,1790374329393__sin_evaluar.jpg,sin_evaluar,1,0.9712662100791931
1790374329519,1790374329519__sin_evaluar.jpg,sin_evaluar,1,0.97157222032547
1790374329677,1790374329677__sin_evaluar.jpg,sin_evaluar,1,0.9724500179290771
1790374329835,1790374329835__sin_evaluar.jpg,sin_evaluar,1,0.9696356654167175
1790374329970,1790374329970__sin_evaluar.jpg,sin_evaluar,1,0.9737587571144104
1790374330254,1790374330254__sin_evaluar.jpg,sin_evaluar,1,0.9687257409095764
1790374330334,1790374330334__sin_evaluar.jpg,sin_evaluar,1,0.9681885838508606
1790374330404,1790374330404__sin_evaluar.jpg,sin_evaluar,1,0.9662067890167236
1790374330537,1790374330537__sin_evaluar.jpg,sin_evaluar,1,0.9661779403686523
1790374330696,1790374330696__sin_evaluar.jpg,sin_evaluar,1,0.9743111729621887
1790374330836,1790374330836__sin_evaluar.jpg,sin_evaluar,1,0.9699405431747437
1790374330977,1790374330977__sin_evaluar.jpg,sin_evaluar,1,0.9677911996841431
1790374331116,1790374331116__sin_evaluar.jpg,sin_evaluar,1,0.9713874459266663
1790374331275,1790374331275__sin_evaluar.jpg,sin_evaluar,1,0.9734675884246826
1790374331616,1790374331616__sin_evaluar.jpg,sin_evaluar,1,0.9640187621116638
1790374331684,1790374331684__sin_evaluar.jpg,sin_evaluar,1,0.9552690386772156
1790374331834,1790374331834__sin_evaluar.jpg,sin_evaluar,1,0.9638189077377319
1790374331986,1790374331986__sin_evaluar.jpg,sin_evaluar,1,0.9636532664299011
1790374332115,1790374332115__sin_evaluar.jpg,sin_evaluar,1,0.9637256860733032
1790374332348,1790374332348__sin_evaluar.jpg,sin_evaluar,1,0.9646074771881104
1790374332416,1790374332416__sin_evaluar.jpg,sin_evaluar,1,0.9694200754165649
1790374332535,1790374332535__sin_evaluar.jpg,sin_evaluar,1,0.9741507172584534
1790374332736,1790374332736__sin_evaluar.jpg,sin_evaluar,1,0.9737607836723328
1790374333007,1790374333007__sin_evaluar.jpg,sin_evaluar,1,0.9786937236785889
1790374333075,1790374333075__sin_evaluar.jpg,sin_evaluar,1,0.9723831415176392
1790374333691,1790374333691__sin_gesto.jpg,sin_gesto,1,0.9761641025543213
1790374333692,1790374333692__sin_evaluar.jpg,sin_evaluar,1,0.9604371190071106
1790374333694,1790374333694__sin_evaluar.jpg,sin_evaluar,1,0.9669075608253479
1790374333903,1790374333903__sin_evaluar.jpg,sin_evaluar,1,0.9675103425979614
1790374333979,1790374333979__sin_evaluar.jpg,sin_evaluar,1,0.9678620100021362
1790374334126,1790374334126__sin_evaluar.jpg,sin_evaluar,1,0.9674968123435974
1790374334267,1790374334267__sin_evaluar.jpg,sin_evaluar,1,0.976028323173523
1790374334680,1790374334680__sin_evaluar.jpg,sin_evaluar,0,
1790374334819,1790374334819__sin_evaluar.jpg,sin_evaluar,0,
1790374335019,1790374335019__sin_evaluar.jpg,sin_evaluar,0,
1790374335182,1790374335182__sin_evaluar.jpg,sin_evaluar,0,
1790374335261,1790374335261__sin_evaluar.jpg,sin_evaluar,0,
1790374335434,1790374335434__sin_evaluar.jpg,sin_evaluar,0,
1790374335544,1790374335544__sin_evaluar.jpg,sin_evaluar,0,
1790374335723,1790374335723__sin_evaluar.jpg,sin_evaluar,0,
1790374335843,1790374335843__sin_evaluar.jpg,sin_evaluar,0,
1790374335996,1790374335996__sin_evaluar.jpg,sin_evaluar,0,
1790374336223,1790374336223__sin_evaluar.jpg,sin_evaluar,0,
1790374336286,1790374336286__sin_evaluar.jpg,sin_evaluar,0,
1790374336640,1790374336640__sin_evaluar.jpg,sin_evaluar,0,
1790374336766,1790374336766__sin_evaluar.jpg,sin_evaluar,0,
1790374336837,1790374336837__sin_evaluar.jpg,sin_evaluar,0,
1790374336957,1790374336957__sin_evaluar.jpg,sin_evaluar,0,
1790374337122,1790374337122__sin_evaluar.jpg,sin_evaluar,1,0.9949795603752136
1790374337283,1790374337283__sin_evaluar.jpg,sin_evaluar,0,
1790374337415,1790374337415__sin_evaluar.jpg,sin_evaluar,1,0.9231550693511963
1790374337563,1790374337563__sin_evaluar.jpg,sin_evaluar,1,0.9771958589553833
1790374337696,1790374337696__sin_evaluar.jpg,sin_evaluar,1,0.957939863204956
1790374337836,1790374337836__sin_evaluar.jpg,sin_evaluar,1,0.9630692005157471
1790374338078,1790374338078__sin_evaluar.jpg,sin_evaluar,1,0.7639460563659668
1790374338115,1790374338115__sin_evaluar.jpg,sin_evaluar,1,0.6304947733879089
1790374338283,1790374338283__sin_evaluar.jpg,sin_evaluar,0,
1790374338866,1790374338866__dedo_menique_1.00.jpg,dedo_menique_1.00,1,0.8643171191215515
1790374338867,1790374338867__sin_evaluar.jpg,sin_evaluar,1,0.9775634407997131
1790374338982,1790374338982__sin_evaluar.jpg,sin_evaluar,0,
1790374339149,1790374339149__sin_evaluar.jpg,sin_evaluar,0,
1790374339262,1790374339262__sin_evaluar.jpg,sin_evaluar,0,
1790374339556,1790374339556__sin_evaluar.jpg,sin_evaluar,0,
1790374339618,1790374339618__sin_evaluar.jpg,sin_evaluar,0,
1790374339687,1790374339687__sin_evaluar.jpg,sin_evaluar,1,0.906048595905304
1790374340018,1790374340018__sin_evaluar.jpg,sin_evaluar,1,0.5106439590454102
1790374340019,1790374340019__sin_evaluar.jpg,sin_evaluar,1,0.6263914108276367
1790374340120,1790374340120__sin_evaluar.jpg,sin_evaluar,1,0.7157286405563354
1790374340276,1790374340276__sin_evaluar.jpg,sin_evaluar,1,0.9437011480331421
1790374340439,1790374340439__sin_evaluar.jpg,sin_evaluar,1,0.9048033356666565
1790374340537,1790374340537__sin_evaluar.jpg,sin_evaluar,1,0.9743485450744629
1790374340703,1790374340703__sin_evaluar.jpg,sin_evaluar,1,0.9963133335113525
1790374340838,1790374340838__sin_evaluar.jpg,sin_evaluar,1,0.9942086338996887
1790374340974,1790374340974__sin_evaluar.jpg,sin_evaluar,1,0.9927448034286499
1790374341140,1790374341140__sin_evaluar.jpg,sin_evaluar,1,0.5479614734649658
1790374341260,1790374341260__sin_evaluar.jpg,sin_evaluar,1,0.6749216914176941
1790374341486,1790374341486__sin_evaluar.jpg,sin_evaluar,1,0.8509465456008911
1790374341554,1790374341554__sin_evaluar.jpg,sin_evaluar,1,0.9248489141464233
1790374341717,1790374341717__sin_evaluar.jpg,sin_evaluar,1,0.9498313069343567
1790374341837,1790374341837__sin_evaluar.jpg,sin_evaluar,1,0.9762374758720398
1790374341973,1790374341973__sin_evaluar.jpg,sin_evaluar,1,0.9807757139205933
1790374342121,1790374342121__sin_evaluar.jpg,sin_evaluar,1,0.9881719946861267
1790374342284,1790374342284__sin_evaluar.jpg,sin_evaluar,1,0.9893196821212769
1790374342457,1790374342457__sin_evaluar.jpg,sin_evaluar,1,0.987857460975647
1790374342540,1790374342540__sin_evaluar.jpg,sin_evaluar,1,0.9850939512252808
1790374342764,1790374342764__sin_evaluar.jpg,sin_evaluar,1,0.9896352887153625
1790374342850,1790374342850__sin_evaluar.jpg,sin_evaluar,1,0.9890819191932678
1790374342983,1790374342983__sin_evaluar.jpg,sin_evaluar,1,0.9754027724266052
1790374343144,1790374343144__sin_evaluar.jpg,sin_evaluar,1,0.982215404510498
1790374343264,1790374343264__sin_evaluar.jpg,sin_evaluar,1,0.9736796617507935
1790374343411,1790374343411__sin_evaluar.jpg,sin_evaluar,1,0.9798589944839478
1790374343925,1790374343925__sin_evaluar.jpg,sin_evaluar,1,0.9813546538352966
1790374343925,1790374343925__dedo_menique_0.96.jpg,dedo_menique_0.96,1,0.9740584492683411
1790374343926,1790374343926__sin_evaluar.jpg,sin_evaluar,1,0.9872803688049316
1790374343979,1790374343979__sin_evaluar.jpg,sin_evaluar,1,0.9783293008804321
1790374344120,1790374344120__sin_evaluar.jpg,sin_evaluar,1,0.9840176701545715
1790374344264,1790374344264__sin_evaluar.jpg,sin_evaluar,1,0.9850378632545471
1790374344434,1790374344434__sin_evaluar.jpg,sin_evaluar,1,0.9893506169319153
1790374344551,1790374344551__sin_evaluar.jpg,sin_evaluar,1,0.9821770787239075
1790374344702,1790374344702__sin_evaluar.jpg,sin_evaluar,1,0.9795422554016113
1790374344851,1790374344851__sin_evaluar.jpg,sin_evaluar,1,0.9759491682052612
1790374344994,1790374344994__sin_evaluar.jpg,sin_evaluar,1,0.9787353873252869
1790374345164,1790374345164__sin_evaluar.jpg,sin_evaluar,1,0.9894399046897888
1790374345286,1790374345286__sin_evaluar.jpg,sin_evaluar,1,0.991467297077179
1790374345424,1790374345424__sin_evaluar.jpg,sin_evaluar,1,0.9897849559783936
1790374345546,1790374345546__sin_evaluar.jpg,sin_evaluar,1,0.9914734959602356
1790374345695,1790374345695__sin_evaluar.jpg,sin_evaluar,1,0.9872500896453857
1790374345903,1790374345903__sin_evaluar.jpg,sin_evaluar,1,0.9875359535217285
1790374345974,1790374345974__sin_evaluar.jpg,sin_evaluar,1,0.9922893047332764
1790374346120,1790374346120__sin_evaluar.jpg,sin_evaluar,1,0.9857050776481628
1790374346288,1790374346288__sin_evaluar.jpg,sin_evaluar,1,0.9870619177818298
1790374346417,1790374346417__sin_evaluar.jpg,sin_evaluar,1,0.9663689732551575
1790374346574,1790374346574__sin_evaluar.jpg,sin_evaluar,1,0.9612712264060974
1790374346694,1790374346694__sin_evaluar.jpg,sin_evaluar,1,0.9656160473823547
1790374346862,1790374346862__sin_evaluar.jpg,sin_evaluar,1,0.9720854163169861
1790374346976,1790374346976__sin_evaluar.jpg,sin_evaluar,1,0.9595074653625488
1790374347144,1790374347144__sin_evaluar.jpg,sin_evaluar,1,0.9372806549072266
1790374347302,1790374347302__sin_evaluar.jpg,sin_evaluar,1,0.972882091999054
1790374347419,1790374347419__sin_evaluar.jpg,sin_evaluar,1,0.969031810760498
1790374347554,1790374347554__sin_evaluar.jpg,sin_evaluar,1,0.9772050380706787
1790374347694,1790374347694__sin_evaluar.jpg,sin_evaluar,1,0.9699713587760925
1790374347845,1790374347845__sin_evaluar.jpg,sin_evaluar,1,0.9854525327682495
1790374347981,1790374347981__sin_evaluar.jpg,sin_evaluar,1,0.9881259799003601
1790374348140,1790374348140__sin_evaluar.jpg,sin_evaluar,1,0.9904407858848572
1790374348294,1790374348294__sin_evaluar.jpg,sin_evaluar,1,0.9871805906295776
1790374348404,1790374348404__sin_evaluar.jpg,sin_evaluar,1,0.9872407913208008
1790374349182,1790374349182__sin_evaluar.jpg,sin_evaluar,1,0.9812846183776855
1790374349182,1790374349182__dedo_pulgar_0.85.jpg,dedo_pulgar_0.85,1,0.9830701947212219
1790374349183,1790374349183__sin_evaluar.jpg,sin_evaluar,1,0.9748695492744446
1790374349274,1790374349274__sin_evaluar.jpg,sin_evaluar,1,0.9561974406242371
1790374349421,1790374349421__sin_evaluar.jpg,sin_evaluar,1,0.9754095673561096
1790374349560,1790374349560__sin_evaluar.jpg,sin_evaluar,1,0.831191897392273
1790374349696,1790374349696__sin_evaluar.jpg,sin_evaluar,1,0.9717376828193665
1790374349849,1790374349849__sin_evaluar.jpg,sin_evaluar,1,0.9703382253646851
1790374350007,1790374350007__sin_evaluar.jpg,sin_evaluar,1,0.9791993498802185
1790374350136,1790374350136__sin_evaluar.jpg,sin_evaluar,1,0.9811371564865112
1790374350274,1790374350274__sin_evaluar.jpg,sin_evaluar,1,0.9689651131629944
1790374350433,1790374350433__sin_evaluar.jpg,sin_evaluar,1,0.9775875210762024
1790374350567,1790374350567__sin_evaluar.jpg,sin_evaluar,1,0.9764716029167175
1790374350708,1790374350708__sin_evaluar.jpg,sin_evaluar,1,0.9820801019668579
1790374350842,1790374350842__sin_evaluar.jpg,sin_evaluar,1,0.9715216159820557
1790374350992,1790374350992__sin_evaluar.jpg,sin_evaluar,1,0.9855175614356995
1790374351144,1790374351144__sin_evaluar.jpg,sin_evaluar,1,0.9791950583457947
1790374351335,1790374351335__sin_evaluar.jpg,sin_evaluar,1,0.9867976903915405
1790374351429,1790374351429__sin_evaluar.jpg,sin_evaluar,1,0.9860260486602783
1790374351574,1790374351574__sin_evaluar.jpg,sin_evaluar,1,0.9808858633041382
1790374351717,1790374351717__sin_evaluar.jpg,sin_evaluar,1,0.9873220324516296
1790374351849,1790374351849__sin_evaluar.jpg,sin_evaluar,1,0.9852546453475952
1790374351976,1790374351976__sin_evaluar.jpg,sin_evaluar,1,0.9865177273750305
1790374352136,1790374352136__sin_evaluar.jpg,sin_evaluar,1,0.9788174033164978
1790374352284,1790374352284__sin_evaluar.jpg,sin_evaluar,1,0.9835336804389954
1790374352426,1790374352426__sin_evaluar.jpg,sin_evaluar,1,0.9800784587860107
1790374352628,1790374352628__sin_evaluar.jpg,sin_evaluar,1,0.973726212978363
1790374352701,1790374352701__sin_evaluar.jpg,sin_evaluar,1,0.9747051000595093
1790374352994,1790374352994__sin_evaluar.jpg,sin_evaluar,1,0.9860713481903076
1790374353004,1790374353004__sin_evaluar.jpg,sin_evaluar,1,0.9692215919494629
1790374353119,1790374353119__sin_evaluar.jpg,sin_evaluar,1,0.982191801071167
1790374353282,1790374353282__sin_evaluar.jpg,sin_evaluar,1,0.9786839485168457
1790374353520,1790374353520__sin_evaluar.jpg,sin_evaluar,1,0.9768216013908386
1790374353559,1790374353559__sin_evaluar.jpg,sin_evaluar,1,0.9884179830551147
1790374354096,1790374354096__sin_gesto.jpg,sin_gesto,1,0.9853359460830688
1790374354096,1790374354096__sin_evaluar.jpg,sin_evaluar,1,0.983157753944397
1790374354097,1790374354097__sin_evaluar.jpg,sin_evaluar,1,0.9883124828338623
1790374354145,1790374354145__sin_evaluar.jpg,sin_evaluar,1,0.9804140329360962
1790374354455,1790374354455__sin_evaluar.jpg,sin_evaluar,1,0.9385771155357361
1790374354456,1790374354456__sin_evaluar.jpg,sin_evaluar,1,0.9553433656692505
1790374354570,1790374354570__sin_evaluar.jpg,sin_evaluar,1,0.9253489375114441
1790374354715,1790374354715__sin_evaluar.jpg,sin_evaluar,1,0.9555127024650574
1790374354874,1790374354874__sin_evaluar.jpg,sin_evaluar,1,0.9701038599014282
1790374354994,1790374354994__sin_evaluar.jpg,sin_evaluar,1,0.9788727760314941
1790374355182,1790374355182__sin_evaluar.jpg,sin_evaluar,1,0.9432742595672607
1790374355285,1790374355285__sin_evaluar.jpg,sin_evaluar,1,0.9349369406700134
1790374355433,1790374355433__sin_evaluar.jpg,sin_evaluar,1,0.9473763108253479
1790374355549,1790374355549__sin_evaluar.jpg,sin_evaluar,1,0.981089174747467
1790374355720,1790374355720__sin_evaluar.jpg,sin_evaluar,1,0.9804931879043579
1790374355854,1790374355854__sin_evaluar.jpg,sin_evaluar,1,0.9867279529571533
1790374355993,1790374355993__sin_evaluar.jpg,sin_evaluar,1,0.984664797782898
1790374356134,1790374356134__sin_evaluar.jpg,sin_evaluar,1,0.9841980934143066
1790374356276,1790374356276__sin_evaluar.jpg,sin_evaluar,1,0.9868407845497131
1790374356441,1790374356441__sin_evaluar.jpg,sin_evaluar,1,0.9880349040031433
1790374356600,1790374356600__sin_evaluar.jpg,sin_evaluar,1,0.9846240282058716
1790374356713,1790374356713__sin_evaluar.jpg,sin_evaluar,1,0.9541640281677246
1790374356873,1790374356873__sin_evaluar.jpg,sin_evaluar,1,0.9840470552444458
1790374357023,1790374357023__sin_evaluar.jpg,sin_evaluar,1,0.9837507009506226
1790374357167,1790374357167__sin_evaluar.jpg,sin_evaluar,1,0.9679924845695496
1790374357273,1790374357273__sin_evaluar.jpg,sin_evaluar,1,0.9769970774650574
1790374357421,1790374357421__sin_evaluar.jpg,sin_evaluar,1,0.9650335907936096
1790374357602,1790374357602__sin_evaluar.jpg,sin_evaluar,1,0.9550926685333252
1790374357709,1790374357709__sin_evaluar.jpg,sin_evaluar,1,0.9792479872703552
1790374357853,1790374357853__sin_evaluar.jpg,sin_evaluar,1,0.9595943689346313
1790374358002,1790374358002__sin_evaluar.jpg,sin_evaluar,1,0.9567744135856628
1790374358143,1790374358143__sin_evaluar.jpg,sin_evaluar,1,0.9669842720031738
1790374358281,1790374358281__sin_evaluar.jpg,sin_evaluar,1,0.9686747789382935
1790374358425,1790374358425__sin_evaluar.jpg,sin_evaluar,1,0.9647880792617798
1790374358573,1790374358573__sin_evaluar.jpg,sin_evaluar,1,0.9652656316757202
1790374358708,1790374358708__sin_evaluar.jpg,sin_evaluar,1,0.9717233777046204
1790374359238,1790374359238__dedo_menique_0.95.jpg,dedo_menique_0.95,1,0.9820997714996338
1790374359239,1790374359239__sin_evaluar.jpg,sin_evaluar,1,0.9720687866210938
1790374359273,1790374359273__sin_evaluar.jpg,sin_evaluar,1,0.9789056181907654
1790374359434,1790374359434__sin_evaluar.jpg,sin_evaluar,1,0.9777296781539917
1790374359596,1790374359596__sin_evaluar.jpg,sin_evaluar,1,0.9866384267807007
1790374359719,1790374359719__sin_evaluar.jpg,sin_evaluar,1,0.9879615902900696
1790374359854,1790374359854__sin_evaluar.jpg,sin_evaluar,1,0.9827017784118652
1790374360001,1790374360001__sin_evaluar.jpg,sin_evaluar,1,0.9805517792701721
1790374360133,1790374360133__sin_evaluar.jpg,sin_evaluar,1,0.9753303527832031
1790374360269,1790374360269__sin_evaluar.jpg,sin_evaluar,1,0.962272047996521
1790374360433,1790374360433__sin_evaluar.jpg,sin_evaluar,0,
1790374360573,1790374360573__sin_evaluar.jpg,sin_evaluar,0,
1790374360741,1790374360741__sin_evaluar.jpg,sin_evaluar,0,
1790374360868,1790374360868__sin_evaluar.jpg,sin_evaluar,0,
1790374361026,1790374361026__sin_evaluar.jpg,sin_evaluar,0,
1790374361140,1790374361140__sin_evaluar.jpg,sin_evaluar,0,
1790374361315,1790374361315__sin_evaluar.jpg,sin_evaluar,0,
1790374361448,1790374361448__sin_evaluar.jpg,sin_evaluar,0,
1790374361558,1790374361558__sin_evaluar.jpg,sin_evaluar,0,
1790374361782,1790374361782__sin_evaluar.jpg,sin_evaluar,0,
1790374361849,1790374361849__sin_evaluar.jpg,sin_evaluar,0,
1790374361995,1790374361995__sin_evaluar.jpg,sin_evaluar,0,
1790374362138,1790374362138__sin_evaluar.jpg,sin_evaluar,0,
1790374362281,1790374362281__sin_evaluar.jpg,sin_evaluar,0,
1790374362413,1790374362413__sin_evaluar.jpg,sin_evaluar,0,
1790374362580,1790374362580__sin_evaluar.jpg,sin_evaluar,0,
1790374362713,1790374362713__sin_evaluar.jpg,sin_evaluar,0,
1790374362857,1790374362857__sin_evaluar.jpg,sin_evaluar,0,
1790374363045,1790374363045__sin_evaluar.jpg,sin_evaluar,0,
1790374363134,1790374363134__sin_evaluar.jpg,sin_evaluar,0,
1790374363389,1790374363389__sin_evaluar.jpg,sin_evaluar,0,
1790374363469,1790374363469__sin_evaluar.jpg,sin_evaluar,0,
1790374363621,1790374363621__sin_evaluar.jpg,sin_evaluar,0,
1790374363756,1790374363756__sin_evaluar.jpg,sin_evaluar,0,
1790374363846,1790374363846__sin_evaluar.jpg,sin_evaluar,0,
1790374364391,1790374364391__sin_evaluar.jpg,sin_evaluar,0,
1790374364391,1790374364391__dedo_menique_0.84.jpg,dedo_menique_0.84,0,
1790374364392,1790374364392__sin_evaluar.jpg,sin_evaluar,0,
1790374364437,1790374364437__sin_evaluar.jpg,sin_evaluar,0,
1790374364579,1790374364579__sin_evaluar.jpg,sin_evaluar,0,
1790374364705,1790374364705__sin_evaluar.jpg,sin_evaluar,0,
1790374364861,1790374364861__sin_evaluar.jpg,sin_evaluar,0,
1790374365008,1790374365008__sin_evaluar.jpg,sin_evaluar,0,
1790374365142,1790374365142__sin_evaluar.jpg,sin_evaluar,0,
1790374365285,1790374365285__sin_evaluar.jpg,sin_evaluar,0,
1790374365436,1790374365436__sin_evaluar.jpg,sin_evaluar,0,
1790374365600,1790374365600__sin_evaluar.jpg,sin_evaluar,0,
1790374365713,1790374365713__sin_evaluar.jpg,sin_evaluar,0,
1790374365858,1790374365858__sin_evaluar.jpg,sin_evaluar,0,
1790374366008,1790374366008__sin_evaluar.jpg,sin_evaluar,0,
1790374366162,1790374366162__sin_evaluar.jpg,sin_evaluar,0,
1790374366289,1790374366289__sin_evaluar.jpg,sin_evaluar,0,
1790374366434,1790374366434__sin_evaluar.jpg,sin_evaluar,0,
1790374366563,1790374366563__sin_evaluar.jpg,sin_evaluar,0,
1790374366730,1790374366730__sin_evaluar.jpg,sin_evaluar,0,
1790374366847,1790374366847__sin_evaluar.jpg,sin_evaluar,0,
1790374367006,1790374367006__sin_evaluar.jpg,sin_evaluar,0,
1790374367134,1790374367134__sin_evaluar.jpg,sin_evaluar,0,
1790374367290,1790374367290__sin_evaluar.jpg,sin_evaluar,0,
1790374367430,1790374367430__sin_evaluar.jpg,sin_evaluar,0,
1790374367574,1790374367574__sin_evaluar.jpg,sin_evaluar,0,
1790374367728,1790374367728__sin_evaluar.jpg,sin_evaluar,0,
1790374367873,1790374367873__sin_evaluar.jpg,sin_evaluar,0,
1790374368033,1790374368033__sin_evaluar.jpg,sin_evaluar,0,
1790374368140,1790374368140__sin_evaluar.jpg,sin_evaluar,0,
1790374368308,1790374368308__sin_evaluar.jpg,sin_evaluar,0,
1790374368433,1790374368433__sin_evaluar.jpg,sin_evaluar,0,
1790374368572,1790374368572__sin_evaluar.jpg,sin_evaluar,0,
1790374368714,1790374368714__sin_evaluar.jpg,sin_evaluar,0,
1790374368876,1790374368876__sin_evaluar.jpg,sin_evaluar,0,
1790374369407,1790374369407__dedo_menique_0.68.jpg,dedo_menique_0.68,0,
1790374369408,1790374369408__sin_evaluar.jpg,sin_evaluar,1,0.8993203639984131
1790374369433,1790374369433__sin_evaluar.jpg,sin_evaluar,1,0.9181817770004272
1790374369569,1790374369569__sin_evaluar.jpg,sin_evaluar,1,0.974631130695343
1790374369741,1790374369741__sin_evaluar.jpg,sin_evaluar,1,0.9748877882957458
1790374369861,1790374369861__sin_evaluar.jpg,sin_evaluar,1,0.9874048829078674
1790374370039,1790374370039__sin_evaluar.jpg,sin_evaluar,1,0.9758880138397217
1790374370154,1790374370154__sin_evaluar.jpg,sin_evaluar,1,0.9401770234107971
1790374370321,1790374370321__sin_evaluar.jpg,sin_evaluar,1,0.7562545537948608
1790374370443,1790374370443__sin_evaluar.jpg,sin_evaluar,1,0.6229300498962402
1790374370583,1790374370583__sin_evaluar.jpg,sin_evaluar,1,0.8302900791168213
1790374370749,1790374370749__sin_evaluar.jpg,sin_evaluar,1,0.9302173852920532
1790374370898,1790374370898__sin_evaluar.jpg,sin_evaluar,1,0.9736137390136719
1790374371008,1790374371008__sin_evaluar.jpg,sin_evaluar,1,0.9746217727661133
1790374371148,1790374371148__sin_evaluar.jpg,sin_evaluar,1,0.7649045586585999
1790374371292,1790374371292__sin_evaluar.jpg,sin_evaluar,1,0.6235270500183105
1790374371449,1790374371449__sin_evaluar.jpg,sin_evaluar,1,0.7452126741409302
1790374371574,1790374371574__sin_evaluar.jpg,sin_evaluar,1,0.9888860583305359
1790374371739,1790374371739__sin_evaluar.jpg,sin_evaluar,1,0.679558515548706
1790374371902,1790374371902__sin_evaluar.jpg,sin_evaluar,1,0.8348324298858643
1790374372081,1790374372081__sin_evaluar.jpg,sin_evaluar,1,0.5976718664169312
1790374372162,1790374372162__sin_evaluar.jpg,sin_evaluar,1,0.8532458543777466
1790374372297,1790374372297__sin_evaluar.jpg,sin_evaluar,1,0.578158974647522
1790374372441,1790374372441__sin_evaluar.jpg,sin_evaluar,1,0.8239148259162903
1790374372586,1790374372586__sin_evaluar.jpg,sin_evaluar,1,0.9698953628540039
1790374372773,1790374372773__sin_evaluar.jpg,sin_evaluar,1,0.7426720857620239
1790374372881,1790374372881__sin_evaluar.jpg,sin_evaluar,1,0.9497008919715881
1790374373005,1790374373005__sin_evaluar.jpg,sin_evaluar,1,0.618954598903656
1790374373185,1790374373185__sin_evaluar.jpg,sin_evaluar,1,0.9234192967414856
1790374373294,1790374373294__sin_evaluar.jpg,sin_evaluar,1,0.9801875948905945
1790374373480,1790374373480__sin_evaluar.jpg,sin_evaluar,1,0.9508655667304993
1790374373601,1790374373601__sin_evaluar.jpg,sin_evaluar,1,0.9743061065673828
1790374373795,1790374373795__sin_evaluar.jpg,sin_evaluar,1,0.7612245082855225
1790374373862,1790374373862__sin_evaluar.jpg,sin_evaluar,1,0.7709280252456665
1790374374029,1790374374029__sin_evaluar.jpg,sin_evaluar,1,0.7331207990646362
1790374374533,1790374374533__dedo_menique_0.88.jpg,dedo_menique_0.88,1,0.7603417634963989
1790374374534,1790374374534__sin_evaluar.jpg,sin_evaluar,1,0.6238603591918945
1790374374570,1790374374570__sin_evaluar.jpg,sin_evaluar,1,0.7037855982780457
1790374374740,1790374374740__sin_evaluar.jpg,sin_evaluar,1,0.6538702249526978
1790374374862,1790374374862__sin_evaluar.jpg,sin_evaluar,1,0.721321702003479
1790374375000,1790374375000__sin_evaluar.jpg,sin_evaluar,1,0.6678173542022705
1790374375160,1790374375160__sin_evaluar.jpg,sin_evaluar,1,0.7721220254898071
1790374375296,1790374375296__sin_evaluar.jpg,sin_evaluar,1,0.6688144207000732
1790374375464,1790374375464__sin_evaluar.jpg,sin_evaluar,1,0.6418129205703735
1790374375601,1790374375601__sin_evaluar.jpg,sin_evaluar,1,0.7215029001235962
1790374375753,1790374375753__sin_evaluar.jpg,sin_evaluar,1,0.8477376699447632
1790374375856,1790374375856__sin_evaluar.jpg,sin_evaluar,1,0.97891765832901
1790374376007,1790374376007__sin_evaluar.jpg,sin_evaluar,1,0.8961207270622253
1790374376188,1790374376188__sin_evaluar.jpg,sin_evaluar,1,0.7052404880523682
1790374376283,1790374376283__sin_evaluar.jpg,sin_evaluar,1,0.5414013862609863
1790374376452,1790374376452__sin_evaluar.jpg,sin_evaluar,1,0.5653095245361328
1790374376593,1790374376593__sin_evaluar.jpg,sin_evaluar,1,0.7484443187713623
1790374376741,1790374376741__sin_evaluar.jpg,sin_evaluar,1,0.7298028469085693
1790374376901,1790374376901__sin_evaluar.jpg,sin_evaluar,1,0.7670094966888428
1790374377033,1790374377033__sin_evaluar.jpg,sin_evaluar,1,0.5268136262893677
1790374377162,1790374377162__sin_evaluar.jpg,sin_evaluar,1,0.5045222043991089
1790374377295,1790374377295__sin_evaluar.jpg,sin_evaluar,1,0.7930117249488831
1790374377453,1790374377453__sin_evaluar.jpg,sin_evaluar,1,0.5534268021583557
1790374377597,1790374377597__sin_evaluar.jpg,sin_evaluar,1,0.6332498788833618
1790374377733,1790374377733__sin_evaluar.jpg,sin_evaluar,1,0.7533146739006042
1790374377870,1790374377870__sin_evaluar.jpg,sin_evaluar,1,0.7846533060073853
1790374378041,1790374378041__sin_evaluar.jpg,sin_evaluar,1,0.8105552196502686
1790374378153,1790374378153__sin_evaluar.jpg,sin_evaluar,1,0.8733536601066589
1790374378293,1790374378293__sin_evaluar.jpg,sin_evaluar,1,0.9037141799926758
1790374378455,1790374378455__sin_evaluar.jpg,sin_evaluar,1,0.7425240278244019
1790374378603,1790374378603__sin_evaluar.jpg,sin_evaluar,1,0.8474282026290894
1790374378752,1790374378752__sin_evaluar.jpg,sin_evaluar,1,0.8055065274238586
1790374378884,1790374378884__sin_evaluar.jpg,sin_evaluar,1,0.8217675685882568
1790374379033,1790374379033__sin_evaluar.jpg,sin_evaluar,1,0.8986753225326538
1790374379549,1790374379549__sin_evaluar.jpg,sin_evaluar,1,0.9009197950363159
1790374379549,1790374379549__dedo_menique_0.74.jpg,dedo_menique_0.74,1,0.8187536001205444
1790374379550,1790374379550__sin_evaluar.jpg,sin_evaluar,1,0.9495497941970825
1790374379593,1790374379593__sin_evaluar.jpg,sin_evaluar,1,0.9073286652565002
1790374379734,1790374379734__sin_evaluar.jpg,sin_evaluar,1,0.7708444595336914
1790374379881,1790374379881__sin_evaluar.jpg,sin_evaluar,1,0.8146732449531555
1790374380034,1790374380034__sin_evaluar.jpg,sin_evaluar,1,0.6673157811164856
1790374380163,1790374380163__sin_evaluar.jpg,sin_evaluar,1,0.5407363176345825
1790374380314,1790374380314__sin_evaluar.jpg,sin_evaluar,1,0.5989925265312195
1790374380448,1790374380448__sin_evaluar.jpg,sin_evaluar,1,0.6593157052993774
1790374380614,1790374380614__sin_evaluar.jpg,sin_evaluar,1,0.7372626066207886
1790374380748,1790374380748__sin_evaluar.jpg,sin_evaluar,1,0.9487061500549316
1790374380885,1790374380885__sin_evaluar.jpg,sin_evaluar,1,0.7505185008049011
1790374381021,1790374381021__sin_evaluar.jpg,sin_evaluar,1,0.946851909160614
1790374381156,1790374381156__sin_evaluar.jpg,sin_evaluar,1,0.5674574375152588
1790374381293,1790374381293__sin_evaluar.jpg,sin_evaluar,1,0.831957221031189
1790374381453,1790374381453__sin_evaluar.jpg,sin_evaluar,1,0.8036487698554993
1790374381604,1790374381604__sin_evaluar.jpg,sin_evaluar,1,0.9395838379859924
1790374381728,1790374381728__sin_evaluar.jpg,sin_evaluar,1,0.8693461418151855
1790374381874,1790374381874__sin_evaluar.jpg,sin_evaluar,1,0.9567082524299622
1790374382031,1790374382031__sin_evaluar.jpg,sin_evaluar,1,0.7596787214279175
1790374382170,1790374382170__sin_evaluar.jpg,sin_evaluar,1,0.9519842267036438
1790374382325,1790374382325__sin_evaluar.jpg,sin_evaluar,1,0.9728682041168213
1790374382443,1790374382443__sin_evaluar.jpg,sin_evaluar,1,0.9792082905769348
1790374382608,1790374382608__sin_evaluar.jpg,sin_evaluar,1,0.9766311049461365
1790374382753,1790374382753__sin_evaluar.jpg,sin_evaluar,1,0.9904431104660034
1790374382898,1790374382898__sin_evaluar.jpg,sin_evaluar,1,0.9849511981010437
1790374383028,1790374383028__sin_evaluar.jpg,sin_evaluar,1,0.9788165092468262
1790374383178,1790374383178__sin_evaluar.jpg,sin_evaluar,1,0.9287385940551758
1790374383316,1790374383316__sin_evaluar.jpg,sin_evaluar,1,0.960238516330719
1790374383539,1790374383539__sin_evaluar.jpg,sin_evaluar,1,0.9652230739593506
1790374383605,1790374383605__sin_evaluar.jpg,sin_evaluar,1,0.9812771081924438
1790374383760,1790374383760__sin_evaluar.jpg,sin_evaluar,1,0.9796637296676636
1790374383934,1790374383934__sin_evaluar.jpg,sin_evaluar,1,0.9846163392066956
1790374384115,1790374384115__sin_evaluar.jpg,sin_evaluar,1,0.9793280363082886
1790374384679,1790374384679__dedo_menique_0.90.jpg,dedo_menique_0.90,1,0.9842756390571594
1790374384680,1790374384680__sin_evaluar.jpg,sin_evaluar,1,0.9887505769729614
1790374384681,1790374384681__sin_evaluar.jpg,sin_evaluar,1,0.9883996844291687
1790374384744,1790374384744__sin_evaluar.jpg,sin_evaluar,1,0.9841153621673584
1790374384887,1790374384887__sin_evaluar.jpg,sin_evaluar,1,0.9952560663223267
1790374385014,1790374385014__sin_evaluar.jpg,sin_evaluar,1,0.9929311871528625
1790374385197,1790374385197__sin_evaluar.jpg,sin_evaluar,1,0.9874959588050842
1790374385323,1790374385323__sin_evaluar.jpg,sin_evaluar,1,0.996527373790741
1790374385475,1790374385475__sin_evaluar.jpg,sin_evaluar,1,0.9940509796142578
1790374385593,1790374385593__sin_evaluar.jpg,sin_evaluar,1,0.9915305972099304
1790374385753,1790374385753__sin_evaluar.jpg,sin_evaluar,1,0.9897432923316956
1790374385889,1790374385889__sin_evaluar.jpg,sin_evaluar,1,0.9914358258247375
1790374386026,1790374386026__sin_evaluar.jpg,sin_evaluar,1,0.9912946224212646
1790374386167,1790374386167__sin_evaluar.jpg,sin_evaluar,1,0.9893438816070557
1790374386315,1790374386315__sin_evaluar.jpg,sin_evaluar,1,0.9827759265899658
1790374386454,1790374386454__sin_evaluar.jpg,sin_evaluar,1,0.9918078184127808
1790374386591,1790374386591__sin_evaluar.jpg,sin_evaluar,1,0.9914501309394836
1790374386756,1790374386756__sin_evaluar.jpg,sin_evaluar,1,0.9929609894752502
1790374386889,1790374386889__sin_evaluar.jpg,sin_evaluar,1,0.990333616733551
1790374387021,1790374387021__sin_evaluar.jpg,sin_evaluar,1,0.9866193532943726
1790374387159,1790374387159__sin_evaluar.jpg,sin_evaluar,1,0.9895145893096924
1790374387297,1790374387297__sin_evaluar.jpg,sin_evaluar,1,0.9954468011856079
1790374387453,1790374387453__sin_evaluar.jpg,sin_evaluar,1,0.9954286813735962
1790374387594,1790374387594__sin_evaluar.jpg,sin_evaluar,1,0.9957228899002075
1790374387757,1790374387757__sin_evaluar.jpg,sin_evaluar,1,0.9961342215538025
1790374387898,1790374387898__sin_evaluar.jpg,sin_evaluar,1,0.9938735961914062
1790374388015,1790374388015__sin_evaluar.jpg,sin_evaluar,1,0.9936739802360535
1790374388175,1790374388175__sin_evaluar.jpg,sin_evaluar,1,0.9950928092002869
1790374388315,1790374388315__sin_evaluar.jpg,sin_evaluar,1,0.991037905216217
1790374388474,1790374388474__sin_evaluar.jpg,sin_evaluar,1,0.9911428689956665
1790374388587,1790374388587__sin_evaluar.jpg,sin_evaluar,1,0.9934367537498474
1790374388745,1790374388745__sin_evaluar.jpg,sin_evaluar,1,0.9948184490203857
1790374388893,1790374388893__sin_evaluar.jpg,sin_evaluar,1,0.9879661798477173
1790374389045,1790374389045__sin_evaluar.jpg,sin_evaluar,1,0.9840136170387268
1790374389167,1790374389167__sin_evaluar.jpg,sin_evaluar,1,0.9902759194374084
1790374389720,1790374389720__dedo_menique_0.89.jpg,dedo_menique_0.89,1,0.9854732751846313
1790374389720,1790374389720__sin_evaluar.jpg,sin_evaluar,1,0.9927963614463806
1790374389721,1790374389721__sin_evaluar.jpg,sin_evaluar,1,0.9949601888656616
1790374389764,1790374389764__sin_evaluar.jpg,sin_evaluar,1,0.9956235885620117
1790374389894,1790374389894__sin_evaluar.jpg,sin_evaluar,1,0.996950089931488
1790374390022,1790374390022__sin_evaluar.jpg,sin_evaluar,1,0.9972119331359863
1790374390187,1790374390187__sin_evaluar.jpg,sin_evaluar,1,0.9942428469657898
1790374390306,1790374390306__sin_evaluar.jpg,sin_evaluar,1,0.9957915544509888
1790374390475,1790374390475__sin_evaluar.jpg,sin_evaluar,1,0.9968796968460083
1790374390607,1790374390607__sin_evaluar.jpg,sin_evaluar,1,0.9964566230773926
1790374390770,1790374390770__sin_evaluar.jpg,sin_evaluar,1,0.9937171339988708
1790374390895,1790374390895__sin_evaluar.jpg,sin_evaluar,0,
1790374391030,1790374391030__sin_evaluar.jpg,sin_evaluar,1,0.9975699186325073
1790374391211,1790374391211__sin_evaluar.jpg,sin_evaluar,1,0.9967249631881714
1790374391323,1790374391323__sin_evaluar.jpg,sin_evaluar,1,0.9976979494094849
1790374391453,1790374391453__sin_evaluar.jpg,sin_evaluar,1,0.9968862533569336
1790374391595,1790374391595__sin_evaluar.jpg,sin_evaluar,1,0.9934446215629578
1790374391753,1790374391753__sin_evaluar.jpg,sin_evaluar,1,0.994274377822876
1790374391893,1790374391893__sin_evaluar.jpg,sin_evaluar,1,0.9920622706413269
1790374392041,1790374392041__sin_evaluar.jpg,sin_evaluar,1,0.9846905469894409
1790374392180,1790374392180__sin_evaluar.jpg,sin_evaluar,1,0.9937947392463684
1790374392334,1790374392334__sin_evaluar.jpg,sin_evaluar,1,0.9813867807388306
1790374392469,1790374392469__sin_evaluar.jpg,sin_evaluar,1,0.9814910292625427
1790374392614,1790374392614__sin_evaluar.jpg,sin_evaluar,1,0.980610728263855
1790374392750,1790374392750__sin_evaluar.jpg,sin_evaluar,1,0.9757490158081055
1790374392893,1790374392893__sin_evaluar.jpg,sin_evaluar,1,0.9952378869056702
1790374393046,1790374393046__sin_evaluar.jpg,sin_evaluar,1,0.9839227199554443
1790374393177,1790374393177__sin_evaluar.jpg,sin_evaluar,1,0.9773863554000854
1790374393314,1790374393314__sin_evaluar.jpg,sin_evaluar,1,0.981102466583252
1790374393494,1790374393494__sin_evaluar.jpg,sin_evaluar,1,0.9655259847640991
1790374393662,1790374393662__sin_evaluar.jpg,sin_evaluar,1,0.9765931963920593
1790374393749,1790374393749__sin_evaluar.jpg,sin_evaluar,1,0.983394205570221
1790374393972,1790374393972__sin_evaluar.jpg,sin_evaluar,1,0.9841487407684326
1790374394041,1790374394041__sin_evaluar.jpg,sin_evaluar,1,0.9710508584976196
1790374394181,1790374394181__sin_evaluar.jpg,sin_evaluar,1,0.9768686890602112
1790374394754,1790374394754__dedo_menique_0.86.jpg,dedo_menique_0.86,1,0.9751523733139038
1790374394755,1790374394755__sin_evaluar.jpg,sin_evaluar,1,0.9757059812545776
1790374394756,1790374394756__sin_evaluar.jpg,sin_evaluar,1,0.9785355925559998
1790374394893,1790374394893__sin_evaluar.jpg,sin_evaluar,1,0.9440255761146545
1790374395046,1790374395046__sin_evaluar.jpg,sin_evaluar,1,0.6143769025802612
1790374395189,1790374395189__sin_evaluar.jpg,sin_evaluar,0,
1790374395328,1790374395328__sin_evaluar.jpg,sin_evaluar,0,
1790374395455,1790374395455__sin_evaluar.jpg,sin_evaluar,0,
1790374395633,1790374395633__sin_evaluar.jpg,sin_evaluar,0,
1790374395749,1790374395749__sin_evaluar.jpg,sin_evaluar,0,
1790374395913,1790374395913__sin_evaluar.jpg,sin_evaluar,0,
1790374396033,1790374396033__sin_evaluar.jpg,sin_evaluar,0,
1790374396169,1790374396169__sin_evaluar.jpg,sin_evaluar,0,
1790374396343,1790374396343__sin_evaluar.jpg,sin_evaluar,0,
1790374396454,1790374396454__sin_evaluar.jpg,sin_evaluar,0,
1790374396590,1790374396590__sin_evaluar.jpg,sin_evaluar,0,
1790374396752,1790374396752__sin_evaluar.jpg,sin_evaluar,0,
1790374396893,1790374396893__sin_evaluar.jpg,sin_evaluar,0,
1790374397057,1790374397057__sin_evaluar.jpg,sin_evaluar,0,
1790374397180,1790374397180__sin_evaluar.jpg,sin_evaluar,0,
1790374397331,1790374397331__sin_evaluar.jpg,sin_evaluar,0,
1790374397487,1790374397487__sin_evaluar.jpg,sin_evaluar,0,
1790374397592,1790374397592__sin_evaluar.jpg,sin_evaluar,0,
1790374397764,1790374397764__sin_evaluar.jpg,sin_evaluar,0,
1790374397903,1790374397903__sin_evaluar.jpg,sin_evaluar,0,
1790374398061,1790374398061__sin_evaluar.jpg,sin_evaluar,0,
1790374398176,1790374398176__sin_evaluar.jpg,sin_evaluar,0,
1790374398324,1790374398324__sin_evaluar.jpg,sin_evaluar,0,
1790374398457,1790374398457__sin_evaluar.jpg,sin_evaluar,0,
1790374398633,1790374398633__sin_evaluar.jpg,sin_evaluar,0,
1790374398769,1790374398769__sin_evaluar.jpg,sin_evaluar,0,
1790374398900,1790374398900__sin_evaluar.jpg,sin_evaluar,0,
1790374399053,1790374399053__sin_evaluar.jpg,sin_evaluar,0,
1790374399173,1790374399173__sin_evaluar.jpg,sin_evaluar,0,
1790374399355,1790374399355__sin_evaluar.jpg,sin_evaluar,0,
1790374399852,1790374399852__sin_gesto.jpg,sin_gesto,0,
1790374399853,1790374399853__sin_evaluar.jpg,sin_evaluar,0,
1790374399913,1790374399913__sin_evaluar.jpg,sin_evaluar,0,
1790374400021,1790374400021__sin_evaluar.jpg,sin_evaluar,0,
1790374400173,1790374400173__sin_evaluar.jpg,sin_evaluar,0,
1790374400334,1790374400334__sin_evaluar.jpg,sin_evaluar,0,
1790374400465,1790374400465__sin_evaluar.jpg,sin_evaluar,0,
1790374400610,1790374400610__sin_evaluar.jpg,sin_evaluar,0,
1790374400759,1790374400759__sin_evaluar.jpg,sin_evaluar,0,
1790374400905,1790374400905__sin_evaluar.jpg,sin_evaluar,0,
1790374401058,1790374401058__sin_evaluar.jpg,sin_evaluar,0,
1790374401174,1790374401174__sin_evaluar.jpg,sin_evaluar,0,
1790374401340,1790374401340__sin_evaluar.jpg,sin_evaluar,0,
1790374401477,1790374401477__sin_evaluar.jpg,sin_evaluar,0,
1790374401672,1790374401672__sin_evaluar.jpg,sin_evaluar,0,
1790374401765,1790374401765__sin_evaluar.jpg,sin_evaluar,0,
1790374401887,1790374401887__sin_evaluar.jpg,sin_evaluar,0,
1790374402033,1790374402033__sin_evaluar.jpg,sin_evaluar,0,
1790374402193,1790374402193__sin_evaluar.jpg,sin_evaluar,0,
1790374402336,1790374402336__sin_evaluar.jpg,sin_evaluar,0,
1790374402488,1790374402488__sin_evaluar.jpg,sin_evaluar,0,
1790374402615,1790374402615__sin_evaluar.jpg,sin_evaluar,0,
1790374402763,1790374402763__sin_evaluar.jpg,sin_evaluar,0,
1790374402914,1790374402914__sin_evaluar.jpg,sin_evaluar,0,
1790374403067,1790374403067__sin_evaluar.jpg,sin_evaluar,0,
1790374403205,1790374403205__sin_evaluar.jpg,sin_evaluar,0,
1790374403334,1790374403334__sin_evaluar.jpg,sin_evaluar,0,
1790374403474,1790374403474__sin_evaluar.jpg,sin_evaluar,0,
1790374403605,1790374403605__sin_evaluar.jpg,sin_evaluar,0,
1790374403793,1790374403793__sin_evaluar.jpg,sin_evaluar,0,
1790374403914,1790374403914__sin_evaluar.jpg,sin_evaluar,0,
1790374404118,1790374404118__sin_evaluar.jpg,sin_evaluar,1,0.92110675573349
1790374404201,1790374404201__sin_evaluar.jpg,sin_evaluar,1,0.917434573173523
1790374404335,1790374404335__sin_evaluar.jpg,sin_evaluar,1,0.8866889476776123
1790374404864,1790374404864__dedo_pulgar_0.93.jpg,dedo_pulgar_0.93,1,0.9481329917907715
1790374404864,1790374404864__sin_evaluar.jpg,sin_evaluar,1,0.9554869532585144
1790374404865,1790374404865__sin_evaluar.jpg,sin_evaluar,1,0.9916945099830627
1790374404917,1790374404917__sin_evaluar.jpg,sin_evaluar,1,0.993163526058197
1790374405061,1790374405061__sin_evaluar.jpg,sin_evaluar,1,0.9935618042945862
1790374405194,1790374405194__sin_evaluar.jpg,sin_evaluar,1,0.9733300805091858
1790374405340,1790374405340__sin_evaluar.jpg,sin_evaluar,1,0.9867298007011414
1790374405474,1790374405474__sin_evaluar.jpg,sin_evaluar,1,0.9534848928451538
1790374405603,1790374405603__sin_evaluar.jpg,sin_evaluar,1,0.9703484773635864
1790374405777,1790374405777__sin_evaluar.jpg,sin_evaluar,1,0.9909986853599548
1790374405899,1790374405899__sin_evaluar.jpg,sin_evaluar,1,0.9887814521789551
1790374406034,1790374406034__sin_evaluar.jpg,sin_evaluar,1,0.9415700435638428
1790374406183,1790374406183__sin_evaluar.jpg,sin_evaluar,1,0.9675347208976746
1790374406329,1790374406329__sin_evaluar.jpg,sin_evaluar,1,0.9791911840438843
1790374406466,1790374406466__sin_evaluar.jpg,sin_evaluar,1,0.9544613361358643
1790374406632,1790374406632__sin_evaluar.jpg,sin_evaluar,1,0.9566841721534729
1790374406750,1790374406750__sin_evaluar.jpg,sin_evaluar,1,0.947396993637085
1790374406922,1790374406922__sin_evaluar.jpg,sin_evaluar,1,0.9640389084815979
1790374407048,1790374407048__sin_evaluar.jpg,sin_evaluar,1,0.9946680665016174
1790374407193,1790374407193__sin_evaluar.jpg,sin_evaluar,1,0.9891228079795837
1790374407333,1790374407333__sin_evaluar.jpg,sin_evaluar,1,0.9619292616844177
1790374407471,1790374407471__sin_evaluar.jpg,sin_evaluar,1,0.9871007800102234
1790374407597,1790374407597__sin_evaluar.jpg,sin_evaluar,1,0.969569742679596
1790374407752,1790374407752__sin_evaluar.jpg,sin_evaluar,1,0.960037887096405
1790374407913,1790374407913__sin_evaluar.jpg,sin_evaluar,1,0.955504298210144
1790374408053,1790374408053__sin_evaluar.jpg,sin_evaluar,1,0.9766417145729065
1790374408194,1790374408194__sin_evaluar.jpg,sin_evaluar,1,0.9526364207267761
1790374408329,1790374408329__sin_evaluar.jpg,sin_evaluar,1,0.9687557816505432
1790374408466,1790374408466__sin_evaluar.jpg,sin_evaluar,1,0.9664109349250793
1790374408634,1790374408634__sin_evaluar.jpg,sin_evaluar,1,0.9576472043991089
1790374408753,1790374408753__sin_evaluar.jpg,sin_evaluar,1,0.9655084609985352
1790374408977,1790374408977__sin_evaluar.jpg,sin_evaluar,1,0.978052020072937
1790374409058,1790374409058__sin_evaluar.jpg,sin_evaluar,1,0.9706809520721436
1790374409204,1790374409204__sin_evaluar.jpg,sin_evaluar,1,0.960435152053833
1790374409348,1790374409348__sin_evaluar.jpg,sin_evaluar,1,0.9741750359535217
1790374409474,1790374409474__sin_evaluar.jpg,sin_evaluar,1,0.9574792981147766
1790374410000,1790374410000__puño_cerrado_0.84.jpg,puño_cerrado_0.84,1,0.9893901944160461
1790374410001,1790374410001__sin_evaluar.jpg,sin_evaluar,1,0.980285108089447
1790374410046,1790374410046__sin_evaluar.jpg,sin_evaluar,1,0.9823178648948669
1790374410191,1790374410191__sin_evaluar.jpg,sin_evaluar,1,0.9748889207839966
1790374410354,1790374410354__sin_evaluar.jpg,sin_evaluar,1,0.9461249113082886
1790374410528,1790374410528__sin_evaluar.jpg,sin_evaluar,1,0.9737565517425537
1790374410633,1790374410633__sin_evaluar.jpg,sin_evaluar,1,0.9788599610328674
1790374410779,1790374410779__sin_evaluar.jpg,sin_evaluar,1,0.9763009548187256
1790374410914,1790374410914__sin_evaluar.jpg,sin_evaluar,1,0.9903493523597717
1790374411036,1790374411036__sin_evaluar.jpg,sin_evaluar,1,0.9883089661598206
1790374411203,1790374411203__sin_evaluar.jpg,sin_evaluar,1,0.9875036478042603
1790374411342,1790374411342__sin_evaluar.jpg,sin_evaluar,1,0.9750327467918396
1790374411474,1790374411474__sin_evaluar.jpg,sin_evaluar,1,0.9732620716094971
1790374411634,1790374411634__sin_evaluar.jpg,sin_evaluar,1,0.9881758093833923
1790374411766,1790374411766__sin_evaluar.jpg,sin_evaluar,1,0.9847227931022644
1790374411913,1790374411913__sin_evaluar.jpg,sin_evaluar,1,0.9864416122436523
1790374412053,1790374412053__sin_evaluar.jpg,sin_evaluar,1,0.9872094988822937
1790374412199,1790374412199__sin_evaluar.jpg,sin_evaluar,1,0.9707341194152832
1790374412333,1790374412333__sin_evaluar.jpg,sin_evaluar,1,0.9764554500579834
1790374412480,1790374412480__sin_evaluar.jpg,sin_evaluar,1,0.962472677230835
1790374412641,1790374412641__sin_evaluar.jpg,sin_evaluar,1,0.98968905210495
1790374412753,1790374412753__sin_evaluar.jpg,sin_evaluar,1,0.9797477722167969
1790374412908,1790374412908__sin_evaluar.jpg,sin_evaluar,1,0.9704409837722778
1790374413053,1790374413053__sin_evaluar.jpg,sin_evaluar,1,0.9763171076774597
1790374413192,1790374413192__sin_evaluar.jpg,sin_evaluar,1,0.9801361560821533
1790374413364,1790374413364__sin_evaluar.jpg,sin_evaluar,1,0.9796746373176575
1790374413473,1790374413473__sin_evaluar.jpg,sin_evaluar,1,0.9767988920211792
1790374413635,1790374413635__sin_evaluar.jpg,sin_evaluar,1,0.9795427918434143
1790374413766,1790374413766__sin_evaluar.jpg,sin_evaluar,1,0.9835490584373474
1790374413902,1790374413902__sin_evaluar.jpg,sin_evaluar,1,0.9879513382911682
1790374414054,1790374414054__sin_evaluar.jpg,sin_evaluar,1,0.9817637801170349
1790374414248,1790374414248__sin_evaluar.jpg,sin_evaluar,1,0.9957419037818909
1790374414339,1790374414339__sin_evaluar.jpg,sin_evaluar,1,0.9884482026100159
1790374414547,1790374414547__sin_evaluar.jpg,sin_evaluar,1,0.9926592111587524
1790374414621,1790374414621__sin_evaluar.jpg,sin_evaluar,1,0.9839712977409363
1790374415142,1790374415142__sin_evaluar.jpg,sin_evaluar,1,0.9715796113014221
1790374415142,1790374415142__puño_cerrado_0.85.jpg,puño_cerrado_0.85,1,0.9767733216285706
1790374415143,1790374415143__sin_evaluar.jpg,sin_evaluar,1,0.9813193678855896
1790374415188,1790374415188__sin_evaluar.jpg,sin_evaluar,1,0.9695107936859131
1790374415347,1790374415347__sin_evaluar.jpg,sin_evaluar,1,0.9862343072891235
1790374415500,1790374415500__sin_evaluar.jpg,sin_evaluar,1,0.9634338021278381
1790374415624,1790374415624__sin_evaluar.jpg,sin_evaluar,1,0.9257239103317261
1790374415769,1790374415769__sin_evaluar.jpg,sin_evaluar,1,0.963590145111084
1790374415912,1790374415912__sin_evaluar.jpg,sin_evaluar,1,0.9841326475143433
1790374416059,1790374416059__sin_evaluar.jpg,sin_evaluar,1,0.9631764888763428
1790374416195,1790374416195__sin_evaluar.jpg,sin_evaluar,1,0.9523710012435913
1790374416355,1790374416355__sin_evaluar.jpg,sin_evaluar,1,0.9606744050979614
1790374416494,1790374416494__sin_evaluar.jpg,sin_evaluar,1,0.9699617028236389
1790374416633,1790374416633__sin_evaluar.jpg,sin_evaluar,1,0.9647057056427002
1790374416794,1790374416794__sin_evaluar.jpg,sin_evaluar,1,0.950486958026886
1790374416901,1790374416901__sin_evaluar.jpg,sin_evaluar,1,0.9579051733016968
1790374417075,1790374417075__sin_evaluar.jpg,sin_evaluar,1,0.9615429639816284
1790374417197,1790374417197__sin_evaluar.jpg,sin_evaluar,1,0.9566234350204468
1790374417444,1790374417444__sin_evaluar.jpg,sin_evaluar,1,0.9757720828056335
1790374417488,1790374417488__sin_evaluar.jpg,sin_evaluar,1,0.9786786437034607
1790374417618,1790374417618__sin_evaluar.jpg,sin_evaluar,1,0.9692525863647461
1790374417775,1790374417775__sin_evaluar.jpg,sin_evaluar,1,0.9812770485877991
1790374417908,1790374417908__sin_evaluar.jpg,sin_evaluar,1,0.9841546416282654
1790374418140,1790374418140__sin_evaluar.jpg,sin_evaluar,1,0.9783406853675842
1790374418219,1790374418219__sin_evaluar.jpg,sin_evaluar,1,0.9852428436279297
1790374418342,1790374418342__sin_evaluar.jpg,sin_evaluar,1,0.9857487082481384
1790374418474,1790374418474__sin_evaluar.jpg,sin_evaluar,1,0.9822094440460205
1790374418618,1790374418618__sin_evaluar.jpg,sin_evaluar,1,0.9808791875839233
1790374418793,1790374418793__sin_evaluar.jpg,sin_evaluar,1,0.9861965179443359
1790374418915,1790374418915__sin_evaluar.jpg,sin_evaluar,1,0.9843056797981262
1790374419079,1790374419079__sin_evaluar.jpg,sin_evaluar,1,0.9727376699447632
1790374419229,1790374419229__sin_evaluar.jpg,sin_evaluar,1,0.9701246023178101
1790374419337,1790374419337__sin_evaluar.jpg,sin_evaluar,1,0.9927604794502258
1790374419500,1790374419500__sin_evaluar.jpg,sin_evaluar,1,0.9926126003265381
1790374419640,1790374419640__sin_evaluar.jpg,sin_evaluar,1,0.9954707026481628
1790374420155,1790374420155__dedo_pulgar_0.69.jpg,dedo_pulgar_0.69,1,0.9915484189987183
1790374420155,1790374420155__sin_evaluar.jpg,sin_evaluar,1,0.9897730946540833
1790374420156,1790374420156__sin_evaluar.jpg,sin_evaluar,1,0.9676214456558228
1790374420240,1790374420240__sin_evaluar.jpg,sin_evaluar,1,0.9786380529403687
1790374420326,1790374420326__sin_evaluar.jpg,sin_evaluar,1,0.9794701337814331
1790374420503,1790374420503__sin_evaluar.jpg,sin_evaluar,1,0.9850961565971375
1790374420688,1790374420688__sin_evaluar.jpg,sin_evaluar,1,0.9885187745094299
1790374420775,1790374420775__sin_evaluar.jpg,sin_evaluar,1,0.9853153228759766
1790374420941,1790374420941__sin_evaluar.jpg,sin_evaluar,1,0.9883162379264832
1790374421050,1790374421050__sin_evaluar.jpg,sin_evaluar,1,0.9905861616134644
1790374421228,1790374421228__sin_evaluar.jpg,sin_evaluar,1,0.9918937683105469
1790374421338,1790374421338__sin_evaluar.jpg,sin_evaluar,1,0.9876518845558167
1790374421511,1790374421511__sin_evaluar.jpg,sin_evaluar,1,0.9930318593978882
1790374421642,1790374421642__sin_evaluar.jpg,sin_evaluar,1,0.9850761890411377
1790374421782,1790374421782__sin_evaluar.jpg,sin_evaluar,1,0.960735023021698
1790374421913,1790374421913__sin_evaluar.jpg,sin_evaluar,1,0.9808762073516846
1790374422064,1790374422064__sin_evaluar.jpg,sin_evaluar,1,0.9839181303977966
1790374422194,1790374422194__sin_evaluar.jpg,sin_evaluar,1,0.9848514199256897
1790374422388,1790374422388__sin_evaluar.jpg,sin_evaluar,1,0.9848103523254395
1790374422494,1790374422494__sin_evaluar.jpg,sin_evaluar,0,
1790374422641,1790374422641__sin_evaluar.jpg,sin_evaluar,1,0.995092511177063
1790374422768,1790374422768__sin_evaluar.jpg,sin_evaluar,1,0.9832251071929932
1790374422932,1790374422932__sin_evaluar.jpg,sin_evaluar,1,0.9789209365844727
1790374423059,1790374423059__sin_evaluar.jpg,sin_evaluar,1,0.9870569109916687
1790374423213,1790374423213__sin_evaluar.jpg,sin_evaluar,1,0.9928118586540222
1790374423363,1790374423363__sin_evaluar.jpg,sin_evaluar,1,0.9784736633300781
1790374423508,1790374423508__sin_evaluar.jpg,sin_evaluar,0,
1790374423654,1790374423654__sin_evaluar.jpg,sin_evaluar,0,
1790374423788,1790374423788__sin_evaluar.jpg,sin_evaluar,0,
1790374423913,1790374423913__sin_evaluar.jpg,sin_evaluar,0,
1790374424061,1790374424061__sin_evaluar.jpg,sin_evaluar,0,
1790374424200,1790374424200__sin_evaluar.jpg,sin_evaluar,0,
1790374424374,1790374424374__sin_evaluar.jpg,sin_evaluar,0,
1790374424490,1790374424490__sin_evaluar.jpg,sin_evaluar,0,
1790374424662,1790374424662__sin_evaluar.jpg,sin_evaluar,0,
1790374424779,1790374424779__sin_evaluar.jpg,sin_evaluar,0,
1790374425362,1790374425362__sin_gesto.jpg,sin_gesto,0,
1790374425363,1790374425363__sin_evaluar.jpg,sin_evaluar,0,
1790374425369,1790374425369__sin_evaluar.jpg,sin_evaluar,0,
1790374425494,1790374425494__sin_evaluar.jpg,sin_evaluar,0,
1790374425688,1790374425688__sin_evaluar.jpg,sin_evaluar,0,
1790374425787,1790374425787__sin_evaluar.jpg,sin_evaluar,0,
1790374425929,1790374425929__sin_evaluar.jpg,sin_evaluar,0,
1790374426082,1790374426082__sin_evaluar.jpg,sin_evaluar,0,
1790374426187,1790374426187__sin_evaluar.jpg,sin_evaluar,0,
1790374426377,1790374426377__sin_evaluar.jpg,sin_evaluar,0,
1790374426487,1790374426487__sin_evaluar.jpg,sin_evaluar,0,
1790374426634,1790374426634__sin_evaluar.jpg,sin_evaluar,0,
1790374426774,1790374426774__sin_evaluar.jpg,sin_evaluar,0,
1790374426946,1790374426946__sin_evaluar.jpg,sin_evaluar,0,
1790374427099,1790374427099__sin_evaluar.jpg,sin_evaluar,0,
1790374427209,1790374427209__sin_evaluar.jpg,sin_evaluar,0,
1790374427347,1790374427347__sin_evaluar.jpg,sin_evaluar,0,
1790374427503,1790374427503__sin_evaluar.jpg,sin_evaluar,0,
1790374427635,1790374427635__sin_evaluar.jpg,sin_evaluar,0,
1790374427783,1790374427783__sin_evaluar.jpg,sin_evaluar,0,
1790374427926,1790374427926__sin_evaluar.jpg,sin_evaluar,0,
1790374428071,1790374428071__sin_evaluar.jpg,sin_evaluar,0,
1790374428384,1790374428384__sin_evaluar.jpg,sin_evaluar,0,
1790374428390,1790374428390__sin_evaluar.jpg,sin_evaluar,0,
1790374428511,1790374428511__sin_evaluar.jpg,sin_evaluar,0,
1790374428648,1790374428648__sin_evaluar.jpg,sin_evaluar,0,
1790374428808,1790374428808__sin_evaluar.jpg,sin_evaluar,0,
1790374428948,1790374428948__sin_evaluar.jpg,sin_evaluar,0,
1790374429074,1790374429074__sin_evaluar.jpg,sin_evaluar,0,
1790374429198,1790374429198__sin_evaluar.jpg,sin_evaluar,0,
1790374429361,1790374429361__sin_evaluar.jpg,sin_evaluar,0,
1790374429490,1790374429490__sin_evaluar.jpg,sin_evaluar,0,
1790374429648,1790374429648__sin_evaluar.jpg,sin_evaluar,0,
1790374429789,1790374429789__sin_evaluar.jpg,sin_evaluar,0,
1790374429934,1790374429934__sin_evaluar.jpg,sin_evaluar,0,
1790374430450,1790374430450__sin_gesto.jpg,sin_gesto,0,
1790374430450,1790374430450__sin_evaluar.jpg,sin_evaluar,0,
1790374430451,1790374430451__sin_evaluar.jpg,sin_evaluar,0,
1790374430525,1790374430525__sin_evaluar.jpg,sin_evaluar,0,
1790374430665,1790374430665__sin_evaluar.jpg,sin_evaluar,0,
1790374430801,1790374430801__sin_evaluar.jpg,sin_evaluar,0,
1790374430925,1790374430925__sin_evaluar.jpg,sin_evaluar,0,
1790374431063,1790374431063__sin_evaluar.jpg,sin_evaluar,0,
1790374431221,1790374431221__sin_evaluar.jpg,sin_evaluar,0,
1790374431374,1790374431374__sin_evaluar.jpg,sin_evaluar,1,0.7847492694854736
1790374431488,1790374431488__sin_evaluar.jpg,sin_evaluar,1,0.8564990162849426
1790374431660,1790374431660__sin_evaluar.jpg,sin_evaluar,1,0.9156118631362915
1790374431782,1790374431782__sin_evaluar.jpg,sin_evaluar,1,0.860742449760437
1790374431941,1790374431941__sin_evaluar.jpg,sin_evaluar,1,0.9910133481025696
1790374432088,1790374432088__sin_evaluar.jpg,sin_evaluar,0,
1790374432253,1790374432253__sin_evaluar.jpg,sin_evaluar,1,0.98405921459198
1790374432349,1790374432349__sin_evaluar.jpg,sin_evaluar,1,0.9766334891319275
1790374432510,1790374432510__sin_evaluar.jpg,sin_evaluar,1,0.9889383316040039
1790374432642,1790374432642__sin_evaluar.jpg,sin_evaluar,1,0.9908164143562317
1790374432785,1790374432785__sin_evaluar.jpg,sin_evaluar,1,0.9862954020500183
1790374432936,1790374432936__sin_evaluar.jpg,sin_evaluar,1,0.9855483174324036
1790374433094,1790374433094__sin_evaluar.jpg,sin_evaluar,1,0.9948498010635376
1790374433234,1790374433234__sin_evaluar.jpg,sin_evaluar,1,0.9938726425170898
1790374433361,1790374433361__sin_evaluar.jpg,sin_evaluar,1,0.9933750629425049
1790374433520,1790374433520__sin_evaluar.jpg,sin_evaluar,1,0.988805890083313
1790374433661,1790374433661__sin_evaluar.jpg,sin_evaluar,1,0.9915444254875183
1790374433800,1790374433800__sin_evaluar.jpg,sin_evaluar,1,0.9944868087768555
1790374433915,1790374433915__sin_evaluar.jpg,sin_evaluar,1,0.9977455735206604
1790374434079,1790374434079__sin_evaluar.jpg,sin_evaluar,0,
1790374434220,1790374434220__sin_evaluar.jpg,sin_evaluar,0,
1790374434374,1790374434374__sin_evaluar.jpg,sin_evaluar,0,
1790374434514,1790374434514__sin_evaluar.jpg,sin_evaluar,0,
1790374434661,1790374434661__sin_evaluar.jpg,sin_evaluar,0,
1790374434806,1790374434806__sin_evaluar.jpg,sin_evaluar,0,
1790374434921,1790374434921__sin_evaluar.jpg,sin_evaluar,0,
1790374435585,1790374435585__sin_evaluar.jpg,sin_evaluar,0,
1790374435585,1790374435585__sin_gesto.jpg,sin_gesto,1,0.9830818176269531
1790374435586,1790374435586__sin_evaluar.jpg,sin_evaluar,0,
1790374435641,1790374435641__sin_evaluar.jpg,sin_evaluar,0,
1790374435796,1790374435796__sin_evaluar.jpg,sin_evaluar,1,0.9861659407615662
1790374435962,1790374435962__sin_evaluar.jpg,sin_evaluar,0,
1790374436089,1790374436089__sin_evaluar.jpg,sin_evaluar,1,0.9887091517448425
1790374436209,1790374436209__sin_evaluar.jpg,sin_evaluar,1,0.9740251302719116
1790374436353,1790374436353__sin_evaluar.jpg,sin_evaluar,1,0.9850154519081116
1790374436500,1790374436500__sin_evaluar.jpg,sin_evaluar,0,
1790374436642,1790374436642__sin_evaluar.jpg,sin_evaluar,1,0.9893553256988525
1790374436778,1790374436778__sin_evaluar.jpg,sin_evaluar,1,0.9755856990814209
1790374436929,1790374436929__sin_evaluar.jpg,sin_evaluar,1,0.9825006127357483
1790374437064,1790374437064__sin_evaluar.jpg,sin_evaluar,1,0.9755022525787354
1790374437262,1790374437262__sin_evaluar.jpg,sin_evaluar,1,0.9831718802452087
1790374437354,1790374437354__sin_evaluar.jpg,sin_evaluar,0,
1790374437521,1790374437521__sin_evaluar.jpg,sin_evaluar,0,
1790374437654,1790374437654__sin_evaluar.jpg,sin_evaluar,1,0.9840637445449829
1790374437778,1790374437778__sin_evaluar.jpg,sin_evaluar,1,0.98793625831604
1790374437954,1790374437954__sin_evaluar.jpg,sin_evaluar,1,0.982997477054596
1790374438061,1790374438061__sin_evaluar.jpg,sin_evaluar,1,0.9871106743812561
1790374438206,1790374438206__sin_evaluar.jpg,sin_evaluar,1,0.9928684830665588
1790374438374,1790374438374__sin_evaluar.jpg,sin_evaluar,1,0.9899606704711914
1790374438514,1790374438514__sin_evaluar.jpg,sin_evaluar,1,0.9915781617164612
1790374438645,1790374438645__sin_evaluar.jpg,sin_evaluar,1,0.989874005317688
1790374438800,1790374438800__sin_evaluar.jpg,sin_evaluar,1,0.9895218014717102
1790374438960,1790374438960__sin_evaluar.jpg,sin_evaluar,1,0.9853023886680603
1790374439068,1790374439068__sin_evaluar.jpg,sin_evaluar,1,0.9748707413673401
1790374439248,1790374439248__sin_evaluar.jpg,sin_evaluar,1,0.977597713470459
1790374439373,1790374439373__sin_evaluar.jpg,sin_evaluar,0,
1790374439496,1790374439496__sin_evaluar.jpg,sin_evaluar,0,
1790374439688,1790374439688__sin_evaluar.jpg,sin_evaluar,0,
1790374439781,1790374439781__sin_evaluar.jpg,sin_evaluar,1,0.9745745062828064
1790374439953,1790374439953__sin_evaluar.jpg,sin_evaluar,1,0.9667569994926453
1790374440081,1790374440081__sin_evaluar.jpg,sin_evaluar,1,0.961283266544342
1790374440609,1790374440609__dedo_pulgar_0.75.jpg,dedo_pulgar_0.75,0,
1790374440609,1790374440609__sin_evaluar.jpg,sin_evaluar,0,
1790374440610,1790374440610__sin_evaluar.jpg,sin_evaluar,0,
1790374440678,1790374440678__sin_evaluar.jpg,sin_evaluar,0,
1790374440783,1790374440783__sin_evaluar.jpg,sin_evaluar,0,
1790374440933,1790374440933__sin_evaluar.jpg,sin_evaluar,0,
1790374441153,1790374441153__sin_evaluar.jpg,sin_evaluar,0,
1790374441223,1790374441223__sin_evaluar.jpg,sin_evaluar,0,
1790374441373,1790374441373__sin_evaluar.jpg,sin_evaluar,1,0.9862833023071289
1790374441514,1790374441514__sin_evaluar.jpg,sin_evaluar,0,
1790374441646,1790374441646__sin_evaluar.jpg,sin_evaluar,0,
1790374441781,1790374441781__sin_evaluar.jpg,sin_evaluar,0,
1790374441930,1790374441930__sin_evaluar.jpg,sin_evaluar,0,
1790374442068,1790374442068__sin_evaluar.jpg,sin_evaluar,0,
1790374442244,1790374442244__sin_evaluar.jpg,sin_evaluar,0,
1790374442367,1790374442367__sin_evaluar.jpg,sin_evaluar,0,
1790374442490,1790374442490__sin_evaluar.jpg,sin_evaluar,0,
1790374442667,1790374442667__sin_evaluar.jpg,sin_evaluar,0,
1790374442800,1790374442800__sin_evaluar.jpg,sin_evaluar,0,
1790374442941,1790374442941__sin_evaluar.jpg,sin_evaluar,0,
1790374443100,1790374443100__sin_evaluar.jpg,sin_evaluar,0,
1790374443221,1790374443221__sin_evaluar.jpg,sin_evaluar,0,
1790374443376,1790374443376__sin_evaluar.jpg,sin_evaluar,0,
1790374443514,1790374443514__sin_evaluar.jpg,sin_evaluar,0,
1790374443681,1790374443681__sin_evaluar.jpg,sin_evaluar,1,0.9634988307952881
1790374443793,1790374443793__sin_evaluar.jpg,sin_evaluar,1,0.9709272980690002
1790374443926,1790374443926__sin_evaluar.jpg,sin_evaluar,1,0.951814591884613
1790374444102,1790374444102__sin_evaluar.jpg,sin_evaluar,0,
1790374444219,1790374444219__sin_evaluar.jpg,sin_evaluar,1,0.9784108400344849
1790374444372,1790374444372__sin_evaluar.jpg,sin_evaluar,0,
1790374444528,1790374444528__sin_evaluar.jpg,sin_evaluar,0,
1790374444692,1790374444692__sin_evaluar.jpg,sin_evaluar,0,
1790374444962,1790374444962__sin_evaluar.jpg,sin_evaluar,1,0.9542316794395447
1790374444967,1790374444967__sin_evaluar.jpg,sin_evaluar,0,
1790374445094,1790374445094__sin_evaluar.jpg,sin_evaluar,1,0.9674029350280762
1790374445624,1790374445624__puño_cerrado_0.84.jpg,puño_cerrado_0.84,1,0.9890705347061157
1790374445624,1790374445624__sin_evaluar.jpg,sin_evaluar,1,0.9826107621192932
1790374445625,1790374445625__sin_evaluar.jpg,sin_evaluar,0,
1790374445669,1790374445669__sin_evaluar.jpg,sin_evaluar,1,0.9860863089561462
1790374445790,1790374445790__sin_evaluar.jpg,sin_evaluar,1,0.9803532361984253
1790374445939,1790374445939__sin_evaluar.jpg,sin_evaluar,0,
1790374446092,1790374446092__sin_evaluar.jpg,sin_evaluar,0,
1790374446237,1790374446237__sin_evaluar.jpg,sin_evaluar,1,0.9889551997184753
1790374446369,1790374446369__sin_evaluar.jpg,sin_evaluar,0,
1790374446514,1790374446514__sin_evaluar.jpg,sin_evaluar,1,0.9852692484855652
1790374446645,1790374446645__sin_evaluar.jpg,sin_evaluar,0,
1790374446814,1790374446814__sin_evaluar.jpg,sin_evaluar,1,0.9963055849075317
1790374446935,1790374446935__sin_evaluar.jpg,sin_evaluar,1,0.9934239387512207
1790374447092,1790374447092__sin_evaluar.jpg,sin_evaluar,1,0.9895495176315308
1790374447217,1790374447217__sin_evaluar.jpg,sin_evaluar,1,0.9942170977592468
1790374447382,1790374447382__sin_evaluar.jpg,sin_evaluar,0,
1790374447574,1790374447574__sin_evaluar.jpg,sin_evaluar,1,0.9915643334388733
1790374447669,1790374447669__sin_evaluar.jpg,sin_evaluar,1,0.9883909225463867
1790374447821,1790374447821__sin_evaluar.jpg,sin_evaluar,0,
1790374447948,1790374447948__sin_evaluar.jpg,sin_evaluar,0,
1790374448089,1790374448089__sin_evaluar.jpg,sin_evaluar,0,
1790374448254,1790374448254__sin_evaluar.jpg,sin_evaluar,0,
1790374448370,1790374448370__sin_evaluar.jpg,sin_evaluar,0,
1790374448510,1790374448510__sin_evaluar.jpg,sin_evaluar,1,0.9900236129760742
1790374448669,1790374448669__sin_evaluar.jpg,sin_evaluar,1,0.9953388571739197
1790374448804,1790374448804__sin_evaluar.jpg,sin_evaluar,1,0.9716841578483582
1790374448962,1790374448962__sin_evaluar.jpg,sin_evaluar,1,0.9813948273658752
1790374449088,1790374449088__sin_evaluar.jpg,sin_evaluar,1,0.995750904083252
1790374449247,1790374449247__sin_evaluar.jpg,sin_evaluar,1,0.9923211336135864
1790374449368,1790374449368__sin_evaluar.jpg,sin_evaluar,1,0.977637767791748
1790374449513,1790374449513__sin_evaluar.jpg,sin_evaluar,1,0.9934619665145874
1790374449668,1790374449668__sin_evaluar.jpg,sin_evaluar,1,0.99312424659729
1790374449794,1790374449794__sin_evaluar.jpg,sin_evaluar,1,0.9866546988487244
1790374449988,1790374449988__sin_evaluar.jpg,sin_evaluar,1,0.9939807057380676
1790374450093,1790374450093__sin_evaluar.jpg,sin_evaluar,1,0.994845986366272
1790374450238,1790374450238__sin_evaluar.jpg,sin_evaluar,1,0.9949987530708313
1790374450742,1790374450742__sin_evaluar.jpg,sin_evaluar,1,0.9953474998474121
1790374450742,1790374450742__dedo_menique_0.77.jpg,dedo_menique_0.77,1,0.9966678023338318
1790374450821,1790374450821__sin_evaluar.jpg,sin_evaluar,1,0.9944677948951721
1790374450953,1790374450953__sin_evaluar.jpg,sin_evaluar,1,0.9903787970542908
1790374451114,1790374451114__sin_evaluar.jpg,sin_evaluar,1,0.9909653663635254
1790374451256,1790374451256__sin_evaluar.jpg,sin_evaluar,1,0.9956960678100586
1790374451380,1790374451380__sin_evaluar.jpg,sin_evaluar,1,0.9942288398742676
1790374451524,1790374451524__sin_evaluar.jpg,sin_evaluar,1,0.9916577935218811
1790374451940,1790374451940__sin_evaluar.jpg,sin_evaluar,1,0.9966256022453308
1790374451941,1790374451941__sin_evaluar.jpg,sin_evaluar,1,0.997104823589325
1790374451966,1790374451966__sin_evaluar.jpg,sin_evaluar,1,0.9950993657112122
1790374452087,1790374452087__sin_evaluar.jpg,sin_evaluar,1,0.9948064684867859
1790374452234,1790374452234__sin_evaluar.jpg,sin_evaluar,1,0.9896770119667053
1790374452377,1790374452377__sin_evaluar.jpg,sin_evaluar,1,0.9918721914291382
1790374452524,1790374452524__sin_evaluar.jpg,sin_evaluar,1,0.9968178868293762
1790374452663,1790374452663__sin_evaluar.jpg,sin_evaluar,1,0.9958853721618652
1790374452823,1790374452823__sin_evaluar.jpg,sin_evaluar,1,0.9964246153831482
1790374452985,1790374452985__sin_evaluar.jpg,sin_evaluar,1,0.993654191493988
1790374453090,1790374453090__sin_evaluar.jpg,sin_evaluar,1,0.9954442381858826
1790374453234,1790374453234__sin_evaluar.jpg,sin_evaluar,1,0.9892345070838928
1790374453362,1790374453362__sin_evaluar.jpg,sin_evaluar,0,
1790374453516,1790374453516__sin_evaluar.jpg,sin_evaluar,0,
1790374453659,1790374453659__sin_evaluar.jpg,sin_evaluar,0,
1790374453859,1790374453859__sin_evaluar.jpg,sin_evaluar,0,
1790374453951,1790374453951__sin_evaluar.jpg,sin_evaluar,0,
1790374454121,1790374454121__sin_evaluar.jpg,sin_evaluar,0,
1790374454252,1790374454252__sin_evaluar.jpg,sin_evaluar,0,
1790374454374,1790374454374__sin_evaluar.jpg,sin_evaluar,0,
1790374454520,1790374454520__sin_evaluar.jpg,sin_evaluar,0,
1790374454673,1790374454673__sin_evaluar.jpg,sin_evaluar,0,
1790374454808,1790374454808__sin_evaluar.jpg,sin_evaluar,0,
1790374454995,1790374454995__sin_evaluar.jpg,sin_evaluar,0,
1790374455098,1790374455098__sin_evaluar.jpg,sin_evaluar,0,
1790374455300,1790374455300__sin_evaluar.jpg,sin_evaluar,0,
1790374455748,1790374455748__sin_gesto.jpg,sin_gesto,0,
1790374455749,1790374455749__sin_evaluar.jpg,sin_evaluar,0,
1790374455793,1790374455793__sin_evaluar.jpg,sin_evaluar,0,
1790374455968,1790374455968__sin_evaluar.jpg,sin_evaluar,0,
1790374456080,1790374456080__sin_evaluar.jpg,sin_evaluar,0,
1790374456247,1790374456247__sin_evaluar.jpg,sin_evaluar,0,
1790374456412,1790374456412__sin_evaluar.jpg,sin_evaluar,0,
1790374456513,1790374456513__sin_evaluar.jpg,sin_evaluar,0,
1790374456695,1790374456695__sin_evaluar.jpg,sin_evaluar,0,
1790374456806,1790374456806__sin_evaluar.jpg,sin_evaluar,0,
1790374456961,1790374456961__sin_evaluar.jpg,sin_evaluar,0,
1790374457120,1790374457120__sin_evaluar.jpg,sin_evaluar,0,
1790374457234,1790374457234__sin_evaluar.jpg,sin_evaluar,0,
1790374457414,1790374457414__sin_evaluar.jpg,sin_evaluar,0,
1790374457515,1790374457515__sin_evaluar.jpg,sin_evaluar,0,
1790374457674,1790374457674__sin_evaluar.jpg,sin_evaluar,0,
1790374457820,1790374457820__sin_evaluar.jpg,sin_evaluar,0,
1790374457968,1790374457968__sin_evaluar.jpg,sin_evaluar,0,
1790374458129,1790374458129__sin_evaluar.jpg,sin_evaluar,0,
1790374458254,1790374458254__sin_evaluar.jpg,sin_evaluar,0,
1790374458378,1790374458378__sin_evaluar.jpg,sin_evaluar,0,
1790374458521,1790374458521__sin_evaluar.jpg,sin_evaluar,0,
1790374458676,1790374458676__sin_evaluar.jpg,sin_evaluar,0,
1790374458814,1790374458814__sin_evaluar.jpg,sin_evaluar,0,
1790374458955,1790374458955__sin_evaluar.jpg,sin_evaluar,0,
1790374459101,1790374459101__sin_evaluar.jpg,sin_evaluar,0,
1790374459234,1790374459234__sin_evaluar.jpg,sin_evaluar,0,
1790374459390,1790374459390__sin_evaluar.jpg,sin_evaluar,0,
1790374459535,1790374459535__sin_evaluar.jpg,sin_evaluar,0,
1790374459673,1790374459673__sin_evaluar.jpg,sin_evaluar,0,
1790374459813,1790374459813__sin_evaluar.jpg,sin_evaluar,0,
1790374459954,1790374459954__sin_evaluar.jpg,sin_evaluar,0,
1790374460089,1790374460089__sin_evaluar.jpg,sin_evaluar,0,
1790374460284,1790374460284__sin_evaluar.jpg,sin_evaluar,0,
1790374460788,1790374460788__dedo_pulgar_0.79.jpg,dedo_pulgar_0.79,0,
1790374460789,1790374460789__sin_evaluar.jpg,sin_evaluar,0,
1790374460810,1790374460810__sin_evaluar.jpg,sin_evaluar,0,
1790374460953,1790374460953__sin_evaluar.jpg,sin_evaluar,0,
1790374461106,1790374461106__sin_evaluar.jpg,sin_evaluar,0,
1790374461300,1790374461300__sin_evaluar.jpg,sin_evaluar,0,
1790374461377,1790374461377__sin_evaluar.jpg,sin_evaluar,1,0.9236790537834167
1790374461536,1790374461536__sin_evaluar.jpg,sin_evaluar,1,0.9954372048377991
1790374461687,1790374461687__sin_evaluar.jpg,sin_evaluar,1,0.9945234656333923
1790374461807,1790374461807__sin_evaluar.jpg,sin_evaluar,1,0.9948941469192505
1790374461959,1790374461959__sin_evaluar.jpg,sin_evaluar,1,0.9950578808784485
1790374462107,1790374462107__sin_evaluar.jpg,sin_evaluar,1,0.9972781538963318
1790374462233,1790374462233__sin_evaluar.jpg,sin_evaluar,1,0.9950762987136841
1790374462394,1790374462394__sin_evaluar.jpg,sin_evaluar,1,0.9963662028312683
1790374462511,1790374462511__sin_evaluar.jpg,sin_evaluar,1,0.9955915808677673
1790374462669,1790374462669__sin_evaluar.jpg,sin_evaluar,1,0.9964866638183594
1790374462880,1790374462880__sin_evaluar.jpg,sin_evaluar,1,0.9968885183334351
1790374462949,1790374462949__sin_evaluar.jpg,sin_evaluar,1,0.9972257614135742
1790374463115,1790374463115__sin_evaluar.jpg,sin_evaluar,1,0.9963412880897522
1790374463254,1790374463254__sin_evaluar.jpg,sin_evaluar,1,0.9968703985214233
1790374463392,1790374463392__sin_evaluar.jpg,sin_evaluar,1,0.9960999488830566
1790374463539,1790374463539__sin_evaluar.jpg,sin_evaluar,1,0.9968448281288147
1790374463675,1790374463675__sin_evaluar.jpg,sin_evaluar,1,0.9969602227210999
1790374463832,1790374463832__sin_evaluar.jpg,sin_evaluar,1,0.9966974854469299
1790374463965,1790374463965__sin_evaluar.jpg,sin_evaluar,1,0.9974046349525452
1790374464142,1790374464142__sin_evaluar.jpg,sin_evaluar,1,0.9959891438484192
1790374464255,1790374464255__sin_evaluar.jpg,sin_evaluar,1,0.9965022802352905
1790374464385,1790374464385__sin_evaluar.jpg,sin_evaluar,1,0.9964628219604492
1790374464561,1790374464561__sin_evaluar.jpg,sin_evaluar,1,0.9951766133308411
1790374464666,1790374464666__sin_evaluar.jpg,sin_evaluar,1,0.9957326650619507
1790374464847,1790374464847__sin_evaluar.jpg,sin_evaluar,1,0.9966268539428711
1790374464945,1790374464945__sin_evaluar.jpg,sin_evaluar,1,0.9966774582862854
1790374465112,1790374465112__sin_evaluar.jpg,sin_evaluar,1,0.9962229132652283
1790374465292,1790374465292__sin_evaluar.jpg,sin_evaluar,1,0.9948012232780457
1790374465789,1790374465789__dedo_menique_0.80.jpg,dedo_menique_0.80,1,0.9958744049072266
1790374465789,1790374465789__sin_evaluar.jpg,sin_evaluar,1,0.9967549443244934
1790374465814,1790374465814__sin_evaluar.jpg,sin_evaluar,1,0.9970012903213501
1790374466074,1790374466074__sin_evaluar.jpg,sin_evaluar,1,0.9961994290351868
1790374466154,1790374466154__sin_evaluar.jpg,sin_evaluar,1,0.9968372583389282
1790374466267,1790374466267__sin_evaluar.jpg,sin_evaluar,1,0.997290849685669
1790374466388,1790374466388__sin_evaluar.jpg,sin_evaluar,1,0.9961811900138855
1790374466568,1790374466568__sin_evaluar.jpg,sin_evaluar,1,0.996840238571167
1790374466693,1790374466693__sin_evaluar.jpg,sin_evaluar,1,0.9971789717674255
1790374466841,1790374466841__sin_evaluar.jpg,sin_evaluar,1,0.9970594644546509
1790374466961,1790374466961__sin_evaluar.jpg,sin_evaluar,1,0.996633768081665
1790374467101,1790374467101__sin_evaluar.jpg,sin_evaluar,1,0.9971171021461487
1790374467254,1790374467254__sin_evaluar.jpg,sin_evaluar,1,0.9970505237579346
1790374467391,1790374467391__sin_evaluar.jpg,sin_evaluar,1,0.9964949488639832
1790374467545,1790374467545__sin_evaluar.jpg,sin_evaluar,1,0.9967638850212097
1790374467665,1790374467665__sin_evaluar.jpg,sin_evaluar,1,0.9969220161437988
1790374467820,1790374467820__sin_evaluar.jpg,sin_evaluar,1,0.9969043731689453
1790374467974,1790374467974__sin_evaluar.jpg,sin_evaluar,1,0.9971066117286682
1790374468117,1790374468117__sin_evaluar.jpg,sin_evaluar,1,0.9960532188415527
1790374468248,1790374468248__sin_evaluar.jpg,sin_evaluar,1,0.9966368675231934
1790374468414,1790374468414__sin_evaluar.jpg,sin_evaluar,1,0.995800793170929
1790374468537,1790374468537__sin_evaluar.jpg,sin_evaluar,1,0.9962519407272339
1790374468682,1790374468682__sin_evaluar.jpg,sin_evaluar,1,0.996412456035614
1790374468818,1790374468818__sin_evaluar.jpg,sin_evaluar,1,0.9967401027679443
1790374468980,1790374468980__sin_evaluar.jpg,sin_evaluar,1,0.9965351819992065
1790374469117,1790374469117__sin_evaluar.jpg,sin_evaluar,1,0.9967599511146545
1790374469328,1790374469328__sin_evaluar.jpg,sin_evaluar,1,0.9969323873519897
1790374469401,1790374469401__sin_evaluar.jpg,sin_evaluar,1,0.997362494468689
1790374469562,1790374469562__sin_evaluar.jpg,sin_evaluar,1,0.9973169565200806
1790374469673,1790374469673__sin_evaluar.jpg,sin_evaluar,1,0.997572660446167
1790374469817,1790374469817__sin_evaluar.jpg,sin_evaluar,1,0.9970217347145081
1790374469975,1790374469975__sin_evaluar.jpg,sin_evaluar,1,0.9969228506088257
1790374470104,1790374470104__sin_evaluar.jpg,sin_evaluar,1,0.9980895519256592
1790374470254,1790374470254__sin_evaluar.jpg,sin_evaluar,1,0.9978864789009094
1790374470415,1790374470415__sin_evaluar.jpg,sin_evaluar,1,0.9976922273635864
1790374470904,1790374470904__dedo_pulgar_0.77.jpg,dedo_pulgar_0.77,1,0.9975453019142151
1790374470905,1790374470905__sin_evaluar.jpg,sin_evaluar,1,0.9977933168411255
1790374470974,1790374470974__sin_evaluar.jpg,sin_evaluar,1,0.9960712194442749
1790374471114,1790374471114__sin_evaluar.jpg,sin_evaluar,1,0.9973118901252747
1790374471238,1790374471238__sin_evaluar.jpg,sin_evaluar,1,0.9976130127906799
1790374471427,1790374471427__sin_evaluar.jpg,sin_evaluar,1,0.9971733093261719
1790374471526,1790374471526__sin_evaluar.jpg,sin_evaluar,1,0.9972544312477112
1790374471667,1790374471667__sin_evaluar.jpg,sin_evaluar,1,0.9982113242149353
1790374471840,1790374471840__sin_evaluar.jpg,sin_evaluar,1,0.9981759190559387
1790374471969,1790374471969__sin_evaluar.jpg,sin_evaluar,1,0.9978866577148438
1790374472108,1790374472108__sin_evaluar.jpg,sin_evaluar,1,0.9970306158065796
1790374472250,1790374472250__sin_evaluar.jpg,sin_evaluar,1,0.9972533583641052
1790374472413,1790374472413__sin_evaluar.jpg,sin_evaluar,1,0.9981082081794739
1790374472554,1790374472554__sin_evaluar.jpg,sin_evaluar,1,0.9984396696090698
1790374472682,1790374472682__sin_evaluar.jpg,sin_evaluar,1,0.998447835445404
1790374472893,1790374472893__sin_evaluar.jpg,sin_evaluar,1,0.9969086050987244
1790374472968,1790374472968__sin_evaluar.jpg,sin_evaluar,1,0.9973074197769165
1790374473106,1790374473106__sin_evaluar.jpg,sin_evaluar,1,0.9969735145568848
1790374473254,1790374473254__sin_evaluar.jpg,sin_evaluar,1,0.9978187084197998
1790374473400,1790374473400__sin_evaluar.jpg,sin_evaluar,1,0.9969955682754517
1790374473535,1790374473535__sin_evaluar.jpg,sin_evaluar,1,0.9980682134628296
1790374473700,1790374473700__sin_evaluar.jpg,sin_evaluar,1,0.9978218674659729
1790374473822,1790374473822__sin_evaluar.jpg,sin_evaluar,1,0.9968792200088501
1790374473970,1790374473970__sin_evaluar.jpg,sin_evaluar,1,0.996980607509613
1790374474134,1790374474134__sin_evaluar.jpg,sin_evaluar,1,0.9967813491821289
1790374474242,1790374474242__sin_evaluar.jpg,sin_evaluar,1,0.9975509643554688
1790374474393,1790374474393__sin_evaluar.jpg,sin_evaluar,1,0.9980743527412415
1790374474561,1790374474561__sin_evaluar.jpg,sin_evaluar,1,0.9975656270980835
1790374474673,1790374474673__sin_evaluar.jpg,sin_evaluar,1,0.9982498288154602
1790374474840,1790374474840__sin_evaluar.jpg,sin_evaluar,1,0.9978206753730774
1790374474987,1790374474987__sin_evaluar.jpg,sin_evaluar,1,0.9973025918006897
1790374475181,1790374475181__sin_evaluar.jpg,sin_evaluar,1,0.9974012970924377
1790374475254,1790374475254__sin_evaluar.jpg,sin_evaluar,1,0.9975662231445312
1790374475420,1790374475420__sin_evaluar.jpg,sin_evaluar,1,0.9980490207672119
1790374475947,1790374475947__dedo_pulgar_0.85.jpg,dedo_pulgar_0.85,1,0.997846245765686
1790374475947,1790374475947__sin_evaluar.jpg,sin_evaluar,1,0.9979942440986633
1790374475948,1790374475948__sin_evaluar.jpg,sin_evaluar,1,0.9977927207946777
1790374475973,1790374475973__sin_evaluar.jpg,sin_evaluar,1,0.9978533387184143
1790374476175,1790374476175__sin_evaluar.jpg,sin_evaluar,1,0.9986395239830017
1790374476288,1790374476288__sin_evaluar.jpg,sin_evaluar,1,0.9975942373275757
1790374476401,1790374476401__sin_evaluar.jpg,sin_evaluar,1,0.9987120032310486
1790374476562,1790374476562__sin_evaluar.jpg,sin_evaluar,1,0.9980909824371338
1790374476683,1790374476683__sin_evaluar.jpg,sin_evaluar,1,0.9982333779335022
1790374476850,1790374476850__sin_evaluar.jpg,sin_evaluar,1,0.9987385272979736
1790374476974,1790374476974__sin_evaluar.jpg,sin_evaluar,1,0.9988893866539001
1790374477107,1790374477107__sin_evaluar.jpg,sin_evaluar,1,0.9984248280525208
1790374477280,1790374477280__sin_evaluar.jpg,sin_evaluar,1,0.9983341693878174
1790374477400,1790374477400__sin_evaluar.jpg,sin_evaluar,1,0.9985214471817017
1790374477555,1790374477555__sin_evaluar.jpg,sin_evaluar,1,0.9984169006347656
1790374477714,1790374477714__sin_evaluar.jpg,sin_evaluar,1,0.9977990388870239
1790374477841,1790374477841__sin_evaluar.jpg,sin_evaluar,1,0.9984293580055237
1790374477969,1790374477969__sin_evaluar.jpg,sin_evaluar,1,0.998798131942749
1790374478140,1790374478140__sin_evaluar.jpg,sin_evaluar,1,0.9982799291610718
1790374478261,1790374478261__sin_evaluar.jpg,sin_evaluar,1,0.9989122152328491
1790374478394,1790374478394__sin_evaluar.jpg,sin_evaluar,1,0.9981938004493713
1790374478552,1790374478552__sin_evaluar.jpg,sin_evaluar,1,0.9981657862663269
1790374478702,1790374478702__sin_evaluar.jpg,sin_evaluar,1,0.9986011981964111
1790374478814,1790374478814__sin_evaluar.jpg,sin_evaluar,1,0.9988278746604919
1790374478981,1790374478981__sin_evaluar.jpg,sin_evaluar,1,0.9978051781654358
1790374479134,1790374479134__sin_evaluar.jpg,sin_evaluar,1,0.9970487356185913
1790374479261,1790374479261__sin_evaluar.jpg,sin_evaluar,1,0.9928411841392517
1790374479413,1790374479413__sin_evaluar.jpg,sin_evaluar,1,0.9949347376823425
1790374479564,1790374479564__sin_evaluar.jpg,sin_evaluar,1,0.9964020848274231
1790374479689,1790374479689__sin_evaluar.jpg,sin_evaluar,1,0.9967318773269653
1790374479839,1790374479839__sin_evaluar.jpg,sin_evaluar,1,0.9973080158233643
1790374479981,1790374479981__sin_evaluar.jpg,sin_evaluar,1,0.9961811900138855
1790374480133,1790374480133__sin_evaluar.jpg,sin_evaluar,1,0.997244119644165
1790374480254,1790374480254__sin_evaluar.jpg,sin_evaluar,1,0.9984103441238403
1790374480413,1790374480413__sin_evaluar.jpg,sin_evaluar,1,0.9973852634429932
1790374480562,1790374480562__sin_evaluar.jpg,sin_evaluar,1,0.9983935952186584
1790374481065,1790374481065__dedo_menique_0.78.jpg,dedo_menique_0.78,1,0.9987071752548218
1790374481066,1790374481066__sin_evaluar.jpg,sin_evaluar,1,0.9976758360862732
1790374481140,1790374481140__sin_evaluar.jpg,sin_evaluar,1,0.99693363904953
1790374481253,1790374481253__sin_evaluar.jpg,sin_evaluar,1,0.9971391558647156
1790374481402,1790374481402__sin_evaluar.jpg,sin_evaluar,1,0.9983689188957214
1790374481549,1790374481549__sin_evaluar.jpg,sin_evaluar,1,0.9964352250099182
1790374481694,1790374481694__sin_evaluar.jpg,sin_evaluar,1,0.9979771971702576
1790374481840,1790374481840__sin_evaluar.jpg,sin_evaluar,1,0.9974501132965088
1790374481980,1790374481980__sin_evaluar.jpg,sin_evaluar,1,0.9969339370727539
1790374482127,1790374482127__sin_evaluar.jpg,sin_evaluar,1,0.9977729916572571
1790374482274,1790374482274__sin_evaluar.jpg,sin_evaluar,1,0.9981985092163086
1790374482420,1790374482420__sin_evaluar.jpg,sin_evaluar,1,0.9971954226493835
1790374482557,1790374482557__sin_evaluar.jpg,sin_evaluar,1,0.997600257396698
1790374482740,1790374482740__sin_evaluar.jpg,sin_evaluar,1,0.9968935251235962
1790374482840,1790374482840__sin_evaluar.jpg,sin_evaluar,1,0.9965616464614868
1790374482980,1790374482980__sin_evaluar.jpg,sin_evaluar,1,0.9975096583366394
1790374483129,1790374483129__sin_evaluar.jpg,sin_evaluar,1,0.9974439144134521
1790374483289,1790374483289__sin_evaluar.jpg,sin_evaluar,1,0.9977399706840515
1790374483420,1790374483420__sin_evaluar.jpg,sin_evaluar,1,0.9974238872528076
1790374483541,1790374483541__sin_evaluar.jpg,sin_evaluar,1,0.9980843663215637
1790374483714,1790374483714__sin_evaluar.jpg,sin_evaluar,1,0.997871994972229
1790374483838,1790374483838__sin_evaluar.jpg,sin_evaluar,1,0.9979032874107361
1790374484001,1790374484001__sin_evaluar.jpg,sin_evaluar,1,0.9977275133132935
1790374484134,1790374484134__sin_evaluar.jpg,sin_evaluar,1,0.9977967143058777
1790374484281,1790374484281__sin_evaluar.jpg,sin_evaluar,1,0.9965178966522217
1790374484422,1790374484422__sin_evaluar.jpg,sin_evaluar,1,0.9976295828819275
1790374484717,1790374484717__sin_evaluar.jpg,sin_evaluar,1,0.9973772764205933
1790374484718,1790374484718__sin_evaluar.jpg,sin_evaluar,1,0.9980380535125732
1790374484831,1790374484831__sin_evaluar.jpg,sin_evaluar,1,0.9976621866226196
1790374484989,1790374484989__sin_evaluar.jpg,sin_evaluar,1,0.9980851411819458
1790374485111,1790374485111__sin_evaluar.jpg,sin_evaluar,1,0.9980593323707581
1790374485284,1790374485284__sin_evaluar.jpg,sin_evaluar,1,0.9981529116630554
1790374485413,1790374485413__sin_evaluar.jpg,sin_evaluar,1,0.9980393648147583
1790374485560,1790374485560__sin_evaluar.jpg,sin_evaluar,1,0.9979232549667358
1790374486225,1790374486225__dedo_menique_0.80.jpg,dedo_menique_0.80,1,0.997890830039978
1790374486226,1790374486226__sin_evaluar.jpg,sin_evaluar,1,0.9981624484062195
1790374486314,1790374486314__sin_evaluar.jpg,sin_evaluar,1,0.9983536601066589
1790374486398,1790374486398__sin_evaluar.jpg,sin_evaluar,1,0.9982626438140869
1790374486634,1790374486634__sin_evaluar.jpg,sin_evaluar,1,0.9983208775520325
1790374486702,1790374486702__sin_evaluar.jpg,sin_evaluar,1,0.9980118274688721
1790374486830,1790374486830__sin_evaluar.jpg,sin_evaluar,1,0.998510479927063
1790374486994,1790374486994__sin_evaluar.jpg,sin_evaluar,1,0.9986627101898193
1790374487129,1790374487129__sin_evaluar.jpg,sin_evaluar,1,0.9972854852676392
1790374487274,1790374487274__sin_evaluar.jpg,sin_evaluar,1,0.9964130520820618
1790374487410,1790374487410__sin_evaluar.jpg,sin_evaluar,1,0.9981854557991028
1790374487561,1790374487561__sin_evaluar.jpg,sin_evaluar,1,0.9964817762374878
1790374487733,1790374487733__sin_evaluar.jpg,sin_evaluar,0,
1790374487855,1790374487855__sin_evaluar.jpg,sin_evaluar,0,
1790374488007,1790374488007__sin_evaluar.jpg,sin_evaluar,0,
1790374488125,1790374488125__sin_evaluar.jpg,sin_evaluar,0,
1790374488274,1790374488274__sin_evaluar.jpg,sin_evaluar,0,
1790374488432,1790374488432__sin_evaluar.jpg,sin_evaluar,0,
1790374488553,1790374488553__sin_evaluar.jpg,sin_evaluar,0,
1790374488693,1790374488693__sin_evaluar.jpg,sin_evaluar,0,
1790374488841,1790374488841__sin_evaluar.jpg,sin_evaluar,0,
1790374488965,1790374488965__sin_evaluar.jpg,sin_evaluar,0,
1790374489126,1790374489126__sin_evaluar.jpg,sin_evaluar,0,
1790374489294,1790374489294__sin_evaluar.jpg,sin_evaluar,0,
1790374489441,1790374489441__sin_evaluar.jpg,sin_evaluar,0,
1790374489560,1790374489560__sin_evaluar.jpg,sin_evaluar,0,
1790374489714,1790374489714__sin_evaluar.jpg,sin_evaluar,0,
1790374489834,1790374489834__sin_evaluar.jpg,sin_evaluar,0,
1790374490009,1790374490009__sin_evaluar.jpg,sin_evaluar,0,
1790374490134,1790374490134__sin_evaluar.jpg,sin_evaluar,0,
1790374490254,1790374490254__sin_evaluar.jpg,sin_evaluar,0,
1790374490434,1790374490434__sin_evaluar.jpg,sin_evaluar,0,
1790374490568,1790374490568__sin_evaluar.jpg,sin_evaluar,0,
1790374490724,1790374490724__sin_evaluar.jpg,sin_evaluar,0,
1790374491259,1790374491259__dedo_menique_0.80.jpg,dedo_menique_0.80,0,
1790374491259,1790374491259__sin_evaluar.jpg,sin_evaluar,0,
1790374491260,1790374491260__sin_evaluar.jpg,sin_evaluar,0,
1790374491279,1790374491279__sin_evaluar.jpg,sin_evaluar,0,
1790374491410,1790374491410__sin_evaluar.jpg,sin_evaluar,0,
1790374491560,1790374491560__sin_evaluar.jpg,sin_evaluar,0,
1790374491700,1790374491700__sin_evaluar.jpg,sin_evaluar,0,
1790374491861,1790374491861__sin_evaluar.jpg,sin_evaluar,0,
1790374492001,1790374492001__sin_evaluar.jpg,sin_evaluar,0,
1790374492161,1790374492161__sin_evaluar.jpg,sin_evaluar,0,
1790374492289,1790374492289__sin_evaluar.jpg,sin_evaluar,0,
1790374492421,1790374492421__sin_evaluar.jpg,sin_evaluar,0,
1790374492554,1790374492554__sin_evaluar.jpg,sin_evaluar,0,
1790374492709,1790374492709__sin_evaluar.jpg,sin_evaluar,0,
1790374492829,1790374492829__sin_evaluar.jpg,sin_evaluar,0,
1790374492984,1790374492984__sin_evaluar.jpg,sin_evaluar,0,
1790374493134,1790374493134__sin_evaluar.jpg,sin_evaluar,0,
1790374493285,1790374493285__sin_evaluar.jpg,sin_evaluar,0,
1790374493413,1790374493413__sin_evaluar.jpg,sin_evaluar,0,
1790374493563,1790374493563__sin_evaluar.jpg,sin_evaluar,0,
1790374493700,1790374493700__sin_evaluar.jpg,sin_evaluar,0,
1790374493883,1790374493883__sin_evaluar.jpg,sin_evaluar,0,
1790374494021,1790374494021__sin_evaluar.jpg,sin_evaluar,0,
1790374494148,1790374494148__sin_evaluar.jpg,sin_evaluar,0,
1790374494273,1790374494273__sin_evaluar.jpg,sin_evaluar,0,
1790374494413,1790374494413__sin_evaluar.jpg,sin_evaluar,0,
1790374494600,1790374494600__sin_evaluar.jpg,sin_evaluar,0,
1790374494722,1790374494722__sin_evaluar.jpg,sin_evaluar,0,
1790374494866,1790374494866__sin_evaluar.jpg,sin_evaluar,0,
1790374495001,1790374495001__sin_evaluar.jpg,sin_evaluar,0,
1790374495161,1790374495161__sin_evaluar.jpg,sin_evaluar,0,
1790374495282,1790374495282__sin_evaluar.jpg,sin_evaluar,0,
1790374495410,1790374495410__sin_evaluar.jpg,sin_evaluar,0,
1790374495588,1790374495588__sin_evaluar.jpg,sin_evaluar,0,
1790374495700,1790374495700__sin_evaluar.jpg,sin_evaluar,0,
1790374495851,1790374495851__sin_evaluar.jpg,sin_evaluar,0,
1790374496463,1790374496463__sin_gesto.jpg,sin_gesto,0,
1790374496463,1790374496463__sin_evaluar.jpg,sin_evaluar,0,
1790374496464,1790374496464__sin_evaluar.jpg,sin_evaluar,0,
1790374496572,1790374496572__sin_evaluar.jpg,sin_evaluar,0,
1790374496768,1790374496768__sin_evaluar.jpg,sin_evaluar,0,
1790374496912,1790374496912__sin_evaluar.jpg,sin_evaluar,0,
1790374496988,1790374496988__sin_evaluar.jpg,sin_evaluar,0,
1790374497134,1790374497134__sin_evaluar.jpg,sin_evaluar,0,
1790374497350,1790374497350__sin_evaluar.jpg,sin_evaluar,0,
1790374497422,1790374497422__sin_evaluar.jpg,sin_evaluar,0,
1790374497562,1790374497562__sin_evaluar.jpg,sin_evaluar,0,
1790374497733,1790374497733__sin_evaluar.jpg,sin_evaluar,0,
1790374497849,1790374497849__sin_evaluar.jpg,sin_evaluar,0,
1790374498015,1790374498015__sin_evaluar.jpg,sin_evaluar,0,
1790374498142,1790374498142__sin_evaluar.jpg,sin_evaluar,0,
1790374498274,1790374498274__sin_evaluar.jpg,sin_evaluar,0,
1790374498423,1790374498423__sin_evaluar.jpg,sin_evaluar,0,
1790374498566,1790374498566__sin_evaluar.jpg,sin_evaluar,0,
1790374498754,1790374498754__sin_evaluar.jpg,sin_evaluar,1,0.997618556022644
1790374498854,1790374498854__sin_evaluar.jpg,sin_evaluar,0,
1790374498979,1790374498979__sin_evaluar.jpg,sin_evaluar,1,0.9992172122001648
1790374499141,1790374499141__sin_evaluar.jpg,sin_evaluar,1,0.9979050755500793
1790374499293,1790374499293__sin_evaluar.jpg,sin_evaluar,1,0.9988246560096741
1790374499416,1790374499416__sin_evaluar.jpg,sin_evaluar,1,0.9978379607200623
1790374499580,1790374499580__sin_evaluar.jpg,sin_evaluar,1,0.9961270689964294
1790374499729,1790374499729__sin_evaluar.jpg,sin_evaluar,1,0.9976940751075745
1790374499844,1790374499844__sin_evaluar.jpg,sin_evaluar,1,0.997167706489563
1790374499993,1790374499993__sin_evaluar.jpg,sin_evaluar,1,0.9951238036155701
1790374500127,1790374500127__sin_evaluar.jpg,sin_evaluar,1,0.9960253834724426
1790374500309,1790374500309__sin_evaluar.jpg,sin_evaluar,1,0.9964005351066589
1790374500425,1790374500425__sin_evaluar.jpg,sin_evaluar,1,0.9963977336883545
1790374500573,1790374500573__sin_evaluar.jpg,sin_evaluar,1,0.9971657395362854
1790374500740,1790374500740__sin_evaluar.jpg,sin_evaluar,1,0.9973931312561035
1790374500860,1790374500860__sin_evaluar.jpg,sin_evaluar,1,0.9976388216018677
1790374501013,1790374501013__sin_evaluar.jpg,sin_evaluar,1,0.9975986480712891
1790374501501,1790374501501__dedo_pulgar_0.77.jpg,dedo_pulgar_0.77,1,0.9971686005592346
1790374501501,1790374501501__sin_evaluar.jpg,sin_evaluar,1,0.9972150921821594
1790374501502,1790374501502__sin_evaluar.jpg,sin_evaluar,1,0.9960793852806091
1790374501568,1790374501568__sin_evaluar.jpg,sin_evaluar,1,0.9970672130584717
1790374501721,1790374501721__sin_evaluar.jpg,sin_evaluar,1,0.9953604936599731
1790374501850,1790374501850__sin_evaluar.jpg,sin_evaluar,1,0.994989812374115
1790374501991,1790374501991__sin_evaluar.jpg,sin_evaluar,1,0.9938643574714661
1790374502140,1790374502140__sin_evaluar.jpg,sin_evaluar,1,0.9960437417030334
1790374502286,1790374502286__sin_evaluar.jpg,sin_evaluar,1,0.996656060218811
1790374502424,1790374502424__sin_evaluar.jpg,sin_evaluar,1,0.9973411560058594
1790374502573,1790374502573__sin_evaluar.jpg,sin_evaluar,1,0.9963768720626831
1790374502722,1790374502722__sin_evaluar.jpg,sin_evaluar,1,0.9979882836341858
1790374502849,1790374502849__sin_evaluar.jpg,sin_evaluar,1,0.998616099357605
1790374503028,1790374503028__sin_evaluar.jpg,sin_evaluar,1,0.9985882639884949
1790374503140,1790374503140__sin_evaluar.jpg,sin_evaluar,1,0.9985084533691406
1790374503322,1790374503322__sin_evaluar.jpg,sin_evaluar,1,0.9984264969825745
1790374503433,1790374503433__sin_evaluar.jpg,sin_evaluar,1,0.9985436201095581
1790374503580,1790374503580__sin_evaluar.jpg,sin_evaluar,1,0.9979913830757141
1790374503724,1790374503724__sin_evaluar.jpg,sin_evaluar,1,0.9972180128097534
1790374503858,1790374503858__sin_evaluar.jpg,sin_evaluar,1,0.9980695247650146
1790374503994,1790374503994__sin_evaluar.jpg,sin_evaluar,1,0.9974101185798645
1790374504134,1790374504134__sin_evaluar.jpg,sin_evaluar,1,0.9960107207298279
1790374504284,1790374504284__sin_evaluar.jpg,sin_evaluar,1,0.998483419418335
1790374504426,1790374504426__sin_evaluar.jpg,sin_evaluar,1,0.9975438714027405
1790374504594,1790374504594__sin_evaluar.jpg,sin_evaluar,1,0.9983049631118774
1790374504736,1790374504736__sin_evaluar.jpg,sin_evaluar,1,0.9979258179664612
1790374504859,1790374504859__sin_evaluar.jpg,sin_evaluar,1,0.9970480799674988
1790374505049,1790374505049__sin_evaluar.jpg,sin_evaluar,1,0.9976020455360413
1790374505168,1790374505168__sin_evaluar.jpg,sin_evaluar,1,0.9978069067001343
1790374505313,1790374505313__sin_evaluar.jpg,sin_evaluar,1,0.997263491153717
1790374505444,1790374505444__sin_evaluar.jpg,sin_evaluar,1,0.9978559613227844
1790374505573,1790374505573__sin_evaluar.jpg,sin_evaluar,1,0.9973993301391602
1790374505713,1790374505713__sin_evaluar.jpg,sin_evaluar,1,0.9967270493507385
1790374505853,1790374505853__sin_evaluar.jpg,sin_evaluar,1,0.9971993565559387
1790374506008,1790374506008__sin_evaluar.jpg,sin_evaluar,1,0.9945397973060608
1790374506588,1790374506588__dedo_menique_0.79.jpg,dedo_menique_0.79,1,0.9963670969009399
1790374506589,1790374506589__sin_evaluar.jpg,sin_evaluar,1,0.996436357498169
1790374506694,1790374506694__sin_evaluar.jpg,sin_evaluar,1,0.9969196915626526
1790374507013,1790374507013__sin_evaluar.jpg,sin_evaluar,1,0.9960707426071167
1790374507016,1790374507016__sin_evaluar.jpg,sin_evaluar,1,0.9973476529121399
1790374507019,1790374507019__sin_evaluar.jpg,sin_evaluar,1,0.9972160458564758
1790374507150,1790374507150__sin_evaluar.jpg,sin_evaluar,1,0.9966316819190979
1790374507321,1790374507321__sin_evaluar.jpg,sin_evaluar,1,0.997288703918457
1790374507442,1790374507442__sin_evaluar.jpg,sin_evaluar,1,0.9973762631416321
1790374507621,1790374507621__sin_evaluar.jpg,sin_evaluar,1,0.9958488941192627
1790374507753,1790374507753__sin_evaluar.jpg,sin_evaluar,1,0.9972326755523682
1790374507894,1790374507894__sin_evaluar.jpg,sin_evaluar,1,0.9967118501663208
1790374508030,1790374508030__sin_evaluar.jpg,sin_evaluar,1,0.9983422160148621
1790374508155,1790374508155__sin_evaluar.jpg,sin_evaluar,1,0.9971200227737427
1790374508330,1790374508330__sin_evaluar.jpg,sin_evaluar,1,0.9969664216041565
1790374508444,1790374508444__sin_evaluar.jpg,sin_evaluar,1,0.9972466230392456
1790374508579,1790374508579__sin_evaluar.jpg,sin_evaluar,1,0.9968613982200623
1790374508747,1790374508747__sin_evaluar.jpg,sin_evaluar,1,0.997185468673706
1790374508903,1790374508903__sin_evaluar.jpg,sin_evaluar,1,0.9972481727600098
1790374509010,1790374509010__sin_evaluar.jpg,sin_evaluar,1,0.995731770992279
1790374509155,1790374509155__sin_evaluar.jpg,sin_evaluar,1,0.9968146085739136
1790374509295,1790374509295__sin_evaluar.jpg,sin_evaluar,1,0.997797966003418
1790374509443,1790374509443__sin_evaluar.jpg,sin_evaluar,1,0.9974014163017273
1790374509570,1790374509570__sin_evaluar.jpg,sin_evaluar,1,0.997528612613678
1790374509742,1790374509742__sin_evaluar.jpg,sin_evaluar,1,0.9970862865447998
1790374509871,1790374509871__sin_evaluar.jpg,sin_evaluar,1,0.9979085922241211
1790374509995,1790374509995__sin_evaluar.jpg,sin_evaluar,1,0.9972970485687256
1790374510182,1790374510182__sin_evaluar.jpg,sin_evaluar,1,0.997559130191803
1790374510310,1790374510310__sin_evaluar.jpg,sin_evaluar,1,0.9965426921844482
1790374510441,1790374510441__sin_evaluar.jpg,sin_evaluar,1,0.9957583546638489
1790374510594,1790374510594__sin_evaluar.jpg,sin_evaluar,1,0.9975459575653076
1790374510744,1790374510744__sin_evaluar.jpg,sin_evaluar,1,0.9965173006057739
1790374510885,1790374510885__sin_evaluar.jpg,sin_evaluar,1,0.9970224499702454
1790374511013,1790374511013__sin_evaluar.jpg,sin_evaluar,1,0.9975669384002686
1790374511154,1790374511154__sin_evaluar.jpg,sin_evaluar,1,0.9979641437530518
1790374511658,1790374511658__dedo_menique_0.93.jpg,dedo_menique_0.93,1,0.9977980256080627
1790374511659,1790374511659__sin_evaluar.jpg,sin_evaluar,1,0.9970136880874634
1790374511716,1790374511716__sin_evaluar.jpg,sin_evaluar,1,0.9985901117324829
1790374511888,1790374511888__sin_evaluar.jpg,sin_evaluar,1,0.9980579614639282
1790374512008,1790374512008__sin_evaluar.jpg,sin_evaluar,1,0.9979124665260315
1790374512153,1790374512153__sin_evaluar.jpg,sin_evaluar,1,0.9986070990562439
1790374512308,1790374512308__sin_evaluar.jpg,sin_evaluar,1,0.9978041052818298
1790374512481,1790374512481__sin_evaluar.jpg,sin_evaluar,1,0.9967812895774841
1790374512601,1790374512601__sin_evaluar.jpg,sin_evaluar,1,0.998009204864502
1790374512739,1790374512739__sin_evaluar.jpg,sin_evaluar,1,0.9979186058044434
1790374512871,1790374512871__sin_evaluar.jpg,sin_evaluar,1,0.998433530330658
1790374513065,1790374513065__sin_evaluar.jpg,sin_evaluar,1,0.9977918267250061
1790374513154,1790374513154__sin_evaluar.jpg,sin_evaluar,1,0.9987212419509888
1790374513345,1790374513345__sin_evaluar.jpg,sin_evaluar,1,0.99809730052948
1790374513426,1790374513426__sin_evaluar.jpg,sin_evaluar,1,0.9976242184638977
1790374513607,1790374513607__sin_evaluar.jpg,sin_evaluar,1,0.9974047541618347
1790374513719,1790374513719__sin_evaluar.jpg,sin_evaluar,1,0.9979580044746399
1790374513876,1790374513876__sin_evaluar.jpg,sin_evaluar,1,0.9986138939857483
1790374514026,1790374514026__sin_evaluar.jpg,sin_evaluar,1,0.9984785318374634
1790374514161,1790374514161__sin_evaluar.jpg,sin_evaluar,1,0.9988328218460083
1790374514297,1790374514297__sin_evaluar.jpg,sin_evaluar,1,0.9977902173995972
1790374514467,1790374514467__sin_evaluar.jpg,sin_evaluar,1,0.997314453125
1790374514591,1790374514591__sin_evaluar.jpg,sin_evaluar,1,0.9977174997329712
1790374514714,1790374514714__sin_evaluar.jpg,sin_evaluar,1,0.9979192614555359
1790374514913,1790374514913__sin_evaluar.jpg,sin_evaluar,1,0.9966748356819153
1790374515009,1790374515009__sin_evaluar.jpg,sin_evaluar,1,0.9973630905151367
1790374515158,1790374515158__sin_evaluar.jpg,sin_evaluar,1,0.9955871105194092
1790374515294,1790374515294__sin_evaluar.jpg,sin_evaluar,1,0.9951131939888
1790374515439,1790374515439__sin_evaluar.jpg,sin_evaluar,1,0.9969135522842407
1790374515586,1790374515586__sin_evaluar.jpg,sin_evaluar,1,0.995469868183136
1790374515730,1790374515730__sin_evaluar.jpg,sin_evaluar,1,0.9973571300506592
1790374515872,1790374515872__sin_evaluar.jpg,sin_evaluar,1,0.9963046908378601
1790374516041,1790374516041__sin_evaluar.jpg,sin_evaluar,1,0.9972600340843201
1790374516160,1790374516160__sin_evaluar.jpg,sin_evaluar,1,0.9965618252754211
1790374516667,1790374516667__dedo_menique_0.98.jpg,dedo_menique_0.98,1,0.9970805048942566
1790374516667,1790374516667__sin_evaluar.jpg,sin_evaluar,1,0.9963745474815369
1790374516668,1790374516668__sin_evaluar.jpg,sin_evaluar,1,0.9969003200531006
1790374516722,1790374516722__sin_evaluar.jpg,sin_evaluar,1,0.9967308044433594
1790374516942,1790374516942__sin_evaluar.jpg,sin_evaluar,1,0.9976640343666077
1790374517053,1790374517053__sin_evaluar.jpg,sin_evaluar,1,0.9971393942832947
1790374517162,1790374517162__sin_evaluar.jpg,sin_evaluar,1,0.99757981300354
1790374517334,1790374517334__sin_evaluar.jpg,sin_evaluar,1,0.9980153441429138
1790374517442,1790374517442__sin_evaluar.jpg,sin_evaluar,1,0.9978358149528503
1790374517591,1790374517591__sin_evaluar.jpg,sin_evaluar,1,0.9979347586631775
1790374517761,1790374517761__sin_evaluar.jpg,sin_evaluar,1,0.9980611801147461
1790374517876,1790374517876__sin_evaluar.jpg,sin_evaluar,1,0.9971781373023987
1790374518022,1790374518022__sin_evaluar.jpg,sin_evaluar,1,0.9975321292877197
1790374518170,1790374518170__sin_evaluar.jpg,sin_evaluar,1,0.9982131719589233
1790374518321,1790374518321__sin_evaluar.jpg,sin_evaluar,1,0.9982477426528931
1790374518454,1790374518454__sin_evaluar.jpg,sin_evaluar,1,0.997783899307251
1790374518599,1790374518599__sin_evaluar.jpg,sin_evaluar,1,0.9979692697525024
1790374518738,1790374518738__sin_evaluar.jpg,sin_evaluar,1,0.9979761838912964
1790374518875,1790374518875__sin_evaluar.jpg,sin_evaluar,1,0.9979247450828552
1790374519034,1790374519034__sin_evaluar.jpg,sin_evaluar,1,0.9979808330535889
1790374519153,1790374519153__sin_evaluar.jpg,sin_evaluar,1,0.9979743361473083
1790374519314,1790374519314__sin_evaluar.jpg,sin_evaluar,1,0.998044490814209
1790374519455,1790374519455__sin_evaluar.jpg,sin_evaluar,1,0.9982377290725708
1790374519581,1790374519581__sin_evaluar.jpg,sin_evaluar,1,0.9974780082702637
1790374519753,1790374519753__sin_evaluar.jpg,sin_evaluar,1,0.9980238080024719
1790374519869,1790374519869__sin_evaluar.jpg,sin_evaluar,1,0.9979144930839539
1790374520033,1790374520033__sin_evaluar.jpg,sin_evaluar,1,0.9971458911895752
1790374520162,1790374520162__sin_evaluar.jpg,sin_evaluar,1,0.9976292848587036
1790374520299,1790374520299__sin_evaluar.jpg,sin_evaluar,1,0.9979134798049927
1790374520461,1790374520461__sin_evaluar.jpg,sin_evaluar,1,0.998284101486206
1790374520594,1790374520594__sin_evaluar.jpg,sin_evaluar,1,0.9980097413063049
1790374520744,1790374520744__sin_evaluar.jpg,sin_evaluar,1,0.9973249435424805
1790374520877,1790374520877__sin_evaluar.jpg,sin_evaluar,1,0.9970566630363464
1790374521023,1790374521023__sin_evaluar.jpg,sin_evaluar,1,0.9978687763214111
1790374521175,1790374521175__sin_evaluar.jpg,sin_evaluar,1,0.9975294470787048
1790374521685,1790374521685__dedo_menique_0.93.jpg,dedo_menique_0.93,1,0.9973896741867065
1790374521685,1790374521685__sin_evaluar.jpg,sin_evaluar,1,0.9964825510978699
1790374521735,1790374521735__sin_evaluar.jpg,sin_evaluar,1,0.9982563853263855
1790374521861,1790374521861__sin_evaluar.jpg,sin_evaluar,1,0.9980751872062683
1790374522040,1790374522040__sin_evaluar.jpg,sin_evaluar,1,0.9956620335578918
1790374522162,1790374522162__sin_evaluar.jpg,sin_evaluar,1,0.9978507161140442
1790374522321,1790374522321__sin_evaluar.jpg,sin_evaluar,1,0.9977033734321594
1790374522441,1790374522441__sin_evaluar.jpg,sin_evaluar,1,0.9973932504653931
1790374522581,1790374522581__sin_evaluar.jpg,sin_evaluar,1,0.997517466545105
1790374522747,1790374522747__sin_evaluar.jpg,sin_evaluar,1,0.9971282482147217
1790374522868,1790374522868__sin_evaluar.jpg,sin_evaluar,1,0.9968109130859375
1790374523033,1790374523033__sin_evaluar.jpg,sin_evaluar,1,0.997686505317688
1790374523173,1790374523173__sin_evaluar.jpg,sin_evaluar,1,0.9973085522651672
1790374523289,1790374523289__sin_evaluar.jpg,sin_evaluar,1,0.9974762201309204
1790374523453,1790374523453__sin_evaluar.jpg,sin_evaluar,1,0.9975019693374634
1790374523596,1790374523596__sin_evaluar.jpg,sin_evaluar,1,0.9969595074653625
1790374523734,1790374523734__sin_evaluar.jpg,sin_evaluar,1,0.9958329796791077
1790374523873,1790374523873__sin_evaluar.jpg,sin_evaluar,1,0.9962563514709473
1790374524021,1790374524021__sin_evaluar.jpg,sin_evaluar,1,0.9943550825119019
1790374524150,1790374524150__sin_evaluar.jpg,sin_evaluar,1,0.9963988661766052
1790374524321,1790374524321__sin_evaluar.jpg,sin_evaluar,1,0.9957194924354553
1790374524474,1790374524474__sin_evaluar.jpg,sin_evaluar,1,0.99541836977005
1790374524603,1790374524603__sin_evaluar.jpg,sin_evaluar,1,0.9968810081481934
1790374524730,1790374524730__sin_evaluar.jpg,sin_evaluar,1,0.9967310428619385
1790374524894,1790374524894__sin_evaluar.jpg,sin_evaluar,1,0.9965428113937378
1790374525034,1790374525034__sin_evaluar.jpg,sin_evaluar,1,0.9964156150817871
1790374525161,1790374525161__sin_evaluar.jpg,sin_evaluar,1,0.9959667921066284
1790374525321,1790374525321__sin_evaluar.jpg,sin_evaluar,1,0.9967759251594543
1790374525455,1790374525455__sin_evaluar.jpg,sin_evaluar,1,0.9964695572853088
1790374525593,1790374525593__sin_evaluar.jpg,sin_evaluar,1,0.9956371784210205
1790374525726,1790374525726__sin_evaluar.jpg,sin_evaluar,1,0.9961408376693726
1790374525894,1790374525894__sin_evaluar.jpg,sin_evaluar,1,0.9968803524971008
1790374526019,1790374526019__sin_evaluar.jpg,sin_evaluar,1,0.9964654445648193
1790374526174,1790374526174__sin_evaluar.jpg,sin_evaluar,1,0.9966768622398376
1790374526299,1790374526299__sin_evaluar.jpg,sin_evaluar,1,0.9957306385040283
1790374526839,1790374526839__dedo_menique_0.85.jpg,dedo_menique_0.85,1,0.9965977072715759
1790374526839,1790374526839__sin_evaluar.jpg,sin_evaluar,1,0.9964653253555298
1790374526881,1790374526881__sin_evaluar.jpg,sin_evaluar,1,0.997554361820221
1790374526884,1790374526884__sin_evaluar.jpg,sin_evaluar,1,0.9976077675819397
1790374527088,1790374527088__sin_evaluar.jpg,sin_evaluar,1,0.9963062405586243
1790374527169,1790374527169__sin_evaluar.jpg,sin_evaluar,1,0.9964063167572021
1790374527314,1790374527314__sin_evaluar.jpg,sin_evaluar,1,0.9957513213157654
1790374527494,1790374527494__sin_evaluar.jpg,sin_evaluar,1,0.9971460103988647
1790374527593,1790374527593__sin_evaluar.jpg,sin_evaluar,1,0.9966400265693665
1790374527734,1790374527734__sin_evaluar.jpg,sin_evaluar,1,0.9960185885429382
1790374527893,1790374527893__sin_evaluar.jpg,sin_evaluar,1,0.9962702989578247
1790374528036,1790374528036__sin_evaluar.jpg,sin_evaluar,1,0.9967380166053772
1790374528168,1790374528168__sin_evaluar.jpg,sin_evaluar,1,0.9970577955245972
1790374528340,1790374528340__sin_evaluar.jpg,sin_evaluar,1,0.9962882399559021
1790374528469,1790374528469__sin_evaluar.jpg,sin_evaluar,1,0.9952431917190552
1790374528597,1790374528597__sin_evaluar.jpg,sin_evaluar,0,
1790374528738,1790374528738__sin_evaluar.jpg,sin_evaluar,0,
1790374528895,1790374528895__sin_evaluar.jpg,sin_evaluar,0,
1790374529056,1790374529056__sin_evaluar.jpg,sin_evaluar,0,
1790374529162,1790374529162__sin_evaluar.jpg,sin_evaluar,0,
1790374529357,1790374529357__sin_evaluar.jpg,sin_evaluar,0,
1790374529480,1790374529480__sin_evaluar.jpg,sin_evaluar,0,
1790374529617,1790374529617__sin_evaluar.jpg,sin_evaluar,0,
1790374529745,1790374529745__sin_evaluar.jpg,sin_evaluar,0,
1790374529923,1790374529923__sin_evaluar.jpg,sin_evaluar,0,
1790374530046,1790374530046__sin_evaluar.jpg,sin_evaluar,0,
1790374530183,1790374530183__sin_evaluar.jpg,sin_evaluar,0,
1790374530321,1790374530321__sin_evaluar.jpg,sin_evaluar,0,
1790374530445,1790374530445__sin_evaluar.jpg,sin_evaluar,0,
1790374530628,1790374530628__sin_evaluar.jpg,sin_evaluar,0,
1790374530760,1790374530760__sin_evaluar.jpg,sin_evaluar,0,
1790374530969,1790374530969__sin_evaluar.jpg,sin_evaluar,0,
1790374531034,1790374531034__sin_evaluar.jpg,sin_evaluar,0,
1790374531171,1790374531171__sin_evaluar.jpg,sin_evaluar,0,
1790374531316,1790374531316__sin_evaluar.jpg,sin_evaluar,0,
1790374531453,1790374531453__sin_evaluar.jpg,sin_evaluar,0,
1790374532078,1790374532078__sin_evaluar.jpg,sin_evaluar,0,
1790374532078,1790374532078__puño_cerrado_0.91.jpg,puño_cerrado_0.91,0,
1790374532079,1790374532079__sin_evaluar.jpg,sin_evaluar,0,
1790374532188,1790374532188__sin_evaluar.jpg,sin_evaluar,0,
1790374532328,1790374532328__sin_evaluar.jpg,sin_evaluar,0,
1790374532459,1790374532459__sin_evaluar.jpg,sin_evaluar,0,
1790374532607,1790374532607__sin_evaluar.jpg,sin_evaluar,0,
1790374532764,1790374532764__sin_evaluar.jpg,sin_evaluar,0,
1790374532882,1790374532882__sin_evaluar.jpg,sin_evaluar,0,
1790374533019,1790374533019__sin_evaluar.jpg,sin_evaluar,0,
1790374533263,1790374533263__sin_evaluar.jpg,sin_evaluar,0,
1790374533324,1790374533324__sin_evaluar.jpg,sin_evaluar,0,
1790374533473,1790374533473__sin_evaluar.jpg,sin_evaluar,0,
1790374533591,1790374533591__sin_evaluar.jpg,sin_evaluar,0,
1790374533763,1790374533763__sin_evaluar.jpg,sin_evaluar,0,
1790374533881,1790374533881__sin_evaluar.jpg,sin_evaluar,0,
1790374534041,1790374534041__sin_evaluar.jpg,sin_evaluar,0,
1790374534204,1790374534204__sin_evaluar.jpg,sin_evaluar,0,
1790374534303,1790374534303__sin_evaluar.jpg,sin_evaluar,0,
1790374534469,1790374534469__sin_evaluar.jpg,sin_evaluar,0,
1790374534590,1790374534590__sin_evaluar.jpg,sin_evaluar,0,
1790374534768,1790374534768__sin_evaluar.jpg,sin_evaluar,0,
1790374534881,1790374534881__sin_evaluar.jpg,sin_evaluar,0,
1790374535081,1790374535081__sin_evaluar.jpg,sin_evaluar,0,
1790374535163,1790374535163__sin_evaluar.jpg,sin_evaluar,0,
1790374535381,1790374535381__sin_evaluar.jpg,sin_evaluar,0,
1790374535467,1790374535467__sin_evaluar.jpg,sin_evaluar,0,
1790374535613,1790374535613__sin_evaluar.jpg,sin_evaluar,0,
1790374535781,1790374535781__sin_evaluar.jpg,sin_evaluar,0,
1790374535893,1790374535893__sin_evaluar.jpg,sin_evaluar,0,
1790374536041,1790374536041__sin_evaluar.jpg,sin_evaluar,0,
1790374536218,1790374536218__sin_evaluar.jpg,sin_evaluar,0,
1790374536333,1790374536333__sin_evaluar.jpg,sin_evaluar,0,
1790374536468,1790374536468__sin_evaluar.jpg,sin_evaluar,0,
1790374536610,1790374536610__sin_evaluar.jpg,sin_evaluar,0,
1790374537123,1790374537123__sin_gesto.jpg,sin_gesto,0,
1790374537124,1790374537124__sin_evaluar.jpg,sin_evaluar,0,
1790374537229,1790374537229__sin_evaluar.jpg,sin_evaluar,0,
1790374537315,1790374537315__sin_evaluar.jpg,sin_evaluar,0,
1790374537841,1790374537841__sin_evaluar.jpg,sin_evaluar,0,
1790374537845,1790374537845__sin_evaluar.jpg,sin_evaluar,1,0.8641550540924072
1790374537873,1790374537873__sin_evaluar.jpg,sin_evaluar,1,0.9628833532333374
1790374538094,1790374538094__sin_evaluar.jpg,sin_evaluar,1,0.9921668767929077
1790374538188,1790374538188__sin_evaluar.jpg,sin_evaluar,0,
1790374538334,1790374538334__sin_evaluar.jpg,sin_evaluar,1,0.9932736754417419
1790374538445,1790374538445__sin_evaluar.jpg,sin_evaluar,1,0.992720901966095
1790374538613,1790374538613__sin_evaluar.jpg,sin_evaluar,1,0.9939479827880859
1790374538757,1790374538757__sin_evaluar.jpg,sin_evaluar,1,0.9960830211639404
1790374538902,1790374538902__sin_evaluar.jpg,sin_evaluar,1,0.9943755865097046
1790374539037,1790374539037__sin_evaluar.jpg,sin_evaluar,1,0.9952954649925232
1790374539194,1790374539194__sin_evaluar.jpg,sin_evaluar,1,0.9965257048606873
1790374539354,1790374539354__sin_evaluar.jpg,sin_evaluar,1,0.9944286346435547
1790374539469,1790374539469__sin_evaluar.jpg,sin_evaluar,1,0.9948498010635376
1790374539614,1790374539614__sin_evaluar.jpg,sin_evaluar,1,0.9964485168457031
1790374539754,1790374539754__sin_evaluar.jpg,sin_evaluar,1,0.9966131448745728
1790374539914,1790374539914__sin_evaluar.jpg,sin_evaluar,1,0.9973471164703369
1790374540069,1790374540069__sin_evaluar.jpg,sin_evaluar,1,0.9970017671585083
1790374540183,1790374540183__sin_evaluar.jpg,sin_evaluar,1,0.9950816631317139
1790374540318,1790374540318__sin_evaluar.jpg,sin_evaluar,1,0.9954833984375
1790374540469,1790374540469__sin_evaluar.jpg,sin_evaluar,1,0.996659517288208
1790374540622,1790374540622__sin_evaluar.jpg,sin_evaluar,1,0.9988896250724792
1790374540763,1790374540763__sin_evaluar.jpg,sin_evaluar,0,
1790374540899,1790374540899__sin_evaluar.jpg,sin_evaluar,1,0.9991405010223389
1790374541035,1790374541035__sin_evaluar.jpg,sin_evaluar,1,0.9988391995429993
1790374541194,1790374541194__sin_evaluar.jpg,sin_evaluar,0,
1790374541340,1790374541340__sin_evaluar.jpg,sin_evaluar,1,0.998633623123169
1790374541509,1790374541509__sin_evaluar.jpg,sin_evaluar,1,0.9992014169692993
1790374541642,1790374541642__sin_evaluar.jpg,sin_evaluar,1,0.9969329833984375
1790374542137,1790374542137__dedo_menique_0.81.jpg,dedo_menique_0.81,1,0.9948657751083374
1790374542138,1790374542138__sin_evaluar.jpg,sin_evaluar,1,0.9945959448814392
1790374542180,1790374542180__sin_evaluar.jpg,sin_evaluar,1,0.9939736127853394
1790374542334,1790374542334__sin_evaluar.jpg,sin_evaluar,1,0.9961662292480469
1790374542474,1790374542474__sin_evaluar.jpg,sin_evaluar,1,0.9976630210876465
1790374542621,1790374542621__sin_evaluar.jpg,sin_evaluar,1,0.9978926181793213
1790374542781,1790374542781__sin_evaluar.jpg,sin_evaluar,1,0.9977832436561584
1790374542918,1790374542918__sin_evaluar.jpg,sin_evaluar,1,0.9971160888671875
1790374543033,1790374543033__sin_evaluar.jpg,sin_evaluar,1,0.9974176287651062
1790374543201,1790374543201__sin_evaluar.jpg,sin_evaluar,1,0.9981210231781006
1790374543339,1790374543339__sin_evaluar.jpg,sin_evaluar,1,0.9982525110244751
1790374543473,1790374543473__sin_evaluar.jpg,sin_evaluar,1,0.9976727962493896
1790374543621,1790374543621__sin_evaluar.jpg,sin_evaluar,1,0.9982229471206665
1790374543757,1790374543757__sin_evaluar.jpg,sin_evaluar,1,0.9975818991661072
1790374543925,1790374543925__sin_evaluar.jpg,sin_evaluar,1,0.9986065626144409
1790374544043,1790374544043__sin_evaluar.jpg,sin_evaluar,1,0.9985246062278748
1790374544208,1790374544208__sin_evaluar.jpg,sin_evaluar,1,0.9976227283477783
1790374544327,1790374544327__sin_evaluar.jpg,sin_evaluar,1,0.9976209402084351
1790374544482,1790374544482__sin_evaluar.jpg,sin_evaluar,1,0.9974461793899536
1790374544618,1790374544618__sin_evaluar.jpg,sin_evaluar,1,0.9974303841590881
1790374544754,1790374544754__sin_evaluar.jpg,sin_evaluar,1,0.9972521066665649
1790374544925,1790374544925__sin_evaluar.jpg,sin_evaluar,1,0.9979867339134216
1790374545044,1790374545044__sin_evaluar.jpg,sin_evaluar,1,0.9969224333763123
1790374545188,1790374545188__sin_evaluar.jpg,sin_evaluar,1,0.9973763823509216
1790374545334,1790374545334__sin_evaluar.jpg,sin_evaluar,1,0.9980291724205017
1790374545473,1790374545473__sin_evaluar.jpg,sin_evaluar,1,0.9981253743171692
1790374545623,1790374545623__sin_evaluar.jpg,sin_evaluar,1,0.9979462623596191
1790374545756,1790374545756__sin_evaluar.jpg,sin_evaluar,1,0.9991039037704468
1790374546004,1790374546004__sin_evaluar.jpg,sin_evaluar,1,0.9996450543403625
1790374546046,1790374546046__sin_evaluar.jpg,sin_evaluar,1,0.998769998550415
1790374546189,1790374546189__sin_evaluar.jpg,sin_evaluar,1,0.9989621043205261
1790374546338,1790374546338__sin_evaluar.jpg,sin_evaluar,1,0.9983691573143005
1790374546501,1790374546501__sin_evaluar.jpg,sin_evaluar,1,0.9980624318122864
1790374546640,1790374546640__sin_evaluar.jpg,sin_evaluar,1,0.9975741505622864
1790374546761,1790374546761__sin_evaluar.jpg,sin_evaluar,1,0.9984230399131775
1790374547317,1790374547317__sin_gesto.jpg,sin_gesto,1,0.9986559748649597
1790374547317,1790374547317__sin_evaluar.jpg,sin_evaluar,1,0.9985373020172119
1790374547375,1790374547375__sin_evaluar.jpg,sin_evaluar,1,0.9985696077346802
1790374547493,1790374547493__sin_evaluar.jpg,sin_evaluar,1,0.9989387392997742
1790374547655,1790374547655__sin_evaluar.jpg,sin_evaluar,1,0.9982245564460754
1790374547744,1790374547744__sin_evaluar.jpg,sin_evaluar,1,0.9983463883399963
1790374548001,1790374548001__sin_evaluar.jpg,sin_evaluar,1,0.9985498785972595
1790374548046,1790374548046__sin_evaluar.jpg,sin_evaluar,1,0.9980337619781494
1790374548192,1790374548192__sin_evaluar.jpg,sin_evaluar,1,0.9990800619125366
1790374548332,1790374548332__sin_evaluar.jpg,sin_evaluar,1,0.9978561997413635
1790374548519,1790374548519__sin_evaluar.jpg,sin_evaluar,1,0.9980366826057434
1790374548641,1790374548641__sin_evaluar.jpg,sin_evaluar,1,0.9981438517570496
1790374548781,1790374548781__sin_evaluar.jpg,sin_evaluar,1,0.9973729848861694
1790374548902,1790374548902__sin_evaluar.jpg,sin_evaluar,1,0.9979903101921082
1790374549114,1790374549114__sin_evaluar.jpg,sin_evaluar,1,0.9965198040008545
1790374549220,1790374549220__sin_evaluar.jpg,sin_evaluar,1,0.9967840909957886
1790374549348,1790374549348__sin_evaluar.jpg,sin_evaluar,1,0.9969122409820557
1790374549483,1790374549483__sin_evaluar.jpg,sin_evaluar,1,0.997002363204956
1790374549611,1790374549611__sin_evaluar.jpg,sin_evaluar,1,0.9967519044876099
1790374549782,1790374549782__sin_evaluar.jpg,sin_evaluar,1,0.9973700642585754
1790374549968,1790374549968__sin_evaluar.jpg,sin_evaluar,1,0.9971774220466614
1790374550074,1790374550074__sin_evaluar.jpg,sin_evaluar,1,0.9985853433609009
1790374550193,1790374550193__sin_evaluar.jpg,sin_evaluar,1,0.9970427751541138
1790374550339,1790374550339__sin_evaluar.jpg,sin_evaluar,1,0.9981988668441772
1790374550501,1790374550501__sin_evaluar.jpg,sin_evaluar,1,0.9966062307357788
1790374550622,1790374550622__sin_evaluar.jpg,sin_evaluar,1,0.996906578540802
1790374550766,1790374550766__sin_evaluar.jpg,sin_evaluar,1,0.9967292547225952
1790374550902,1790374550902__sin_evaluar.jpg,sin_evaluar,1,0.9977354407310486
1790374551066,1790374551066__sin_evaluar.jpg,sin_evaluar,1,0.9972490668296814
1790374551202,1790374551202__sin_evaluar.jpg,sin_evaluar,1,0.9978444576263428
1790374551354,1790374551354__sin_evaluar.jpg,sin_evaluar,1,0.998643159866333
1790374551517,1790374551517__sin_evaluar.jpg,sin_evaluar,1,0.9978093504905701
1790374551622,1790374551622__sin_evaluar.jpg,sin_evaluar,1,0.9969785809516907
1790374551782,1790374551782__sin_evaluar.jpg,sin_evaluar,1,0.9963507652282715
1790374551898,1790374551898__sin_evaluar.jpg,sin_evaluar,1,0.9969221353530884
1790374552441,1790374552441__sin_evaluar.jpg,sin_evaluar,1,0.9964379668235779
1790374552441,1790374552441__sin_gesto.jpg,sin_gesto,1,0.9974160194396973
1790374552521,1790374552521__sin_evaluar.jpg,sin_evaluar,1,0.9975591897964478
1790374552622,1790374552622__sin_evaluar.jpg,sin_evaluar,1,0.9964974522590637
1790374552771,1790374552771__sin_evaluar.jpg,sin_evaluar,1,0.9961557984352112
1790374552933,1790374552933__sin_evaluar.jpg,sin_evaluar,1,0.996983528137207
1790374553065,1790374553065__sin_evaluar.jpg,sin_evaluar,1,0.9946266412734985
1790374553196,1790374553196__sin_evaluar.jpg,sin_evaluar,1,0.9969285130500793
1790374553335,1790374553335__sin_evaluar.jpg,sin_evaluar,1,0.9968164563179016
1790374553482,1790374553482__sin_evaluar.jpg,sin_evaluar,1,0.9964380264282227
1790374553629,1790374553629__sin_evaluar.jpg,sin_evaluar,1,0.9965855479240417
1790374553755,1790374553755__sin_evaluar.jpg,sin_evaluar,1,0.9973923563957214
1790374553963,1790374553963__sin_evaluar.jpg,sin_evaluar,1,0.9981828331947327
1790374554056,1790374554056__sin_evaluar.jpg,sin_evaluar,1,0.9975050687789917
1790374554201,1790374554201__sin_evaluar.jpg,sin_evaluar,1,0.998139500617981
1790374554332,1790374554332__sin_evaluar.jpg,sin_evaluar,1,0.9966349005699158
1790374554476,1790374554476__sin_evaluar.jpg,sin_evaluar,1,0.9970988035202026
1790374554641,1790374554641__sin_evaluar.jpg,sin_evaluar,1,0.9971763491630554
1790374554770,1790374554770__sin_evaluar.jpg,sin_evaluar,1,0.9966521859169006
1790374554903,1790374554903__sin_evaluar.jpg,sin_evaluar,1,0.9976266026496887
1790374555062,1790374555062__sin_evaluar.jpg,sin_evaluar,1,0.9968228340148926
1790374555222,1790374555222__sin_evaluar.jpg,sin_evaluar,1,0.9979230165481567
1790374555344,1790374555344__sin_evaluar.jpg,sin_evaluar,1,0.9979126453399658
1790374555502,1790374555502__sin_evaluar.jpg,sin_evaluar,1,0.9979938268661499
1790374555641,1790374555641__sin_evaluar.jpg,sin_evaluar,1,0.9973147511482239
1790374555766,1790374555766__sin_evaluar.jpg,sin_evaluar,1,0.9982617497444153
1790374555936,1790374555936__sin_evaluar.jpg,sin_evaluar,1,0.9984657168388367
1790374556061,1790374556061__sin_evaluar.jpg,sin_evaluar,1,0.9974691867828369
1790374556201,1790374556201__sin_evaluar.jpg,sin_evaluar,1,0.9967404007911682
1790374556341,1790374556341__sin_evaluar.jpg,sin_evaluar,1,0.9975183606147766
1790374556480,1790374556480__sin_evaluar.jpg,sin_evaluar,1,0.9961501955986023
1790374556640,1790374556640__sin_evaluar.jpg,sin_evaluar,1,0.9968323707580566
1790374556781,1790374556781__sin_evaluar.jpg,sin_evaluar,1,0.9965421557426453
1790374556902,1790374556902__sin_evaluar.jpg,sin_evaluar,1,0.997128427028656
1790374557474,1790374557474__sin_gesto.jpg,sin_gesto,1,0.9978659152984619
1790374557475,1790374557475__sin_evaluar.jpg,sin_evaluar,1,0.9985017776489258
1790374557518,1790374557518__sin_evaluar.jpg,sin_evaluar,1,0.9980702996253967
1790374557700,1790374557700__sin_evaluar.jpg,sin_evaluar,1,0.9982179999351501
1790374558003,1790374558003__sin_evaluar.jpg,sin_evaluar,1,0.9985472559928894
1790374558085,1790374558085__sin_evaluar.jpg,sin_evaluar,1,0.9981625080108643
1790374558214,1790374558214__sin_evaluar.jpg,sin_evaluar,1,0.9979839324951172
1790374558372,1790374558372__sin_evaluar.jpg,sin_evaluar,1,0.9966316819190979
1790374558481,1790374558481__sin_evaluar.jpg,sin_evaluar,1,0.997496485710144
1790374558638,1790374558638__sin_evaluar.jpg,sin_evaluar,1,0.9983200430870056
1790374558796,1790374558796__sin_evaluar.jpg,sin_evaluar,1,0.997090220451355
1790374558926,1790374558926__sin_evaluar.jpg,sin_evaluar,1,0.9967173337936401
1790374559050,1790374559050__sin_evaluar.jpg,sin_evaluar,1,0.9976215362548828
1790374559209,1790374559209__sin_evaluar.jpg,sin_evaluar,1,0.9989410638809204
1790374559361,1790374559361__sin_evaluar.jpg,sin_evaluar,1,0.9980253577232361
1790374559480,1790374559480__sin_evaluar.jpg,sin_evaluar,1,0.9976056814193726
1790374559634,1790374559634__sin_evaluar.jpg,sin_evaluar,1,0.9980435371398926
1790374559780,1790374559780__sin_evaluar.jpg,sin_evaluar,1,0.9984275102615356
1790374559962,1790374559962__sin_evaluar.jpg,sin_evaluar,1,0.9987943768501282
1790374560076,1790374560076__sin_evaluar.jpg,sin_evaluar,1,0.9983940720558167
1790374560194,1790374560194__sin_evaluar.jpg,sin_evaluar,1,0.9986110925674438
1790374560341,1790374560341__sin_evaluar.jpg,sin_evaluar,1,0.9979227781295776
1790374560490,1790374560490__sin_evaluar.jpg,sin_evaluar,1,0.9978755116462708
1790374560655,1790374560655__sin_evaluar.jpg,sin_evaluar,1,0.9980151057243347
1790374560774,1790374560774__sin_evaluar.jpg,sin_evaluar,1,0.99847412109375
1790374560908,1790374560908__sin_evaluar.jpg,sin_evaluar,1,0.9983911514282227
1790374561082,1790374561082__sin_evaluar.jpg,sin_evaluar,1,0.9982201457023621
1790374561201,1790374561201__sin_evaluar.jpg,sin_evaluar,1,0.998642086982727
1790374561378,1790374561378__sin_evaluar.jpg,sin_evaluar,1,0.9979215264320374
1790374561494,1790374561494__sin_evaluar.jpg,sin_evaluar,1,0.998014509677887
1790374561649,1790374561649__sin_evaluar.jpg,sin_evaluar,1,0.9980514049530029
1790374561762,1790374561762__sin_evaluar.jpg,sin_evaluar,1,0.9975764751434326
1790374561918,1790374561918__sin_evaluar.jpg,sin_evaluar,1,0.9974402785301208
1790374562054,1790374562054__sin_evaluar.jpg,sin_evaluar,1,0.9980950355529785
1790374562570,1790374562570__sin_evaluar.jpg,sin_evaluar,1,0.9983551502227783
1790374562570,1790374562570__dedo_menique_0.81.jpg,dedo_menique_0.81,1,0.9983167052268982
1790374562571,1790374562571__sin_evaluar.jpg,sin_evaluar,1,0.9982067346572876
1790374562655,1790374562655__sin_evaluar.jpg,sin_evaluar,1,0.9981229305267334
1790374562794,1790374562794__sin_evaluar.jpg,sin_evaluar,1,0.9964818954467773
1790374563000,1790374563000__sin_evaluar.jpg,sin_evaluar,1,0.9965029954910278
1790374563064,1790374563064__sin_evaluar.jpg,sin_evaluar,1,0.9971914291381836
1790374563220,1790374563220__sin_evaluar.jpg,sin_evaluar,1,0.9970329999923706
1790374563411,1790374563411__sin_evaluar.jpg,sin_evaluar,1,0.995847225189209
1790374563513,1790374563513__sin_evaluar.jpg,sin_evaluar,1,0.9981352090835571
1790374563634,1790374563634__sin_evaluar.jpg,sin_evaluar,1,0.9982634782791138
1790374563794,1790374563794__sin_evaluar.jpg,sin_evaluar,1,0.9980756640434265
1790374563919,1790374563919__sin_evaluar.jpg,sin_evaluar,1,0.9894197583198547
1790374564096,1790374564096__sin_evaluar.jpg,sin_evaluar,0,
1790374564221,1790374564221__sin_evaluar.jpg,sin_evaluar,0,
1790374564363,1790374564363__sin_evaluar.jpg,sin_evaluar,0,
1790374564489,1790374564489__sin_evaluar.jpg,sin_evaluar,0,
1790374564634,1790374564634__sin_evaluar.jpg,sin_evaluar,0,
1790374564774,1790374564774__sin_evaluar.jpg,sin_evaluar,0,
1790374564974,1790374564974__sin_evaluar.jpg,sin_evaluar,0,
1790374565072,1790374565072__sin_evaluar.jpg,sin_evaluar,0,
1790374565189,1790374565189__sin_evaluar.jpg,sin_evaluar,0,
1790374565374,1790374565374__sin_evaluar.jpg,sin_evaluar,0,
1790374565487,1790374565487__sin_evaluar.jpg,sin_evaluar,0,
1790374565633,1790374565633__sin_evaluar.jpg,sin_evaluar,0,
1790374565793,1790374565793__sin_evaluar.jpg,sin_evaluar,0,
1790374565916,1790374565916__sin_evaluar.jpg,sin_evaluar,0,
1790374566097,1790374566097__sin_evaluar.jpg,sin_evaluar,0,
1790374566209,1790374566209__sin_evaluar.jpg,sin_evaluar,0,
1790374566354,1790374566354__sin_evaluar.jpg,sin_evaluar,0,
1790374566494,1790374566494__sin_evaluar.jpg,sin_evaluar,0,
1790374566635,1790374566635__sin_evaluar.jpg,sin_evaluar,0,
1790374566782,1790374566782__sin_evaluar.jpg,sin_evaluar,0,
1790374566928,1790374566928__sin_evaluar.jpg,sin_evaluar,0,
1790374567085,1790374567085__sin_evaluar.jpg,sin_evaluar,0,
1790374567579,1790374567579__dedo_pulgar_0.68.jpg,dedo_pulgar_0.68,0,
1790374567580,1790374567580__sin_evaluar.jpg,sin_evaluar,0,
1790374567641,1790374567641__sin_evaluar.jpg,sin_evaluar,0,
1790374567849,1790374567849__sin_evaluar.jpg,sin_evaluar,0,
1790374567929,1790374567929__sin_evaluar.jpg,sin_evaluar,0,
1790374568141,1790374568141__sin_evaluar.jpg,sin_evaluar,0,
1790374568254,1790374568254__sin_evaluar.jpg,sin_evaluar,0,
1790374568453,1790374568453__sin_evaluar.jpg,sin_evaluar,0,
1790374568530,1790374568530__sin_evaluar.jpg,sin_evaluar,0,
1790374568645,1790374568645__sin_evaluar.jpg,sin_evaluar,0,
1790374568806,1790374568806__sin_evaluar.jpg,sin_evaluar,0,
1790374568953,1790374568953__sin_evaluar.jpg,sin_evaluar,0,
1790374569081,1790374569081__sin_evaluar.jpg,sin_evaluar,0,
1790374569257,1790374569257__sin_evaluar.jpg,sin_evaluar,0,
1790374569353,1790374569353__sin_evaluar.jpg,sin_evaluar,0,
1790374569502,1790374569502__sin_evaluar.jpg,sin_evaluar,0,
1790374569653,1790374569653__sin_evaluar.jpg,sin_evaluar,0,
1790374569785,1790374569785__sin_evaluar.jpg,sin_evaluar,0,
1790374569941,1790374569941__sin_evaluar.jpg,sin_evaluar,0,
1790374570089,1790374570089__sin_evaluar.jpg,sin_evaluar,0,
1790374570224,1790374570224__sin_evaluar.jpg,sin_evaluar,0,
1790374570353,1790374570353__sin_evaluar.jpg,sin_evaluar,0,
1790374570543,1790374570543__sin_evaluar.jpg,sin_evaluar,0,
1790374570634,1790374570634__sin_evaluar.jpg,sin_evaluar,0,
1790374570860,1790374570860__sin_evaluar.jpg,sin_evaluar,0,
1790374570948,1790374570948__sin_evaluar.jpg,sin_evaluar,0,
1790374571081,1790374571081__sin_evaluar.jpg,sin_evaluar,0,
1790374571210,1790374571210__sin_evaluar.jpg,sin_evaluar,0,
1790374571356,1790374571356__sin_evaluar.jpg,sin_evaluar,0,
1790374571488,1790374571488__sin_evaluar.jpg,sin_evaluar,0,
1790374571633,1790374571633__sin_evaluar.jpg,sin_evaluar,0,
1790374571795,1790374571795__sin_evaluar.jpg,sin_evaluar,0,
1790374571933,1790374571933__sin_evaluar.jpg,sin_evaluar,0,
1790374572070,1790374572070__sin_evaluar.jpg,sin_evaluar,0,
1790374572614,1790374572614__dedo_pulgar_0.84.jpg,dedo_pulgar_0.84,0,
1790374572615,1790374572615__sin_evaluar.jpg,sin_evaluar,0,
1790374572654,1790374572654__sin_evaluar.jpg,sin_evaluar,0,
1790374572779,1790374572779__sin_evaluar.jpg,sin_evaluar,0,
1790374572937,1790374572937__sin_evaluar.jpg,sin_evaluar,0,
1790374573095,1790374573095__sin_evaluar.jpg,sin_evaluar,0,
1790374573215,1790374573215__sin_evaluar.jpg,sin_evaluar,0,
1790374573386,1790374573386__sin_evaluar.jpg,sin_evaluar,0,
1790374573514,1790374573514__sin_evaluar.jpg,sin_evaluar,0,
1790374573637,1790374573637__sin_evaluar.jpg,sin_evaluar,0,
1790374573830,1790374573830__sin_evaluar.jpg,sin_evaluar,0,
1790374573974,1790374573974__sin_evaluar.jpg,sin_evaluar,0,
1790374574070,1790374574070__sin_evaluar.jpg,sin_evaluar,0,
1790374574243,1790374574243__sin_evaluar.jpg,sin_evaluar,0,
1790374574374,1790374574374__sin_evaluar.jpg,sin_evaluar,0,
1790374574488,1790374574488__sin_evaluar.jpg,sin_evaluar,0,
1790374574645,1790374574645__sin_evaluar.jpg,sin_evaluar,0,
1790374574782,1790374574782__sin_evaluar.jpg,sin_evaluar,0,
1790374574918,1790374574918__sin_evaluar.jpg,sin_evaluar,0,
1790374575114,1790374575114__sin_evaluar.jpg,sin_evaluar,0,
1790374575227,1790374575227__sin_evaluar.jpg,sin_evaluar,0,
1790374575360,1790374575360__sin_evaluar.jpg,sin_evaluar,0,
1790374575514,1790374575514__sin_evaluar.jpg,sin_evaluar,0,
1790374575651,1790374575651__sin_evaluar.jpg,sin_evaluar,0,
1790374575795,1790374575795__sin_evaluar.jpg,sin_evaluar,0,
1790374575934,1790374575934__sin_evaluar.jpg,sin_evaluar,0,
1790374576108,1790374576108__sin_evaluar.jpg,sin_evaluar,0,
1790374576236,1790374576236__sin_evaluar.jpg,sin_evaluar,0,
1790374576393,1790374576393__sin_evaluar.jpg,sin_evaluar,0,
1790374576495,1790374576495__sin_evaluar.jpg,sin_evaluar,0,
1790374576664,1790374576664__sin_evaluar.jpg,sin_evaluar,0,
1790374576814,1790374576814__sin_evaluar.jpg,sin_evaluar,0,
1790374576929,1790374576929__sin_evaluar.jpg,sin_evaluar,0,
1790374577103,1790374577103__sin_evaluar.jpg,sin_evaluar,0,
1790374577240,1790374577240__sin_evaluar.jpg,sin_evaluar,0,
1790374577761,1790374577761__dedo_pulgar_0.82.jpg,dedo_pulgar_0.82,0,
1790374577762,1790374577762__sin_evaluar.jpg,sin_evaluar,0,
1790374577791,1790374577791__sin_evaluar.jpg,sin_evaluar,0,
1790374577963,1790374577963__sin_evaluar.jpg,sin_evaluar,0,
1790374578073,1790374578073__sin_evaluar.jpg,sin_evaluar,0,
1790374578289,1790374578289__sin_evaluar.jpg,sin_evaluar,1,0.9884202480316162
1790374578379,1790374578379__sin_evaluar.jpg,sin_evaluar,1,0.8845992684364319
1790374578494,1790374578494__sin_evaluar.jpg,sin_evaluar,0,
1790374578714,1790374578714__sin_evaluar.jpg,sin_evaluar,1,0.9846175909042358
1790374578793,1790374578793__sin_evaluar.jpg,sin_evaluar,1,0.9816901683807373
1790374578955,1790374578955__sin_evaluar.jpg,sin_evaluar,1,0.9186119437217712
1790374579080,1790374579080__sin_evaluar.jpg,sin_evaluar,1,0.8302602767944336
1790374579273,1790374579273__sin_evaluar.jpg,sin_evaluar,1,0.9548962116241455
1790374579368,1790374579368__sin_evaluar.jpg,sin_evaluar,0,
1790374579505,1790374579505__sin_evaluar.jpg,sin_evaluar,1,0.5188125371932983
1790374579661,1790374579661__sin_evaluar.jpg,sin_evaluar,1,0.9414693117141724
1790374579801,1790374579801__sin_evaluar.jpg,sin_evaluar,1,0.8589253425598145
1790374579947,1790374579947__sin_evaluar.jpg,sin_evaluar,1,0.9419054388999939
1790374580078,1790374580078__sin_evaluar.jpg,sin_evaluar,1,0.9662079215049744
1790374580233,1790374580233__sin_evaluar.jpg,sin_evaluar,1,0.9425175786018372
1790374580392,1790374580392__sin_evaluar.jpg,sin_evaluar,1,0.9448328614234924
1790374580495,1790374580495__sin_evaluar.jpg,sin_evaluar,1,0.9413509964942932
1790374580670,1790374580670__sin_evaluar.jpg,sin_evaluar,0,
1790374580812,1790374580812__sin_evaluar.jpg,sin_evaluar,1,0.9444741010665894
1790374580936,1790374580936__sin_evaluar.jpg,sin_evaluar,1,0.6846574544906616
1790374581083,1790374581083__sin_evaluar.jpg,sin_evaluar,1,0.5132830739021301
1790374581214,1790374581214__sin_evaluar.jpg,sin_evaluar,1,0.7035639882087708
1790374581382,1790374581382__sin_evaluar.jpg,sin_evaluar,1,0.8880743384361267
1790374581502,1790374581502__sin_evaluar.jpg,sin_evaluar,1,0.9892730712890625
1790374581656,1790374581656__sin_evaluar.jpg,sin_evaluar,1,0.9947628378868103
1790374581832,1790374581832__sin_evaluar.jpg,sin_evaluar,1,0.937515139579773
1790374581989,1790374581989__sin_evaluar.jpg,sin_evaluar,1,0.9847390651702881
1790374582071,1790374582071__sin_evaluar.jpg,sin_evaluar,1,0.9677448272705078
1790374582212,1790374582212__sin_evaluar.jpg,sin_evaluar,1,0.9637348651885986
1790374582379,1790374582379__sin_evaluar.jpg,sin_evaluar,1,0.9477423429489136
1790374582883,1790374582883__dedo_menique_0.80.jpg,dedo_menique_0.80,1,0.6745166778564453
1790374582884,1790374582884__sin_evaluar.jpg,sin_evaluar,1,0.9849730134010315
1790374582935,1790374582935__sin_evaluar.jpg,sin_evaluar,1,0.977072536945343
1790374583150,1790374583150__sin_evaluar.jpg,sin_evaluar,1,0.6828157305717468
1790374583238,1790374583238__sin_evaluar.jpg,sin_evaluar,1,0.8868730068206787
1790374583383,1790374583383__sin_evaluar.jpg,sin_evaluar,1,0.9454983472824097
1790374583536,1790374583536__sin_evaluar.jpg,sin_evaluar,1,0.9932334423065186
1790374583665,1790374583665__sin_evaluar.jpg,sin_evaluar,1,0.9897813200950623
1790374583801,1790374583801__sin_evaluar.jpg,sin_evaluar,1,0.934066116809845
1790374583934,1790374583934__sin_evaluar.jpg,sin_evaluar,1,0.9924852252006531
1790374584088,1790374584088__sin_evaluar.jpg,sin_evaluar,1,0.9747065901756287
1790374584215,1790374584215__sin_evaluar.jpg,sin_evaluar,1,0.9490623474121094
1790374584405,1790374584405__sin_evaluar.jpg,sin_evaluar,1,0.9931359887123108
1790374584532,1790374584532__sin_evaluar.jpg,sin_evaluar,1,0.9900206327438354
1790374584657,1790374584657__sin_evaluar.jpg,sin_evaluar,1,0.9706014394760132
1790374584803,1790374584803__sin_evaluar.jpg,sin_evaluar,1,0.9253935217857361
1790374584950,1790374584950__sin_evaluar.jpg,sin_evaluar,1,0.9728152751922607
1790374585081,1790374585081__sin_evaluar.jpg,sin_evaluar,1,0.9940771460533142
1790374585245,1790374585245__sin_evaluar.jpg,sin_evaluar,1,0.990483283996582
1790374585377,1790374585377__sin_evaluar.jpg,sin_evaluar,1,0.9942175149917603
1790374585556,1790374585556__sin_evaluar.jpg,sin_evaluar,1,0.9951306581497192
1790374585645,1790374585645__sin_evaluar.jpg,sin_evaluar,1,0.9961144328117371
1790374585805,1790374585805__sin_evaluar.jpg,sin_evaluar,1,0.9958604574203491
1790374585935,1790374585935__sin_evaluar.jpg,sin_evaluar,1,0.9938017725944519
1790374586095,1790374586095__sin_evaluar.jpg,sin_evaluar,1,0.9958754777908325
1790374586218,1790374586218__sin_evaluar.jpg,sin_evaluar,1,0.9952828884124756
1790374586374,1790374586374__sin_evaluar.jpg,sin_evaluar,1,0.9949755668640137
1790374586522,1790374586522__sin_evaluar.jpg,sin_evaluar,1,0.994570791721344
1790374586652,1790374586652__sin_evaluar.jpg,sin_evaluar,1,0.9950924515724182
1790374586813,1790374586813__sin_evaluar.jpg,sin_evaluar,1,0.9964953660964966
1790374586973,1790374586973__sin_evaluar.jpg,sin_evaluar,1,0.9982661008834839
1790374587100,1790374587100__sin_evaluar.jpg,sin_evaluar,1,0.9968218207359314
1790374587233,1790374587233__sin_evaluar.jpg,sin_evaluar,1,0.9921472668647766
1790374587381,1790374587381__sin_evaluar.jpg,sin_evaluar,1,0.9898350238800049
1790374587890,1790374587890__sin_gesto.jpg,sin_gesto,1,0.9963346123695374
1790374587891,1790374587891__sin_evaluar.jpg,sin_evaluar,1,0.9923160672187805
1790374587949,1790374587949__sin_evaluar.jpg,sin_evaluar,1,0.9929066896438599
1790374588115,1790374588115__sin_evaluar.jpg,sin_evaluar,1,0.9925938248634338
1790374588423,1790374588423__sin_evaluar.jpg,sin_evaluar,1,0.9941800832748413
1790374588424,1790374588424__sin_evaluar.jpg,sin_evaluar,1,0.993635892868042
1790374588517,1790374588517__sin_evaluar.jpg,sin_evaluar,1,0.9939311146736145
1790374588729,1790374588729__sin_evaluar.jpg,sin_evaluar,1,0.9935777187347412
1790374588812,1790374588812__sin_evaluar.jpg,sin_evaluar,1,0.9932109117507935
1790374589035,1790374589035__sin_evaluar.jpg,sin_evaluar,1,0.9906177520751953
1790374589095,1790374589095__sin_evaluar.jpg,sin_evaluar,1,0.9933356046676636
1790374589239,1790374589239__sin_evaluar.jpg,sin_evaluar,1,0.9900147914886475
1790374589395,1790374589395__sin_evaluar.jpg,sin_evaluar,1,0.991639256477356
1790374589531,1790374589531__sin_evaluar.jpg,sin_evaluar,1,0.990289568901062
1790374589682,1790374589682__sin_evaluar.jpg,sin_evaluar,1,0.994001567363739
1790374589824,1790374589824__sin_evaluar.jpg,sin_evaluar,1,0.9931821823120117
1790374589957,1790374589957__sin_evaluar.jpg,sin_evaluar,1,0.9955697059631348
1790374590096,1790374590096__sin_evaluar.jpg,sin_evaluar,1,0.9944052696228027
1790374590241,1790374590241__sin_evaluar.jpg,sin_evaluar,1,0.9902283549308777
1790374590409,1790374590409__sin_evaluar.jpg,sin_evaluar,1,0.993852972984314
1790374590519,1790374590519__sin_evaluar.jpg,sin_evaluar,1,0.9951521158218384
1790374590681,1790374590681__sin_evaluar.jpg,sin_evaluar,1,0.9946643710136414
1790374590794,1790374590794__sin_evaluar.jpg,sin_evaluar,1,0.9945209622383118
1790374590981,1790374590981__sin_evaluar.jpg,sin_evaluar,1,0.9957167506217957
1790374591104,1790374591104__sin_evaluar.jpg,sin_evaluar,1,0.9913899898529053
1790374591227,1790374591227__sin_evaluar.jpg,sin_evaluar,1,0.9874193072319031
1790374591375,1790374591375__sin_evaluar.jpg,sin_evaluar,1,0.9931897521018982
1790374591520,1790374591520__sin_evaluar.jpg,sin_evaluar,1,0.992211103439331
1790374591743,1790374591743__sin_evaluar.jpg,sin_evaluar,1,0.9923710823059082
1790374591794,1790374591794__sin_evaluar.jpg,sin_evaluar,1,0.9927861094474792
1790374591954,1790374591954__sin_evaluar.jpg,sin_evaluar,1,0.9943466186523438
1790374592074,1790374592074__sin_evaluar.jpg,sin_evaluar,1,0.9928898811340332
1790374592249,1790374592249__sin_evaluar.jpg,sin_evaluar,1,0.9925101399421692
1790374592402,1790374592402__sin_evaluar.jpg,sin_evaluar,1,0.9910191893577576
1790374592889,1790374592889__sin_evaluar.jpg,sin_evaluar,1,0.9912649989128113
1790374592889,1790374592889__sin_gesto.jpg,sin_gesto,1,0.9925317764282227
1790374592890,1790374592890__sin_evaluar.jpg,sin_evaluar,1,0.9915787577629089
1790374592954,1790374592954__sin_evaluar.jpg,sin_evaluar,1,0.992685854434967
1790374593121,1790374593121__sin_evaluar.jpg,sin_evaluar,1,0.9911818504333496
1790374593234,1790374593234__sin_evaluar.jpg,sin_evaluar,1,0.9924787282943726
1790374593370,1790374593370__sin_evaluar.jpg,sin_evaluar,1,0.9939964413642883
1790374593543,1790374593543__sin_evaluar.jpg,sin_evaluar,1,0.9929320812225342
1790374593662,1790374593662__sin_evaluar.jpg,sin_evaluar,1,0.9903075098991394
1790374593800,1790374593800__sin_evaluar.jpg,sin_evaluar,1,0.9919674396514893
1790374593961,1790374593961__sin_evaluar.jpg,sin_evaluar,1,0.9922436475753784
1790374594171,1790374594171__sin_evaluar.jpg,sin_evaluar,1,0.9912184476852417
1790374594235,1790374594235__sin_evaluar.jpg,sin_evaluar,1,0.9918566346168518
1790374594459,1790374594459__sin_evaluar.jpg,sin_evaluar,1,0.9911108613014221
1790374594525,1790374594525__sin_evaluar.jpg,sin_evaluar,1,0.9914698600769043
1790374594676,1790374594676__sin_evaluar.jpg,sin_evaluar,1,0.9939900040626526
1790374594819,1790374594819__sin_evaluar.jpg,sin_evaluar,1,0.9951795339584351
1790374595113,1790374595113__sin_evaluar.jpg,sin_evaluar,1,0.9909355044364929
1790374595114,1790374595114__sin_evaluar.jpg,sin_evaluar,1,0.9942424893379211
1790374595262,1790374595262__sin_evaluar.jpg,sin_evaluar,1,0.9927445650100708
1790374595384,1790374595384__sin_evaluar.jpg,sin_evaluar,1,0.9903930425643921
1790374595644,1790374595644__sin_evaluar.jpg,sin_evaluar,1,0.992881715297699
1790374595654,1790374595654__sin_evaluar.jpg,sin_evaluar,1,0.9931867718696594
1790374596036,1790374596036__sin_evaluar.jpg,sin_evaluar,1,0.9919050931930542
1790374596037,1790374596037__sin_evaluar.jpg,sin_evaluar,1,0.9954007863998413
1790374596103,1790374596103__sin_evaluar.jpg,sin_evaluar,1,0.9911837577819824
1790374596260,1790374596260__sin_evaluar.jpg,sin_evaluar,1,0.9898555278778076
1790374596380,1790374596380__sin_evaluar.jpg,sin_evaluar,1,0.9907443523406982
1790374596534,1790374596534__sin_evaluar.jpg,sin_evaluar,1,0.9929968118667603
1790374596686,1790374596686__sin_evaluar.jpg,sin_evaluar,1,0.9941666126251221
1790374596829,1790374596829__sin_evaluar.jpg,sin_evaluar,1,0.9913564324378967
1790374596960,1790374596960__sin_evaluar.jpg,sin_evaluar,1,0.9639265537261963
1790374597109,1790374597109__sin_evaluar.jpg,sin_evaluar,1,0.9740126132965088
1790374597253,1790374597253__sin_evaluar.jpg,sin_evaluar,1,0.975067138671875
1790374597385,1790374597385__sin_evaluar.jpg,sin_evaluar,1,0.9761918783187866
1790374597903,1790374597903__sin_gesto.jpg,sin_gesto,1,0.9744748473167419
1790374597903,1790374597903__sin_evaluar.jpg,sin_evaluar,1,0.9853556156158447
1790374597954,1790374597954__sin_evaluar.jpg,sin_evaluar,1,0.9702315926551819
1790374598113,1790374598113__sin_evaluar.jpg,sin_evaluar,1,0.970922589302063
1790374598229,1790374598229__sin_evaluar.jpg,sin_evaluar,1,0.9382671117782593
1790374598393,1790374598393__sin_evaluar.jpg,sin_evaluar,1,0.8462867736816406
1790374598557,1790374598557__sin_evaluar.jpg,sin_evaluar,1,0.9847952127456665
1790374598684,1790374598684__sin_evaluar.jpg,sin_evaluar,1,0.7341071963310242
1790374598861,1790374598861__sin_evaluar.jpg,sin_evaluar,1,0.7432371973991394
1790374598956,1790374598956__sin_evaluar.jpg,sin_evaluar,1,0.9859828352928162
1790374599162,1790374599162__sin_evaluar.jpg,sin_evaluar,1,0.9259697198867798
1790374599262,1790374599262__sin_evaluar.jpg,sin_evaluar,1,0.9924767017364502
1790374599406,1790374599406__sin_evaluar.jpg,sin_evaluar,1,0.9846929311752319
1790374599541,1790374599541__sin_evaluar.jpg,sin_evaluar,1,0.9652317762374878
1790374599688,1790374599688__sin_evaluar.jpg,sin_evaluar,1,0.9900298714637756
1790374599827,1790374599827__sin_evaluar.jpg,sin_evaluar,1,0.9923122525215149
1790374599963,1790374599963__sin_evaluar.jpg,sin_evaluar,1,0.9907751083374023
1790374600100,1790374600100__sin_evaluar.jpg,sin_evaluar,1,0.9927356839179993
1790374600263,1790374600263__sin_evaluar.jpg,sin_evaluar,1,0.9914717078208923
1790374600385,1790374600385__sin_evaluar.jpg,sin_evaluar,1,0.9685961604118347
1790374600540,1790374600540__sin_evaluar.jpg,sin_evaluar,1,0.8967776894569397
1790374600674,1790374600674__sin_evaluar.jpg,sin_evaluar,1,0.9576414227485657
1790374600815,1790374600815__sin_evaluar.jpg,sin_evaluar,1,0.979499876499176
1790374600981,1790374600981__sin_evaluar.jpg,sin_evaluar,1,0.9599704146385193
1790374601121,1790374601121__sin_evaluar.jpg,sin_evaluar,1,0.8665199279785156
1790374601263,1790374601263__sin_evaluar.jpg,sin_evaluar,1,0.7535269856452942
1790374601394,1790374601394__sin_evaluar.jpg,sin_evaluar,1,0.588250994682312
1790374601527,1790374601527__sin_evaluar.jpg,sin_evaluar,1,0.8336380124092102
1790374601684,1790374601684__sin_evaluar.jpg,sin_evaluar,1,0.6478356122970581
1790374601830,1790374601830__sin_evaluar.jpg,sin_evaluar,1,0.8733999729156494
1790374601964,1790374601964__sin_evaluar.jpg,sin_evaluar,1,0.5231716632843018
1790374602111,1790374602111__sin_evaluar.jpg,sin_evaluar,1,0.7743397355079651
1790374602272,1790374602272__sin_evaluar.jpg,sin_evaluar,1,0.5930807590484619
1790374602392,1790374602392__sin_evaluar.jpg,sin_evaluar,0,
1790374602516,1790374602516__sin_evaluar.jpg,sin_evaluar,1,0.7603297233581543
1790374603050,1790374603050__sin_gesto.jpg,sin_gesto,1,0.7031440734863281
1790374603051,1790374603051__sin_evaluar.jpg,sin_evaluar,1,0.7423986196517944
1790374603094,1790374603094__sin_evaluar.jpg,sin_evaluar,1,0.9393521547317505
1790374603250,1790374603250__sin_evaluar.jpg,sin_evaluar,1,0.9304014444351196
1790374603402,1790374603402__sin_evaluar.jpg,sin_evaluar,1,0.6875296235084534
1790374603601,1790374603601__sin_evaluar.jpg,sin_evaluar,1,0.9232385158538818
1790374603684,1790374603684__sin_evaluar.jpg,sin_evaluar,1,0.9062919616699219
1790374603844,1790374603844__sin_evaluar.jpg,sin_evaluar,1,0.9438570141792297
1790374603963,1790374603963__sin_evaluar.jpg,sin_evaluar,1,0.9046818017959595
1790374604100,1790374604100__sin_evaluar.jpg,sin_evaluar,1,0.6968750953674316
1790374604253,1790374604253__sin_evaluar.jpg,sin_evaluar,1,0.7565034627914429
1790374604395,1790374604395__sin_evaluar.jpg,sin_evaluar,1,0.7646582126617432
1790374604531,1790374604531__sin_evaluar.jpg,sin_evaluar,0,
1790374604675,1790374604675__sin_evaluar.jpg,sin_evaluar,1,0.8891691565513611
1790374604839,1790374604839__sin_evaluar.jpg,sin_evaluar,1,0.932334840297699
1790374604972,1790374604972__sin_evaluar.jpg,sin_evaluar,1,0.7791893482208252
1790374605125,1790374605125__sin_evaluar.jpg,sin_evaluar,1,0.8845676779747009
1790374605317,1790374605317__sin_evaluar.jpg,sin_evaluar,1,0.8918505907058716
1790374605389,1790374605389__sin_evaluar.jpg,sin_evaluar,1,0.7701259851455688
1790374605603,1790374605603__sin_evaluar.jpg,sin_evaluar,1,0.7356616258621216
1790374605699,1790374605699__sin_evaluar.jpg,sin_evaluar,1,0.651317298412323
1790374605830,1790374605830__sin_evaluar.jpg,sin_evaluar,1,0.8598009347915649
1790374605978,1790374605978__sin_evaluar.jpg,sin_evaluar,1,0.7973470687866211
1790374606122,1790374606122__sin_evaluar.jpg,sin_evaluar,1,0.5440725684165955
1790374606261,1790374606261__sin_evaluar.jpg,sin_evaluar,1,0.8668220639228821
1790374606394,1790374606394__sin_evaluar.jpg,sin_evaluar,1,0.7111707925796509
1790374606532,1790374606532__sin_evaluar.jpg,sin_evaluar,1,0.7602680921554565
1790374606682,1790374606682__sin_evaluar.jpg,sin_evaluar,1,0.9053633809089661
1790374606811,1790374606811__sin_evaluar.jpg,sin_evaluar,1,0.895266056060791
1790374606969,1790374606969__sin_evaluar.jpg,sin_evaluar,1,0.6665284633636475
1790374607132,1790374607132__sin_evaluar.jpg,sin_evaluar,1,0.8592936396598816
1790374607249,1790374607249__sin_evaluar.jpg,sin_evaluar,1,0.5252195596694946
1790374607432,1790374607432__sin_evaluar.jpg,sin_evaluar,1,0.7849764227867126
1790374607568,1790374607568__sin_evaluar.jpg,sin_evaluar,1,0.6595671772956848
1790374608057,1790374608057__sin_evaluar.jpg,sin_evaluar,1,0.9779003858566284
1790374608057,1790374608057__sin_gesto.jpg,sin_gesto,1,0.9891886115074158
1790374608058,1790374608058__sin_evaluar.jpg,sin_evaluar,1,0.9190782904624939
1790374608101,1790374608101__sin_evaluar.jpg,sin_evaluar,1,0.8486472964286804
1790374608247,1790374608247__sin_evaluar.jpg,sin_evaluar,1,0.9856489896774292
1790374608415,1790374608415__sin_evaluar.jpg,sin_evaluar,1,0.9522046446800232
1790374608872,1790374608872__sin_evaluar.jpg,sin_evaluar,1,0.9893295168876648
1790374608894,1790374608894__sin_evaluar.jpg,sin_evaluar,1,0.9881160259246826
1790374608977,1790374608977__sin_evaluar.jpg,sin_evaluar,1,0.9950146079063416
1790374609140,1790374609140__sin_evaluar.jpg,sin_evaluar,1,0.984164297580719
1790374609293,1790374609293__sin_evaluar.jpg,sin_evaluar,1,0.9760535955429077
1790374609421,1790374609421__sin_evaluar.jpg,sin_evaluar,1,0.9813337922096252
1790374609580,1790374609580__sin_evaluar.jpg,sin_evaluar,0,
1790374609687,1790374609687__sin_evaluar.jpg,sin_evaluar,0,
1790374609820,1790374609820__sin_evaluar.jpg,sin_evaluar,0,
1790374609999,1790374609999__sin_evaluar.jpg,sin_evaluar,0,
1790374610103,1790374610103__sin_evaluar.jpg,sin_evaluar,0,
1790374610282,1790374610282__sin_evaluar.jpg,sin_evaluar,0,
1790374610394,1790374610394__sin_evaluar.jpg,sin_evaluar,0,
1790374610533,1790374610533__sin_evaluar.jpg,sin_evaluar,0,
1790374610684,1790374610684__sin_evaluar.jpg,sin_evaluar,0,
1790374610835,1790374610835__sin_evaluar.jpg,sin_evaluar,0,
1790374610970,1790374610970__sin_evaluar.jpg,sin_evaluar,0,
1790374611127,1790374611127__sin_evaluar.jpg,sin_evaluar,0,
1790374611250,1790374611250__sin_evaluar.jpg,sin_evaluar,0,
1790374611399,1790374611399__sin_evaluar.jpg,sin_evaluar,0,
1790374611560,1790374611560__sin_evaluar.jpg,sin_evaluar,0,
1790374611700,1790374611700__sin_evaluar.jpg,sin_evaluar,0,
1790374611817,1790374611817__sin_evaluar.jpg,sin_evaluar,0,
1790374611975,1790374611975__sin_evaluar.jpg,sin_evaluar,0,
1790374612121,1790374612121__sin_evaluar.jpg,sin_evaluar,0,
1790374612281,1790374612281__sin_evaluar.jpg,sin_evaluar,0,
1790374612419,1790374612419__sin_evaluar.jpg,sin_evaluar,0,
1790374612573,1790374612573__sin_evaluar.jpg,sin_evaluar,0,
1790374612679,1790374612679__sin_evaluar.jpg,sin_evaluar,0,
1790374613217,1790374613217__sin_evaluar.jpg,sin_evaluar,0,
1790374613217,1790374613217__dedo_pulgar_0.81.jpg,dedo_pulgar_0.81,0,
1790374613275,1790374613275__sin_evaluar.jpg,sin_evaluar,0,
1790374613404,1790374613404__sin_evaluar.jpg,sin_evaluar,0,
1790374613569,1790374613569__sin_evaluar.jpg,sin_evaluar,0,
1790374613704,1790374613704__sin_evaluar.jpg,sin_evaluar,0,
1790374613807,1790374613807__sin_evaluar.jpg,sin_evaluar,0,
1790374613994,1790374613994__sin_evaluar.jpg,sin_evaluar,0,
1790374614161,1790374614161__sin_evaluar.jpg,sin_evaluar,0,
1790374614256,1790374614256__sin_evaluar.jpg,sin_evaluar,0,
1790374614433,1790374614433__sin_evaluar.jpg,sin_evaluar,0,
1790374614567,1790374614567__sin_evaluar.jpg,sin_evaluar,0,
1790374614700,1790374614700__sin_evaluar.jpg,sin_evaluar,1,0.9995290637016296
1790374614856,1790374614856__sin_evaluar.jpg,sin_evaluar,1,0.9972062706947327
1790374614954,1790374614954__sin_evaluar.jpg,sin_evaluar,1,0.9971023201942444
1790374615143,1790374615143__sin_evaluar.jpg,sin_evaluar,1,0.9981673359870911
1790374615271,1790374615271__sin_evaluar.jpg,sin_evaluar,1,0.9959469437599182
1790374615403,1790374615403__sin_evaluar.jpg,sin_evaluar,1,0.9976294636726379
1790374615544,1790374615544__sin_evaluar.jpg,sin_evaluar,1,0.9992140531539917
1790374615695,1790374615695__sin_evaluar.jpg,sin_evaluar,1,0.9994312524795532
1790374615856,1790374615856__sin_evaluar.jpg,sin_evaluar,1,0.9993401169776917
1790374615978,1790374615978__sin_evaluar.jpg,sin_evaluar,1,0.9996916055679321
1790374616109,1790374616109__sin_evaluar.jpg,sin_evaluar,1,0.9991322755813599
1790374616281,1790374616281__sin_evaluar.jpg,sin_evaluar,1,0.9990395903587341
1790374616460,1790374616460__sin_evaluar.jpg,sin_evaluar,1,0.999060332775116
1790374616563,1790374616563__sin_evaluar.jpg,sin_evaluar,1,0.9988697171211243
1790374616682,1790374616682__sin_evaluar.jpg,sin_evaluar,1,0.999021053314209
1790374616842,1790374616842__sin_evaluar.jpg,sin_evaluar,1,0.9991902112960815
1790374616963,1790374616963__sin_evaluar.jpg,sin_evaluar,1,0.9987209439277649
1790374617114,1790374617114__sin_evaluar.jpg,sin_evaluar,1,0.9977912306785583
1790374617274,1790374617274__sin_evaluar.jpg,sin_evaluar,1,0.9929775595664978
1790374617403,1790374617403__sin_evaluar.jpg,sin_evaluar,1,0.9965513944625854
1790374617547,1790374617547__sin_evaluar.jpg,sin_evaluar,1,0.9960278272628784
1790374617683,1790374617683__sin_evaluar.jpg,sin_evaluar,1,0.9961915612220764
1790374618222,1790374618222__dedo_pulgar_0.80.jpg,dedo_pulgar_0.80,1,0.9969725012779236
1790374618223,1790374618223__sin_evaluar.jpg,sin_evaluar,1,0.9959400296211243
1790374618285,1790374618285__sin_evaluar.jpg,sin_evaluar,1,0.9946697950363159
1790374618399,1790374618399__sin_evaluar.jpg,sin_evaluar,1,0.9944919347763062
1790374618574,1790374618574__sin_evaluar.jpg,sin_evaluar,1,0.9967108964920044
1790374618701,1790374618701__sin_evaluar.jpg,sin_evaluar,1,0.9949552416801453
1790374618881,1790374618881__sin_evaluar.jpg,sin_evaluar,1,0.9961106181144714
1790374618960,1790374618960__sin_evaluar.jpg,sin_evaluar,1,0.9947454333305359
1790374619133,1790374619133__sin_evaluar.jpg,sin_evaluar,1,0.9952288866043091
1790374619271,1790374619271__sin_evaluar.jpg,sin_evaluar,1,0.9945275783538818
1790374619434,1790374619434__sin_evaluar.jpg,sin_evaluar,1,0.9959437251091003
1790374619556,1790374619556__sin_evaluar.jpg,sin_evaluar,1,0.9952718615531921
1790374619754,1790374619754__sin_evaluar.jpg,sin_evaluar,1,0.9938892722129822
1790374619829,1790374619829__sin_evaluar.jpg,sin_evaluar,1,0.99452143907547
1790374619981,1790374619981__sin_evaluar.jpg,sin_evaluar,1,0.9945425391197205
1790374620135,1790374620135__sin_evaluar.jpg,sin_evaluar,1,0.995289146900177
1790374620263,1790374620263__sin_evaluar.jpg,sin_evaluar,1,0.9934742450714111
1790374620399,1790374620399__sin_evaluar.jpg,sin_evaluar,1,0.9943324327468872
1790374620560,1790374620560__sin_evaluar.jpg,sin_evaluar,1,0.9945377111434937
1790374620698,1790374620698__sin_evaluar.jpg,sin_evaluar,1,0.9942741990089417
1790374620833,1790374620833__sin_evaluar.jpg,sin_evaluar,1,0.9939818978309631
1790374620981,1790374620981__sin_evaluar.jpg,sin_evaluar,1,0.9931972622871399
1790374621114,1790374621114__sin_evaluar.jpg,sin_evaluar,1,0.9927237033843994
1790374621274,1790374621274__sin_evaluar.jpg,sin_evaluar,1,0.9955924153327942
1790374621442,1790374621442__sin_evaluar.jpg,sin_evaluar,1,0.9947422742843628
1790374621640,1790374621640__sin_evaluar.jpg,sin_evaluar,1,0.9931591153144836
1790374621709,1790374621709__sin_evaluar.jpg,sin_evaluar,1,0.9928185939788818
1790374621841,1790374621841__sin_evaluar.jpg,sin_evaluar,1,0.9956384301185608
1790374621969,1790374621969__sin_evaluar.jpg,sin_evaluar,1,0.9937471151351929
1790374622146,1790374622146__sin_evaluar.jpg,sin_evaluar,1,0.9946506023406982
1790374622258,1790374622258__sin_evaluar.jpg,sin_evaluar,1,0.9927050471305847
1790374622410,1790374622410__sin_evaluar.jpg,sin_evaluar,1,0.9934095144271851
1790374622538,1790374622538__sin_evaluar.jpg,sin_evaluar,1,0.9944750666618347
1790374622702,1790374622702__sin_evaluar.jpg,sin_evaluar,1,0.9919776916503906
1790374622833,1790374622833__sin_evaluar.jpg,sin_evaluar,1,0.9925655722618103
1790374623351,1790374623351__dedo_pulgar_0.81.jpg,dedo_pulgar_0.81,1,0.9937257766723633
1790374623352,1790374623352__sin_evaluar.jpg,sin_evaluar,1,0.9962121844291687
1790374623421,1790374623421__sin_evaluar.jpg,sin_evaluar,1,0.995912492275238
1790374623546,1790374623546__sin_evaluar.jpg,sin_evaluar,1,0.9959065318107605
1790374623676,1790374623676__sin_evaluar.jpg,sin_evaluar,1,0.9958785176277161
1790374623835,1790374623835__sin_evaluar.jpg,sin_evaluar,1,0.9954275488853455
1790374624028,1790374624028__sin_evaluar.jpg,sin_evaluar,1,0.9945617914199829
1790374624110,1790374624110__sin_evaluar.jpg,sin_evaluar,1,0.9942597150802612
1790374624295,1790374624295__sin_evaluar.jpg,sin_evaluar,1,0.9942135810852051
1790374624415,1790374624415__sin_evaluar.jpg,sin_evaluar,1,0.9940857887268066
1790374624556,1790374624556__sin_evaluar.jpg,sin_evaluar,1,0.9941769242286682
1790374624691,1790374624691__sin_evaluar.jpg,sin_evaluar,1,0.994820237159729
1790374624857,1790374624857__sin_evaluar.jpg,sin_evaluar,1,0.9939082860946655
1790374625001,1790374625001__sin_evaluar.jpg,sin_evaluar,1,0.993611752986908
1790374625117,1790374625117__sin_evaluar.jpg,sin_evaluar,1,0.9923869967460632
1790374625275,1790374625275__sin_evaluar.jpg,sin_evaluar,1,0.9944801330566406
1790374625421,1790374625421__sin_evaluar.jpg,sin_evaluar,1,0.9942783713340759
1790374625549,1790374625549__sin_evaluar.jpg,sin_evaluar,1,0.9940411448478699
1790374625689,1790374625689__sin_evaluar.jpg,sin_evaluar,1,0.9947142601013184
1790374625841,1790374625841__sin_evaluar.jpg,sin_evaluar,1,0.9920685887336731
1790374625994,1790374625994__sin_evaluar.jpg,sin_evaluar,1,0.9946296215057373
1790374626135,1790374626135__sin_evaluar.jpg,sin_evaluar,1,0.9952331781387329
1790374626280,1790374626280__sin_evaluar.jpg,sin_evaluar,1,0.9943210482597351
1790374626416,1790374626416__sin_evaluar.jpg,sin_evaluar,1,0.9943203926086426
1790374626555,1790374626555__sin_evaluar.jpg,sin_evaluar,1,0.995493471622467
1790374626715,1790374626715__sin_evaluar.jpg,sin_evaluar,1,0.9967315196990967
1790374626829,1790374626829__sin_evaluar.jpg,sin_evaluar,1,0.9958832859992981
1790374626995,1790374626995__sin_evaluar.jpg,sin_evaluar,1,0.9955270886421204
1790374627130,1790374627130__sin_evaluar.jpg,sin_evaluar,1,0.9956817626953125
1790374627264,1790374627264__sin_evaluar.jpg,sin_evaluar,1,0.9960570931434631
1790374627415,1790374627415__sin_evaluar.jpg,sin_evaluar,1,0.9964868426322937
1790374627573,1790374627573__sin_evaluar.jpg,sin_evaluar,1,0.9962359070777893
1790374627714,1790374627714__sin_evaluar.jpg,sin_evaluar,1,0.9958798885345459
1790374627833,1790374627833__sin_evaluar.jpg,sin_evaluar,1,0.9959993958473206
1790374628368,1790374628368__dedo_pulgar_0.83.jpg,dedo_pulgar_0.83,1,0.995780885219574
1790374628368,1790374628368__sin_evaluar.jpg,sin_evaluar,1,0.996921718120575
1790374628369,1790374628369__sin_evaluar.jpg,sin_evaluar,1,0.9968642592430115
1790374628428,1790374628428__sin_evaluar.jpg,sin_evaluar,1,0.9957730770111084
1790374628582,1790374628582__sin_evaluar.jpg,sin_evaluar,1,0.9959592223167419
1790374628701,1790374628701__sin_evaluar.jpg,sin_evaluar,1,0.9951903223991394
1790374628867,1790374628867__sin_evaluar.jpg,sin_evaluar,1,0.9945425987243652
1790374628989,1790374628989__sin_evaluar.jpg,sin_evaluar,1,0.9960025548934937
1790374629195,1790374629195__sin_evaluar.jpg,sin_evaluar,1,0.9962396621704102
1790374629295,1790374629295__sin_evaluar.jpg,sin_evaluar,1,0.99637770652771
1790374629488,1790374629488__sin_evaluar.jpg,sin_evaluar,1,0.9956895112991333
1790374629581,1790374629581__sin_evaluar.jpg,sin_evaluar,1,0.9953022599220276
1790374629693,1790374629693__sin_evaluar.jpg,sin_evaluar,1,0.9956268072128296
1790374629880,1790374629880__sin_evaluar.jpg,sin_evaluar,1,0.996371328830719
1790374629989,1790374629989__sin_evaluar.jpg,sin_evaluar,1,0.9939823150634766
1790374630128,1790374630128__sin_evaluar.jpg,sin_evaluar,1,0.9959421753883362
1790374630262,1790374630262__sin_evaluar.jpg,sin_evaluar,1,0.9962682127952576
1790374630418,1790374630418__sin_evaluar.jpg,sin_evaluar,1,0.9958420991897583
1790374630581,1790374630581__sin_evaluar.jpg,sin_evaluar,1,0.9963030815124512
1790374630729,1790374630729__sin_evaluar.jpg,sin_evaluar,1,0.9963577389717102
1790374630851,1790374630851__sin_evaluar.jpg,sin_evaluar,1,0.9962883591651917
1790374631001,1790374631001__sin_evaluar.jpg,sin_evaluar,1,0.9963568449020386
1790374631142,1790374631142__sin_evaluar.jpg,sin_evaluar,1,0.9960983991622925
1790374631273,1790374631273__sin_evaluar.jpg,sin_evaluar,1,0.9962663054466248
1790374631404,1790374631404__sin_evaluar.jpg,sin_evaluar,1,0.9958254098892212
1790374631593,1790374631593__sin_evaluar.jpg,sin_evaluar,1,0.9963662624359131
1790374631688,1790374631688__sin_evaluar.jpg,sin_evaluar,1,0.9958178400993347
1790374631869,1790374631869__sin_evaluar.jpg,sin_evaluar,1,0.9963287115097046
1790374631998,1790374631998__sin_evaluar.jpg,sin_evaluar,1,0.9955838322639465
1790374632131,1790374632131__sin_evaluar.jpg,sin_evaluar,1,0.9963341355323792
1790374632294,1790374632294__sin_evaluar.jpg,sin_evaluar,1,0.9964726567268372
1790374632423,1790374632423__sin_evaluar.jpg,sin_evaluar,1,0.9958422183990479
1790374632569,1790374632569__sin_evaluar.jpg,sin_evaluar,1,0.9961158633232117
1790374632695,1790374632695__sin_evaluar.jpg,sin_evaluar,1,0.9955083131790161
1790374632875,1790374632875__sin_evaluar.jpg,sin_evaluar,1,0.9957056641578674
1790374633380,1790374633380__dedo_pulgar_0.88.jpg,dedo_pulgar_0.88,1,0.9940133094787598
1790374633381,1790374633381__sin_evaluar.jpg,sin_evaluar,1,0.995773196220398
1790374633441,1790374633441__sin_evaluar.jpg,sin_evaluar,1,0.9949316382408142
1790374633559,1790374633559__sin_evaluar.jpg,sin_evaluar,1,0.9951320886611938
1790374633705,1790374633705__sin_evaluar.jpg,sin_evaluar,1,0.9959161877632141
1790374633853,1790374633853__sin_evaluar.jpg,sin_evaluar,1,0.9946594834327698
1790374633985,1790374633985__sin_evaluar.jpg,sin_evaluar,1,0.9956996440887451
1790374634133,1790374634133__sin_evaluar.jpg,sin_evaluar,1,0.9953544735908508
1790374634331,1790374634331__sin_evaluar.jpg,sin_evaluar,1,0.9949947595596313
1790374634407,1790374634407__sin_evaluar.jpg,sin_evaluar,1,0.9960042834281921
1790374634573,1790374634573__sin_evaluar.jpg,sin_evaluar,1,0.9952477216720581
1790374634710,1790374634710__sin_evaluar.jpg,sin_evaluar,1,0.9927380084991455
1790374634893,1790374634893__sin_evaluar.jpg,sin_evaluar,1,0.9949350357055664
1790374634974,1790374634974__sin_evaluar.jpg,sin_evaluar,1,0.9945530891418457
1790374635197,1790374635197__sin_evaluar.jpg,sin_evaluar,1,0.9951063990592957
1790374635295,1790374635295__sin_evaluar.jpg,sin_evaluar,1,0.9958524703979492
1790374635424,1790374635424__sin_evaluar.jpg,sin_evaluar,1,0.9952613115310669
1790374635580,1790374635580__sin_evaluar.jpg,sin_evaluar,1,0.9963017702102661
1790374635715,1790374635715__sin_evaluar.jpg,sin_evaluar,1,0.9968088269233704
1790374635868,1790374635868__sin_evaluar.jpg,sin_evaluar,1,0.9952184557914734
1790374635983,1790374635983__sin_evaluar.jpg,sin_evaluar,1,0.9958391189575195
1790374636129,1790374636129__sin_evaluar.jpg,sin_evaluar,1,0.9962210655212402
1790374636301,1790374636301__sin_evaluar.jpg,sin_evaluar,1,0.9974559545516968
1790374636446,1790374636446__sin_evaluar.jpg,sin_evaluar,1,0.9969194531440735
1790374636561,1790374636561__sin_evaluar.jpg,sin_evaluar,1,0.9956364631652832
1790374636733,1790374636733__sin_evaluar.jpg,sin_evaluar,1,0.9956458210945129
1790374636863,1790374636863__sin_evaluar.jpg,sin_evaluar,1,0.9959648847579956
1790374636994,1790374636994__sin_evaluar.jpg,sin_evaluar,1,0.9960991144180298
1790374637133,1790374637133__sin_evaluar.jpg,sin_evaluar,1,0.9962016344070435
1790374637280,1790374637280__sin_evaluar.jpg,sin_evaluar,1,0.9948066473007202
1790374637413,1790374637413__sin_evaluar.jpg,sin_evaluar,1,0.9954870343208313
1790374637578,1790374637578__sin_evaluar.jpg,sin_evaluar,1,0.9950500726699829
1790374637730,1790374637730__sin_evaluar.jpg,sin_evaluar,1,0.9945023655891418
1790374637854,1790374637854__sin_evaluar.jpg,sin_evaluar,1,0.9951367378234863
1790374638000,1790374638000__sin_evaluar.jpg,sin_evaluar,1,0.9963486790657043
1790374638541,1790374638541__dedo_pulgar_0.88.jpg,dedo_pulgar_0.88,1,0.9949294328689575
1790374638542,1790374638542__sin_evaluar.jpg,sin_evaluar,1,0.9956642389297485
1790374638572,1790374638572__sin_evaluar.jpg,sin_evaluar,1,0.9963177442550659
1790374638716,1790374638716__sin_evaluar.jpg,sin_evaluar,1,0.9957321882247925
1790374638854,1790374638854__sin_evaluar.jpg,sin_evaluar,0,
1790374639000,1790374639000__sin_evaluar.jpg,sin_evaluar,0,
1790374639155,1790374639155__sin_evaluar.jpg,sin_evaluar,0,
1790374639302,1790374639302__sin_evaluar.jpg,sin_evaluar,0,
1790374639616,1790374639616__sin_evaluar.jpg,sin_evaluar,0,
1790374639622,1790374639622__sin_evaluar.jpg,sin_evaluar,0,
1790374639718,1790374639718__sin_evaluar.jpg,sin_evaluar,0,
1790374639923,1790374639923__sin_evaluar.jpg,sin_evaluar,0,
1790374640002,1790374640002__sin_evaluar.jpg,sin_evaluar,0,
1790374640160,1790374640160__sin_evaluar.jpg,sin_evaluar,0,
1790374640299,1790374640299__sin_evaluar.jpg,sin_evaluar,0,
1790374640429,1790374640429__sin_evaluar.jpg,sin_evaluar,0,
1790374640575,1790374640575__sin_evaluar.jpg,sin_evaluar,0,
1790374640711,1790374640711__sin_evaluar.jpg,sin_evaluar,0,
1790374640846,1790374640846__sin_evaluar.jpg,sin_evaluar,0,
1790374641017,1790374641017__sin_evaluar.jpg,sin_evaluar,0,
1790374641168,1790374641168__sin_evaluar.jpg,sin_evaluar,0,
1790374641355,1790374641355__sin_evaluar.jpg,sin_evaluar,0,
1790374641429,1790374641429__sin_evaluar.jpg,sin_evaluar,0,
1790374641560,1790374641560__sin_evaluar.jpg,sin_evaluar,0,
1790374641705,1790374641705__sin_evaluar.jpg,sin_evaluar,1,0.9955915212631226
1790374641889,1790374641889__sin_evaluar.jpg,sin_evaluar,1,0.9792003631591797
1790374642015,1790374642015__sin_evaluar.jpg,sin_evaluar,1,0.9624494314193726
1790374642161,1790374642161__sin_evaluar.jpg,sin_evaluar,1,0.9964092969894409
1790374642317,1790374642317__sin_evaluar.jpg,sin_evaluar,1,0.9975899457931519
1790374642433,1790374642433__sin_evaluar.jpg,sin_evaluar,1,0.9976956248283386
1790374642574,1790374642574__sin_evaluar.jpg,sin_evaluar,1,0.9977992177009583
1790374642721,1790374642721__sin_evaluar.jpg,sin_evaluar,1,0.997343897819519
1790374642904,1790374642904__sin_evaluar.jpg,sin_evaluar,1,0.9818918108940125
1790374643022,1790374643022__sin_evaluar.jpg,sin_evaluar,1,0.9898511171340942
1790374643155,1790374643155__sin_evaluar.jpg,sin_evaluar,1,0.989958643913269
1790374643681,1790374643681__dedo_pulgar_0.65.jpg,dedo_pulgar_0.65,1,0.9970487356185913
1790374643682,1790374643682__sin_evaluar.jpg,sin_evaluar,1,0.9984731078147888
1790374643726,1790374643726__sin_evaluar.jpg,sin_evaluar,1,0.9946610927581787
1790374643860,1790374643860__sin_evaluar.jpg,sin_evaluar,0,
1790374644009,1790374644009__sin_evaluar.jpg,sin_evaluar,1,0.9978245496749878
1790374644146,1790374644146__sin_evaluar.jpg,sin_evaluar,1,0.9939162135124207
1790374644304,1790374644304__sin_evaluar.jpg,sin_evaluar,1,0.996192455291748
1790374644430,1790374644430__sin_evaluar.jpg,sin_evaluar,1,0.9979713559150696
1790374644567,1790374644567__sin_evaluar.jpg,sin_evaluar,1,0.9977090358734131
1790374644716,1790374644716__sin_evaluar.jpg,sin_evaluar,1,0.9992639422416687
1790374644874,1790374644874__sin_evaluar.jpg,sin_evaluar,1,0.9988607168197632
1790374644990,1790374644990__sin_evaluar.jpg,sin_evaluar,1,0.9973779320716858
1790374645162,1790374645162__sin_evaluar.jpg,sin_evaluar,1,0.9961362481117249
1790374645321,1790374645321__sin_evaluar.jpg,sin_evaluar,1,0.9982491135597229
1790374645442,1790374645442__sin_evaluar.jpg,sin_evaluar,1,0.9983232617378235
1790374645601,1790374645601__sin_evaluar.jpg,sin_evaluar,1,0.9983841776847839
1790374645709,1790374645709__sin_evaluar.jpg,sin_evaluar,1,0.998633861541748
1790374645873,1790374645873__sin_evaluar.jpg,sin_evaluar,1,0.9983753561973572
1790374646000,1790374646000__sin_evaluar.jpg,sin_evaluar,1,0.997587263584137
1790374646160,1790374646160__sin_evaluar.jpg,sin_evaluar,1,0.9985518455505371
1790374646298,1790374646298__sin_evaluar.jpg,sin_evaluar,1,0.9980208277702332
1790374646429,1790374646429__sin_evaluar.jpg,sin_evaluar,1,0.9988778829574585
1790374646595,1790374646595__sin_evaluar.jpg,sin_evaluar,1,0.9992305636405945
1790374646709,1790374646709__sin_evaluar.jpg,sin_evaluar,1,0.9983922243118286
1790374646881,1790374646881__sin_evaluar.jpg,sin_evaluar,1,0.9986803531646729
1790374647000,1790374647000__sin_evaluar.jpg,sin_evaluar,1,0.9985629320144653
1790374647162,1790374647162__sin_evaluar.jpg,sin_evaluar,1,0.9990363717079163
1790374647289,1790374647289__sin_evaluar.jpg,sin_evaluar,1,0.9979891777038574
1790374647422,1790374647422__sin_evaluar.jpg,sin_evaluar,1,0.9982686042785645
1790374647589,1790374647589__sin_evaluar.jpg,sin_evaluar,1,0.9989800453186035
1790374647749,1790374647749__sin_evaluar.jpg,sin_evaluar,1,0.9989466071128845
1790374647879,1790374647879__sin_evaluar.jpg,sin_evaluar,1,0.99894779920578
1790374647986,1790374647986__sin_evaluar.jpg,sin_evaluar,1,0.999294638633728
1790374648163,1790374648163__sin_evaluar.jpg,sin_evaluar,1,0.9986977577209473
1790374648308,1790374648308__sin_evaluar.jpg,sin_evaluar,1,0.9988123774528503
1790374648811,1790374648811__dedo_pulgar_0.73.jpg,dedo_pulgar_0.73,1,0.9992116093635559
1790374648811,1790374648811__sin_evaluar.jpg,sin_evaluar,1,0.9993909597396851
1790374648812,1790374648812__sin_evaluar.jpg,sin_evaluar,1,0.998809278011322
1790374648865,1790374648865__sin_evaluar.jpg,sin_evaluar,1,0.9985224008560181
1790374649041,1790374649041__sin_evaluar.jpg,sin_evaluar,1,0.9984086751937866
1790374649149,1790374649149__sin_evaluar.jpg,sin_evaluar,1,0.996806263923645
1790374649270,1790374649270__sin_evaluar.jpg,sin_evaluar,1,0.9990642070770264
1790374649441,1790374649441__sin_evaluar.jpg,sin_evaluar,1,0.9989928603172302
1790374649654,1790374649654__sin_evaluar.jpg,sin_evaluar,1,0.9953060150146484
1790374649769,1790374649769__sin_evaluar.jpg,sin_evaluar,1,0.9993922114372253
1790374649851,1790374649851__sin_evaluar.jpg,sin_evaluar,1,0.9992794990539551
1790374650069,1790374650069__sin_evaluar.jpg,sin_evaluar,1,0.998751163482666
1790374650149,1790374650149__sin_evaluar.jpg,sin_evaluar,1,0.998634397983551
1790374650293,1790374650293__sin_evaluar.jpg,sin_evaluar,1,0.9985327124595642
1790374650454,1790374650454__sin_evaluar.jpg,sin_evaluar,1,0.9986310601234436
1790374650582,1790374650582__sin_evaluar.jpg,sin_evaluar,1,0.9993152022361755
1790374650735,1790374650735__sin_evaluar.jpg,sin_evaluar,1,0.9989217519760132
1790374650875,1790374650875__sin_evaluar.jpg,sin_evaluar,1,0.9994387030601501
1790374651014,1790374651014__sin_evaluar.jpg,sin_evaluar,1,0.9988330006599426
1790374651154,1790374651154__sin_evaluar.jpg,sin_evaluar,1,0.999275803565979
1790374651322,1790374651322__sin_evaluar.jpg,sin_evaluar,1,0.9989140629768372
1790374651441,1790374651441__sin_evaluar.jpg,sin_evaluar,1,0.9989011883735657
1790374651601,1790374651601__sin_evaluar.jpg,sin_evaluar,1,0.9979294538497925
1790374651736,1790374651736__sin_evaluar.jpg,sin_evaluar,1,0.9988614320755005
1790374651862,1790374651862__sin_evaluar.jpg,sin_evaluar,1,0.9991498589515686
1790374652025,1790374652025__sin_evaluar.jpg,sin_evaluar,1,0.9985927939414978
1790374652168,1790374652168__sin_evaluar.jpg,sin_evaluar,1,0.9980339407920837
1790374652320,1790374652320__sin_evaluar.jpg,sin_evaluar,1,0.9979611039161682
1790374652443,1790374652443__sin_evaluar.jpg,sin_evaluar,1,0.998302161693573
1790374652594,1790374652594__sin_evaluar.jpg,sin_evaluar,1,0.998665452003479
1790374652740,1790374652740__sin_evaluar.jpg,sin_evaluar,1,0.9990362524986267
1790374652869,1790374652869__sin_evaluar.jpg,sin_evaluar,1,0.998886227607727
1790374653001,1790374653001__sin_evaluar.jpg,sin_evaluar,1,0.9992830157279968
1790374653161,1790374653161__sin_evaluar.jpg,sin_evaluar,1,0.9993151426315308
1790374653294,1790374653294__sin_evaluar.jpg,sin_evaluar,1,0.9984800815582275
1790374653433,1790374653433__sin_evaluar.jpg,sin_evaluar,1,0.9947675466537476
1790374653966,1790374653966__dedo_pulgar_0.74.jpg,dedo_pulgar_0.74,1,0.998258650302887
1790374653966,1790374653966__sin_evaluar.jpg,sin_evaluar,1,0.9981975555419922
1790374653967,1790374653967__sin_evaluar.jpg,sin_evaluar,1,0.9974761009216309
1790374654022,1790374654022__sin_evaluar.jpg,sin_evaluar,1,0.9959747791290283
1790374654188,1790374654188__sin_evaluar.jpg,sin_evaluar,1,0.9987239837646484
1790374654288,1790374654288__sin_evaluar.jpg,sin_evaluar,1,0.9989290237426758
1790374654438,1790374654438__sin_evaluar.jpg,sin_evaluar,1,0.999067485332489
1790374654594,1790374654594__sin_evaluar.jpg,sin_evaluar,1,0.9977863430976868
1790374654762,1790374654762__sin_evaluar.jpg,sin_evaluar,1,0.9988684058189392
1790374654881,1790374654881__sin_evaluar.jpg,sin_evaluar,1,0.9990045428276062
1790374655025,1790374655025__sin_evaluar.jpg,sin_evaluar,1,0.9978362321853638
1790374655177,1790374655177__sin_evaluar.jpg,sin_evaluar,1,0.9903731346130371
1790374655331,1790374655331__sin_evaluar.jpg,sin_evaluar,1,0.9976771473884583
1790374655461,1790374655461__sin_evaluar.jpg,sin_evaluar,1,0.997943103313446
1790374655591,1790374655591__sin_evaluar.jpg,sin_evaluar,1,0.998042106628418
1790374655757,1790374655757__sin_evaluar.jpg,sin_evaluar,1,0.998860776424408
1790374655869,1790374655869__sin_evaluar.jpg,sin_evaluar,1,0.999026894569397
1790374656035,1790374656035__sin_evaluar.jpg,sin_evaluar,1,0.9993079304695129
1790374656173,1790374656173__sin_evaluar.jpg,sin_evaluar,1,0.9991194009780884
1790374656303,1790374656303__sin_evaluar.jpg,sin_evaluar,1,0.9989524483680725
1790374656430,1790374656430__sin_evaluar.jpg,sin_evaluar,1,0.9984729290008545
1790374656618,1790374656618__sin_evaluar.jpg,sin_evaluar,1,0.9987048506736755
1790374656734,1790374656734__sin_evaluar.jpg,sin_evaluar,1,0.9984607696533203
1790374656871,1790374656871__sin_evaluar.jpg,sin_evaluar,1,0.9988196492195129
1790374657014,1790374657014__sin_evaluar.jpg,sin_evaluar,1,0.9988039135932922
1790374657174,1790374657174__sin_evaluar.jpg,sin_evaluar,1,0.9981454014778137
1790374657297,1790374657297__sin_evaluar.jpg,sin_evaluar,1,0.9984198212623596
1790374657448,1790374657448__sin_evaluar.jpg,sin_evaluar,1,0.9986786246299744
1790374657596,1790374657596__sin_evaluar.jpg,sin_evaluar,1,0.9973855018615723
1790374657732,1790374657732__sin_evaluar.jpg,sin_evaluar,1,0.9980108141899109
1790374657874,1790374657874__sin_evaluar.jpg,sin_evaluar,1,0.9984450936317444
1790374658020,1790374658020__sin_evaluar.jpg,sin_evaluar,1,0.998903751373291
1790374658182,1790374658182__sin_evaluar.jpg,sin_evaluar,1,0.9987227320671082
1790374658315,1790374658315__sin_evaluar.jpg,sin_evaluar,1,0.9986690282821655
1790374658464,1790374658464__sin_evaluar.jpg,sin_evaluar,1,0.9986473917961121
1790374658593,1790374658593__sin_evaluar.jpg,sin_evaluar,1,0.9991145730018616
1790374659130,1790374659130__sin_evaluar.jpg,sin_evaluar,1,0.9991906881332397
1790374659130,1790374659130__dedo_pulgar_0.79.jpg,dedo_pulgar_0.79,1,0.9991195201873779
1790374659131,1790374659131__sin_evaluar.jpg,sin_evaluar,1,0.9993248581886292
1790374659173,1790374659173__sin_evaluar.jpg,sin_evaluar,1,0.9994420409202576
1790374659309,1790374659309__sin_evaluar.jpg,sin_evaluar,1,0.9994992613792419
1790374659438,1790374659438__sin_evaluar.jpg,sin_evaluar,1,0.9986872673034668
1790374659589,1790374659589__sin_evaluar.jpg,sin_evaluar,1,0.9993337988853455
1790374659785,1790374659785__sin_evaluar.jpg,sin_evaluar,1,0.9995057582855225
1790374659901,1790374659901__sin_evaluar.jpg,sin_evaluar,1,0.9988312721252441
1790374660021,1790374660021__sin_evaluar.jpg,sin_evaluar,1,0.9995142817497253
1790374660201,1790374660201__sin_evaluar.jpg,sin_evaluar,1,0.999391496181488
1790374660310,1790374660310__sin_evaluar.jpg,sin_evaluar,1,0.9988800883293152
1790374660505,1790374660505__sin_evaluar.jpg,sin_evaluar,1,0.9987075328826904
1790374660588,1790374660588__sin_evaluar.jpg,sin_evaluar,1,0.9984778761863708
1790374660737,1790374660737__sin_evaluar.jpg,sin_evaluar,1,0.9987691044807434
1790374660877,1790374660877__sin_evaluar.jpg,sin_evaluar,1,0.9992808699607849
1790374661053,1790374661053__sin_evaluar.jpg,sin_evaluar,1,0.998917281627655
1790374661177,1790374661177__sin_evaluar.jpg,sin_evaluar,1,0.9988143444061279
1790374661305,1790374661305__sin_evaluar.jpg,sin_evaluar,1,0.9992169141769409
1790374661462,1790374661462__sin_evaluar.jpg,sin_evaluar,1,0.9986588358879089
1790374661582,1790374661582__sin_evaluar.jpg,sin_evaluar,1,0.9985343813896179
1790374661733,1790374661733__sin_evaluar.jpg,sin_evaluar,1,0.9991029500961304
1790374661890,1790374661890__sin_evaluar.jpg,sin_evaluar,1,0.9994335174560547
1790374662030,1790374662030__sin_evaluar.jpg,sin_evaluar,1,0.9995691180229187
1790374662155,1790374662155__sin_evaluar.jpg,sin_evaluar,1,0.9994224309921265
1790374662328,1790374662328__sin_evaluar.jpg,sin_evaluar,1,0.9990383386611938
1790374662450,1790374662450__sin_evaluar.jpg,sin_evaluar,1,0.9992925524711609
1790374662581,1790374662581__sin_evaluar.jpg,sin_evaluar,1,0.999526858329773
1790374662742,1790374662742__sin_evaluar.jpg,sin_evaluar,1,0.9995693564414978
1790374662901,1790374662901__sin_evaluar.jpg,sin_evaluar,1,0.9992080330848694
1790374663134,1790374663134__sin_evaluar.jpg,sin_evaluar,1,0.9995073676109314
1790374663157,1790374663157__sin_evaluar.jpg,sin_evaluar,1,0.9992770552635193
1790374663333,1790374663333__sin_evaluar.jpg,sin_evaluar,1,0.999333381652832
1790374663466,1790374663466__sin_evaluar.jpg,sin_evaluar,1,0.9991276860237122
1790374663630,1790374663630__sin_evaluar.jpg,sin_evaluar,1,0.9993187785148621
1790374663759,1790374663759__sin_evaluar.jpg,sin_evaluar,1,0.9992117285728455
1790374664264,1790374664264__sin_gesto.jpg,sin_gesto,1,0.9992159008979797
1790374664265,1790374664265__sin_evaluar.jpg,sin_evaluar,1,0.9983173608779907
1790374664322,1790374664322__sin_evaluar.jpg,sin_evaluar,1,0.9990929961204529
1790374664459,1790374664459__sin_evaluar.jpg,sin_evaluar,1,0.9986541867256165
1790374664599,1790374664599__sin_evaluar.jpg,sin_evaluar,1,0.9985520243644714
1790374664735,1790374664735__sin_evaluar.jpg,sin_evaluar,1,0.9991961121559143
1790374664881,1790374664881__sin_evaluar.jpg,sin_evaluar,1,0.9990792274475098
1790374665027,1790374665027__sin_evaluar.jpg,sin_evaluar,1,0.9992087483406067
1790374665183,1790374665183__sin_evaluar.jpg,sin_evaluar,1,0.9986327290534973
1790374665321,1790374665321__sin_evaluar.jpg,sin_evaluar,1,0.9987764358520508
1790374665469,1790374665469__sin_evaluar.jpg,sin_evaluar,1,0.9992280602455139
1790374665624,1790374665624__sin_evaluar.jpg,sin_evaluar,1,0.9995242953300476
1790374665734,1790374665734__sin_evaluar.jpg,sin_evaluar,1,0.9992990493774414
1790374665905,1790374665905__sin_evaluar.jpg,sin_evaluar,1,0.9975937604904175
1790374666038,1790374666038__sin_evaluar.jpg,sin_evaluar,1,0.9989860653877258
1790374666173,1790374666173__sin_evaluar.jpg,sin_evaluar,1,0.9990357160568237
1790374666316,1790374666316__sin_evaluar.jpg,sin_evaluar,1,0.9988627433776855
1790374666469,1790374666469__sin_evaluar.jpg,sin_evaluar,0,
1790374666623,1790374666623__sin_evaluar.jpg,sin_evaluar,0,
1790374666736,1790374666736__sin_evaluar.jpg,sin_evaluar,0,
1790374666887,1790374666887__sin_evaluar.jpg,sin_evaluar,0,
1790374667044,1790374667044__sin_evaluar.jpg,sin_evaluar,0,
1790374667158,1790374667158__sin_evaluar.jpg,sin_evaluar,0,
1790374667315,1790374667315__sin_evaluar.jpg,sin_evaluar,0,
1790374667469,1790374667469__sin_evaluar.jpg,sin_evaluar,0,
1790374667606,1790374667606__sin_evaluar.jpg,sin_evaluar,0,
1790374667764,1790374667764__sin_evaluar.jpg,sin_evaluar,0,
1790374667895,1790374667895__sin_evaluar.jpg,sin_evaluar,0,
1790374668046,1790374668046__sin_evaluar.jpg,sin_evaluar,0,
1790374668177,1790374668177__sin_evaluar.jpg,sin_evaluar,0,
1790374668321,1790374668321__sin_evaluar.jpg,sin_evaluar,0,
1790374668487,1790374668487__sin_evaluar.jpg,sin_evaluar,0,
1790374668622,1790374668622__sin_evaluar.jpg,sin_evaluar,0,
1790374668739,1790374668739__sin_evaluar.jpg,sin_evaluar,0,
1790374669272,1790374669272__dedo_pulgar_0.64.jpg,dedo_pulgar_0.64,0,
1790374669273,1790374669273__sin_evaluar.jpg,sin_evaluar,0,
1790374669322,1790374669322__sin_evaluar.jpg,sin_evaluar,0,
1790374669468,1790374669468__sin_evaluar.jpg,sin_evaluar,0,
1790374669598,1790374669598__sin_evaluar.jpg,sin_evaluar,0,
1790374669760,1790374669760__sin_evaluar.jpg,sin_evaluar,0,
1790374669876,1790374669876__sin_evaluar.jpg,sin_evaluar,0,
1790374670063,1790374670063__sin_evaluar.jpg,sin_evaluar,0,
1790374670232,1790374670232__sin_evaluar.jpg,sin_evaluar,0,
1790374670332,1790374670332__sin_evaluar.jpg,sin_evaluar,0,
1790374670471,1790374670471__sin_evaluar.jpg,sin_evaluar,0,
1790374670660,1790374670660__sin_evaluar.jpg,sin_evaluar,0,
1790374670755,1790374670755__sin_evaluar.jpg,sin_evaluar,0,
1790374670938,1790374670938__sin_evaluar.jpg,sin_evaluar,0,
1790374671043,1790374671043__sin_evaluar.jpg,sin_evaluar,0,
1790374671173,1790374671173__sin_evaluar.jpg,sin_evaluar,0,
1790374671328,1790374671328__sin_evaluar.jpg,sin_evaluar,0,
1790374671478,1790374671478__sin_evaluar.jpg,sin_evaluar,0,
1790374671618,1790374671618__sin_evaluar.jpg,sin_evaluar,0,
1790374671763,1790374671763__sin_evaluar.jpg,sin_evaluar,0,
1790374671916,1790374671916__sin_evaluar.jpg,sin_evaluar,0,
1790374672044,1790374672044__sin_evaluar.jpg,sin_evaluar,0,
1790374672178,1790374672178__sin_evaluar.jpg,sin_evaluar,0,
1790374672319,1790374672319__sin_evaluar.jpg,sin_evaluar,0,
1790374672483,1790374672483__sin_evaluar.jpg,sin_evaluar,0,
1790374672599,1790374672599__sin_evaluar.jpg,sin_evaluar,0,
1790374672779,1790374672779__sin_evaluar.jpg,sin_evaluar,0,
1790374672885,1790374672885__sin_evaluar.jpg,sin_evaluar,0,
1790374673028,1790374673028__sin_evaluar.jpg,sin_evaluar,0,
1790374673182,1790374673182__sin_evaluar.jpg,sin_evaluar,0,
1790374673333,1790374673333__sin_evaluar.jpg,sin_evaluar,0,
1790374673459,1790374673459__sin_evaluar.jpg,sin_evaluar,1,0.9981511235237122
1790374673606,1790374673606__sin_evaluar.jpg,sin_evaluar,1,0.9910106658935547
1790374673744,1790374673744__sin_evaluar.jpg,sin_evaluar,1,0.987215518951416
1790374673896,1790374673896__sin_evaluar.jpg,sin_evaluar,1,0.9940165281295776
1790374674407,1790374674407__dedo_menique_0.78.jpg,dedo_menique_0.78,1,0.9908000230789185
1790374674407,1790374674407__sin_evaluar.jpg,sin_evaluar,1,0.9873595833778381
1790374674408,1790374674408__sin_evaluar.jpg,sin_evaluar,1,0.9865573644638062
1790374674468,1790374674468__sin_evaluar.jpg,sin_evaluar,1,0.9943159818649292
1790374674608,1790374674608__sin_evaluar.jpg,sin_evaluar,1,0.9946526288986206
1790374674769,1790374674769__sin_evaluar.jpg,sin_evaluar,1,0.9958485960960388
1790374674896,1790374674896__sin_evaluar.jpg,sin_evaluar,1,0.994843602180481
1790374675042,1790374675042__sin_evaluar.jpg,sin_evaluar,1,0.9949867129325867
1790374675182,1790374675182__sin_evaluar.jpg,sin_evaluar,1,0.9937804341316223
1790374675350,1790374675350__sin_evaluar.jpg,sin_evaluar,1,0.9938604831695557
1790374675463,1790374675463__sin_evaluar.jpg,sin_evaluar,1,0.9952848553657532
1790374675604,1790374675604__sin_evaluar.jpg,sin_evaluar,1,0.9937149882316589
1790374675754,1790374675754__sin_evaluar.jpg,sin_evaluar,1,0.9932429194450378
1790374675896,1790374675896__sin_evaluar.jpg,sin_evaluar,1,0.9933006763458252
1790374676047,1790374676047__sin_evaluar.jpg,sin_evaluar,1,0.9960816502571106
1790374676186,1790374676186__sin_evaluar.jpg,sin_evaluar,1,0.9967910051345825
1790374676320,1790374676320__sin_evaluar.jpg,sin_evaluar,1,0.9961645007133484
1790374676470,1790374676470__sin_evaluar.jpg,sin_evaluar,1,0.9982151985168457
1790374676615,1790374676615__sin_evaluar.jpg,sin_evaluar,1,0.9983140826225281
1790374676784,1790374676784__sin_evaluar.jpg,sin_evaluar,1,0.9983923435211182
1790374676904,1790374676904__sin_evaluar.jpg,sin_evaluar,1,0.9978812336921692
1790374677052,1790374677052__sin_evaluar.jpg,sin_evaluar,1,0.9975260496139526
1790374677204,1790374677204__sin_evaluar.jpg,sin_evaluar,1,0.9964328408241272
1790374677336,1790374677336__sin_evaluar.jpg,sin_evaluar,1,0.9972135424613953
1790374677486,1790374677486__sin_evaluar.jpg,sin_evaluar,1,0.9966728687286377
1790374677651,1790374677651__sin_evaluar.jpg,sin_evaluar,1,0.9969801902770996
1790374677765,1790374677765__sin_evaluar.jpg,sin_evaluar,1,0.9966623187065125
1790374677898,1790374677898__sin_evaluar.jpg,sin_evaluar,1,0.9959911108016968
1790374678033,1790374678033__sin_evaluar.jpg,sin_evaluar,1,0.9964208006858826
1790374678180,1790374678180__sin_evaluar.jpg,sin_evaluar,1,0.9964483976364136
1790374678329,1790374678329__sin_evaluar.jpg,sin_evaluar,1,0.9966647624969482
1790374678495,1790374678495__sin_evaluar.jpg,sin_evaluar,1,0.9977540373802185
1790374678612,1790374678612__sin_evaluar.jpg,sin_evaluar,1,0.9961618185043335
1790374678766,1790374678766__sin_evaluar.jpg,sin_evaluar,1,0.9959042072296143
1790374678889,1790374678889__sin_evaluar.jpg,sin_evaluar,1,0.9968319535255432
1790374679403,1790374679403__dedo_menique_0.82.jpg,dedo_menique_0.82,1,0.9982892870903015
1790374679404,1790374679404__sin_evaluar.jpg,sin_evaluar,1,0.9979869723320007
1790374679471,1790374679471__sin_evaluar.jpg,sin_evaluar,1,0.9969265460968018
1790374679605,1790374679605__sin_evaluar.jpg,sin_evaluar,1,0.9970262050628662
1790374679744,1790374679744__sin_evaluar.jpg,sin_evaluar,1,0.9982872605323792
1790374679894,1790374679894__sin_evaluar.jpg,sin_evaluar,1,0.9969371557235718
1790374680042,1790374680042__sin_evaluar.jpg,sin_evaluar,1,0.997873842716217
1790374680195,1790374680195__sin_evaluar.jpg,sin_evaluar,1,0.9982330799102783
1790374680413,1790374680413__sin_evaluar.jpg,sin_evaluar,1,0.9977150559425354
1790374680473,1790374680473__sin_evaluar.jpg,sin_evaluar,1,0.9988685846328735
1790374680624,1790374680624__sin_evaluar.jpg,sin_evaluar,1,0.999328076839447
1790374680764,1790374680764__sin_evaluar.jpg,sin_evaluar,1,0.9987116456031799
1790374680897,1790374680897__sin_evaluar.jpg,sin_evaluar,1,0.9988542795181274
1790374681082,1790374681082__sin_evaluar.jpg,sin_evaluar,1,0.9991855025291443
1790374681200,1790374681200__sin_evaluar.jpg,sin_evaluar,1,0.9985169172286987
1790374681334,1790374681334__sin_evaluar.jpg,sin_evaluar,1,0.9986494183540344
1790374681463,1790374681463__sin_evaluar.jpg,sin_evaluar,1,0.9986377358436584
1790374681637,1790374681637__sin_evaluar.jpg,sin_evaluar,1,0.996326208114624
1790374681749,1790374681749__sin_evaluar.jpg,sin_evaluar,1,0.9973803162574768
1790374681924,1790374681924__sin_evaluar.jpg,sin_evaluar,1,0.997675895690918
1790374682052,1790374682052__sin_evaluar.jpg,sin_evaluar,1,0.9982911944389343
1790374682198,1790374682198__sin_evaluar.jpg,sin_evaluar,1,0.996988832950592
1790374682354,1790374682354__sin_evaluar.jpg,sin_evaluar,1,0.9969065189361572
1790374682473,1790374682473__sin_evaluar.jpg,sin_evaluar,1,0.9972943663597107
1790374682614,1790374682614__sin_evaluar.jpg,sin_evaluar,1,0.9973266124725342
1790374682757,1790374682757__sin_evaluar.jpg,sin_evaluar,1,0.9984886646270752
1790374682895,1790374682895__sin_evaluar.jpg,sin_evaluar,1,0.9987272024154663
1790374683099,1790374683099__sin_evaluar.jpg,sin_evaluar,1,0.9988638162612915
1790374683180,1790374683180__sin_evaluar.jpg,sin_evaluar,1,0.9989109635353088
1790374683345,1790374683345__sin_evaluar.jpg,sin_evaluar,1,0.9990371465682983
1790374683464,1790374683464__sin_evaluar.jpg,sin_evaluar,1,0.9990442991256714
1790374683624,1790374683624__sin_evaluar.jpg,sin_evaluar,1,0.9990390539169312
1790374683759,1790374683759__sin_evaluar.jpg,sin_evaluar,1,0.9983313679695129
1790374683905,1790374683905__sin_evaluar.jpg,sin_evaluar,1,0.999083399772644
1790374684432,1790374684432__dedo_pulgar_0.83.jpg,dedo_pulgar_0.83,1,0.998002290725708
1790374684433,1790374684433__sin_evaluar.jpg,sin_evaluar,1,0.9976445436477661
1790374684462,1790374684462__sin_evaluar.jpg,sin_evaluar,1,0.99851393699646
1790374684647,1790374684647__sin_evaluar.jpg,sin_evaluar,1,0.9984102845191956
1790374684744,1790374684744__sin_evaluar.jpg,sin_evaluar,1,0.998221218585968
1790374684922,1790374684922__sin_evaluar.jpg,sin_evaluar,1,0.9980273246765137
1790374685071,1790374685071__sin_evaluar.jpg,sin_evaluar,1,0.9983697533607483
1790374685203,1790374685203__sin_evaluar.jpg,sin_evaluar,1,0.9981201887130737
1790374685344,1790374685344__sin_evaluar.jpg,sin_evaluar,1,0.9987958669662476
1790374685485,1790374685485__sin_evaluar.jpg,sin_evaluar,1,0.9980524778366089
1790374685616,1790374685616__sin_evaluar.jpg,sin_evaluar,1,0.9986680746078491
1790374685765,1790374685765__sin_evaluar.jpg,sin_evaluar,1,0.9985788464546204
1790374685922,1790374685922__sin_evaluar.jpg,sin_evaluar,1,0.9988420605659485
1790374686057,1790374686057__sin_evaluar.jpg,sin_evaluar,1,0.9983698725700378
1790374686179,1790374686179__sin_evaluar.jpg,sin_evaluar,1,0.9987505674362183
1790374686343,1790374686343__sin_evaluar.jpg,sin_evaluar,1,0.9989069700241089
1790374686465,1790374686465__sin_evaluar.jpg,sin_evaluar,1,0.998064398765564
1790374686622,1790374686622__sin_evaluar.jpg,sin_evaluar,1,0.9985193014144897
1790374686804,1790374686804__sin_evaluar.jpg,sin_evaluar,1,0.9983987212181091
1790374686892,1790374686892__sin_evaluar.jpg,sin_evaluar,1,0.9978548884391785
1790374687064,1790374687064__sin_evaluar.jpg,sin_evaluar,1,0.9970858097076416
1790374687214,1790374687214__sin_evaluar.jpg,sin_evaluar,1,0.9982076287269592
1790374687355,1790374687355__sin_evaluar.jpg,sin_evaluar,1,0.9971913695335388
1790374687496,1790374687496__sin_evaluar.jpg,sin_evaluar,1,0.9943852424621582
1790374687623,1790374687623__sin_evaluar.jpg,sin_evaluar,1,0.9965898394584656
1790374687776,1790374687776__sin_evaluar.jpg,sin_evaluar,1,0.996685266494751
1790374687899,1790374687899__sin_evaluar.jpg,sin_evaluar,1,0.9951965808868408
1790374688076,1790374688076__sin_evaluar.jpg,sin_evaluar,1,0.9966243505477905
1790374688176,1790374688176__sin_evaluar.jpg,sin_evaluar,1,0.995920717716217
1790374688346,1790374688346__sin_evaluar.jpg,sin_evaluar,1,0.997501015663147
1790374688484,1790374688484__sin_evaluar.jpg,sin_evaluar,1,0.9981237649917603
1790374688624,1790374688624__sin_evaluar.jpg,sin_evaluar,1,0.9987869262695312
1790374688759,1790374688759__sin_evaluar.jpg,sin_evaluar,1,0.9899810552597046
1790374688924,1790374688924__sin_evaluar.jpg,sin_evaluar,1,0.9952903985977173
1790374689040,1790374689040__sin_evaluar.jpg,sin_evaluar,1,0.9981529116630554
1790374689596,1790374689596__dedo_menique_0.84.jpg,dedo_menique_0.84,1,0.9983094334602356
1790374689597,1790374689597__sin_evaluar.jpg,sin_evaluar,1,0.9981592297554016
1790374689622,1790374689622__sin_evaluar.jpg,sin_evaluar,1,0.9985561966896057
1790374689762,1790374689762__sin_evaluar.jpg,sin_evaluar,1,0.9979918599128723
1790374689907,1790374689907__sin_evaluar.jpg,sin_evaluar,1,0.9975072741508484
1790374690055,1790374690055__sin_evaluar.jpg,sin_evaluar,1,0.9971485733985901
1790374690209,1790374690209__sin_evaluar.jpg,sin_evaluar,1,0.9980990886688232
1790374690324,1790374690324__sin_evaluar.jpg,sin_evaluar,1,0.9982550144195557
1790374690554,1790374690554__sin_evaluar.jpg,sin_evaluar,1,0.9969934821128845
1790374690718,1790374690718__sin_evaluar.jpg,sin_evaluar,1,0.9973621368408203
1790374690806,1790374690806__sin_evaluar.jpg,sin_evaluar,1,0.9974859952926636
1790374690923,1790374690923__sin_evaluar.jpg,sin_evaluar,1,0.9964005351066589
1790374691143,1790374691143__sin_evaluar.jpg,sin_evaluar,1,0.9964235424995422
1790374691220,1790374691220__sin_evaluar.jpg,sin_evaluar,1,0.997692346572876
1790374691323,1790374691323__sin_evaluar.jpg,sin_evaluar,1,0.9969841837882996
1790374691488,1790374691488__sin_evaluar.jpg,sin_evaluar,1,0.9973914623260498
1790374691623,1790374691623__sin_evaluar.jpg,sin_evaluar,1,0.9992433786392212
1790374691775,1790374691775__sin_evaluar.jpg,sin_evaluar,1,0.9976386427879333
1790374691923,1790374691923__sin_evaluar.jpg,sin_evaluar,1,0.9870006442070007
1790374692071,1790374692071__sin_evaluar.jpg,sin_evaluar,1,0.8461072444915771
1790374692199,1790374692199__sin_evaluar.jpg,sin_evaluar,1,0.7721338868141174
1790374692349,1790374692349__sin_evaluar.jpg,sin_evaluar,1,0.5839410424232483
1790374692482,1790374692482__sin_evaluar.jpg,sin_evaluar,1,0.950854480266571
1790374692644,1790374692644__sin_evaluar.jpg,sin_evaluar,1,0.860439121723175
1790374692784,1790374692784__sin_evaluar.jpg,sin_evaluar,1,0.8928443193435669
1790374692904,1790374692904__sin_evaluar.jpg,sin_evaluar,1,0.9058279991149902
1790374693059,1790374693059__sin_evaluar.jpg,sin_evaluar,1,0.872063159942627
1790374693199,1790374693199__sin_evaluar.jpg,sin_evaluar,1,0.948968768119812
1790374693344,1790374693344__sin_evaluar.jpg,sin_evaluar,1,0.8993018865585327
1790374693503,1790374693503__sin_evaluar.jpg,sin_evaluar,1,0.7770427465438843
1790374693652,1790374693652__sin_evaluar.jpg,sin_evaluar,1,0.9273740649223328
1790374693784,1790374693784__sin_evaluar.jpg,sin_evaluar,1,0.9206386804580688
1790374693906,1790374693906__sin_evaluar.jpg,sin_evaluar,1,0.7075450420379639
1790374694043,1790374694043__sin_evaluar.jpg,sin_evaluar,1,0.9414141774177551
1790374694219,1790374694219__sin_evaluar.jpg,sin_evaluar,1,0.7208807468414307
1790374694706,1790374694706__dedo_pulgar_0.82.jpg,dedo_pulgar_0.82,1,0.8445890545845032
1790374694707,1790374694707__sin_evaluar.jpg,sin_evaluar,1,0.9163684844970703
1790374694760,1790374694760__sin_evaluar.jpg,sin_evaluar,1,0.6324474811553955
1790374694909,1790374694909__sin_evaluar.jpg,sin_evaluar,1,0.9183237552642822
1790374695084,1790374695084__sin_evaluar.jpg,sin_evaluar,1,0.9513328075408936
1790374695216,1790374695216__sin_evaluar.jpg,sin_evaluar,1,0.6948200464248657
1790374695351,1790374695351__sin_evaluar.jpg,sin_evaluar,1,0.9896216988563538
1790374695523,1790374695523__sin_evaluar.jpg,sin_evaluar,1,0.9616479277610779
1790374695618,1790374695618__sin_evaluar.jpg,sin_evaluar,1,0.9918262362480164
1790374695783,1790374695783__sin_evaluar.jpg,sin_evaluar,1,0.9905857443809509
1790374695935,1790374695935__sin_evaluar.jpg,sin_evaluar,1,0.9966104626655579
1790374696053,1790374696053__sin_evaluar.jpg,sin_evaluar,1,0.9983923435211182
1790374696185,1790374696185__sin_evaluar.jpg,sin_evaluar,1,0.9986054301261902
1790374696358,1790374696358__sin_evaluar.jpg,sin_evaluar,1,0.9979104995727539
1790374696480,1790374696480__sin_evaluar.jpg,sin_evaluar,1,0.9974636435508728
1790374696640,1790374696640__sin_evaluar.jpg,sin_evaluar,1,0.9978353977203369
1790374696760,1790374696760__sin_evaluar.jpg,sin_evaluar,1,0.9982914328575134
1790374696903,1790374696903__sin_evaluar.jpg,sin_evaluar,1,0.9964080452919006
1790374697058,1790374697058__sin_evaluar.jpg,sin_evaluar,1,0.9985548853874207
1790374697205,1790374697205__sin_evaluar.jpg,sin_evaluar,1,0.9962631464004517
1790374697338,1790374697338__sin_evaluar.jpg,sin_evaluar,1,0.9982777833938599
1790374697475,1790374697475__sin_evaluar.jpg,sin_evaluar,1,0.996077835559845
1790374697643,1790374697643__sin_evaluar.jpg,sin_evaluar,1,0.9975638389587402
1790374697755,1790374697755__sin_evaluar.jpg,sin_evaluar,1,0.9986605048179626
1790374697905,1790374697905__sin_evaluar.jpg,sin_evaluar,1,0.998294472694397
1790374698075,1790374698075__sin_evaluar.jpg,sin_evaluar,1,0.9973639845848083
1790374698198,1790374698198__sin_evaluar.jpg,sin_evaluar,1,0.9979432821273804
1790374698377,1790374698377__sin_evaluar.jpg,sin_evaluar,1,0.9989305138587952
1790374698483,1790374698483__sin_evaluar.jpg,sin_evaluar,1,0.9979186058044434
1790374698790,1790374698790__sin_evaluar.jpg,sin_evaluar,1,0.9975712299346924
1790374698791,1790374698791__sin_evaluar.jpg,sin_evaluar,1,0.9987086057662964
1790374698923,1790374698923__sin_evaluar.jpg,sin_evaluar,1,0.9983521103858948
1790374699044,1790374699044__sin_evaluar.jpg,sin_evaluar,1,0.9981891512870789
1790374699217,1790374699217__sin_evaluar.jpg,sin_evaluar,1,0.9986265301704407
1790374699725,1790374699725__dedo_pulgar_0.84.jpg,dedo_pulgar_0.84,1,0.9975990056991577
1790374699726,1790374699726__sin_evaluar.jpg,sin_evaluar,1,0.9973315000534058
1790374699793,1790374699793__sin_evaluar.jpg,sin_evaluar,1,0.9979632496833801
1790374699918,1790374699918__sin_evaluar.jpg,sin_evaluar,1,0.9988012313842773
1790374700054,1790374700054__sin_evaluar.jpg,sin_evaluar,1,0.9961951971054077
1790374700223,1790374700223__sin_evaluar.jpg,sin_evaluar,1,0.9981182813644409
1790374700360,1790374700360__sin_evaluar.jpg,sin_evaluar,1,0.9960892796516418
1790374700482,1790374700482__sin_evaluar.jpg,sin_evaluar,1,0.9726586937904358
1790374700630,1790374700630__sin_evaluar.jpg,sin_evaluar,0,
1790374700814,1790374700814__sin_evaluar.jpg,sin_evaluar,0,
1790374700960,1790374700960__sin_evaluar.jpg,sin_evaluar,0,
1790374701082,1790374701082__sin_evaluar.jpg,sin_evaluar,0,
1790374701244,1790374701244__sin_evaluar.jpg,sin_evaluar,0,
1790374701345,1790374701345__sin_evaluar.jpg,sin_evaluar,0,
1790374701570,1790374701570__sin_evaluar.jpg,sin_evaluar,0,
1790374701664,1790374701664__sin_evaluar.jpg,sin_evaluar,0,
1790374701769,1790374701769__sin_evaluar.jpg,sin_evaluar,0,
1790374701924,1790374701924__sin_evaluar.jpg,sin_evaluar,0,
1790374702124,1790374702124__sin_evaluar.jpg,sin_evaluar,0,
1790374702204,1790374702204__sin_evaluar.jpg,sin_evaluar,0,
1790374702363,1790374702363__sin_evaluar.jpg,sin_evaluar,0,
1790374702494,1790374702494__sin_evaluar.jpg,sin_evaluar,0,
1790374702624,1790374702624__sin_evaluar.jpg,sin_evaluar,0,
1790374702821,1790374702821__sin_evaluar.jpg,sin_evaluar,0,
1790374702942,1790374702942__sin_evaluar.jpg,sin_evaluar,0,
1790374703082,1790374703082__sin_evaluar.jpg,sin_evaluar,0,
1790374703264,1790374703264__sin_evaluar.jpg,sin_evaluar,1,0.9375056028366089
1790374703353,1790374703353__sin_evaluar.jpg,sin_evaluar,1,0.6071641445159912
1790374703565,1790374703565__sin_evaluar.jpg,sin_evaluar,1,0.999036967754364
1790374703631,1790374703631__sin_evaluar.jpg,sin_evaluar,1,0.9978918433189392
1790374703790,1790374703790__sin_evaluar.jpg,sin_evaluar,1,0.9956340193748474
1790374703916,1790374703916__sin_evaluar.jpg,sin_evaluar,1,0.9981182217597961
1790374704077,1790374704077__sin_evaluar.jpg,sin_evaluar,1,0.9937681555747986
1790374704200,1790374704200__sin_evaluar.jpg,sin_evaluar,1,0.9882533550262451
1790374704342,1790374704342__sin_evaluar.jpg,sin_evaluar,1,0.9963617920875549
1790374704896,1790374704896__dedo_menique_0.79.jpg,dedo_menique_0.79,1,0.9946486949920654
1790374704897,1790374704897__sin_evaluar.jpg,sin_evaluar,1,0.9464176297187805
1790374704929,1790374704929__sin_evaluar.jpg,sin_evaluar,1,0.9967184662818909
1790374705059,1790374705059__sin_evaluar.jpg,sin_evaluar,1,0.9951251745223999
1790374705262,1790374705262__sin_evaluar.jpg,sin_evaluar,1,0.9975513219833374
1790374705337,1790374705337__sin_evaluar.jpg,sin_evaluar,1,0.9974351525306702
1790374705522,1790374705522__sin_evaluar.jpg,sin_evaluar,1,0.9971734285354614
1790374705663,1790374705663__sin_evaluar.jpg,sin_evaluar,1,0.9951072931289673
1790374705783,1790374705783__sin_evaluar.jpg,sin_evaluar,1,0.9959782361984253
1790374705916,1790374705916__sin_evaluar.jpg,sin_evaluar,1,0.9961897134780884
1790374706062,1790374706062__sin_evaluar.jpg,sin_evaluar,1,0.995697021484375
1790374706226,1790374706226__sin_evaluar.jpg,sin_evaluar,1,0.9969925880432129
1790374706378,1790374706378__sin_evaluar.jpg,sin_evaluar,1,0.9960287809371948
1790374706487,1790374706487__sin_evaluar.jpg,sin_evaluar,1,0.9966658353805542
1790374706629,1790374706629__sin_evaluar.jpg,sin_evaluar,1,0.9963810443878174
1790374706802,1790374706802__sin_evaluar.jpg,sin_evaluar,1,0.9961761832237244
1790374706944,1790374706944__sin_evaluar.jpg,sin_evaluar,1,0.9948986172676086
1790374707083,1790374707083__sin_evaluar.jpg,sin_evaluar,1,0.9963626861572266
1790374707226,1790374707226__sin_evaluar.jpg,sin_evaluar,1,0.9957734942436218
1790374707383,1790374707383__sin_evaluar.jpg,sin_evaluar,1,0.9955523014068604
1790374707507,1790374707507__sin_evaluar.jpg,sin_evaluar,1,0.9950459003448486
1790374707653,1790374707653__sin_evaluar.jpg,sin_evaluar,1,0.9962363243103027
1790374707797,1790374707797__sin_evaluar.jpg,sin_evaluar,1,0.9948824048042297
1790374707941,1790374707941__sin_evaluar.jpg,sin_evaluar,1,0.9956182837486267
1790374708065,1790374708065__sin_evaluar.jpg,sin_evaluar,1,0.9949290752410889
1790374708223,1790374708223__sin_evaluar.jpg,sin_evaluar,1,0.9956845641136169
1790374708359,1790374708359__sin_evaluar.jpg,sin_evaluar,1,0.993985116481781
1790374708522,1790374708522__sin_evaluar.jpg,sin_evaluar,1,0.9958410859107971
1790374708637,1790374708637__sin_evaluar.jpg,sin_evaluar,1,0.9953814744949341
1790374708775,1790374708775__sin_evaluar.jpg,sin_evaluar,1,0.9958722591400146
1790374708936,1790374708936__sin_evaluar.jpg,sin_evaluar,1,0.9959953427314758
1790374709142,1790374709142__sin_evaluar.jpg,sin_evaluar,1,0.9947816133499146
1790374709206,1790374709206__sin_evaluar.jpg,sin_evaluar,1,0.9956398010253906
1790374709378,1790374709378__sin_evaluar.jpg,sin_evaluar,1,0.9953675270080566
1790374709510,1790374709510__sin_evaluar.jpg,sin_evaluar,1,0.995607852935791
1790374710030,1790374710030__sin_gesto.jpg,sin_gesto,1,0.9944891929626465
1790374710031,1790374710031__sin_evaluar.jpg,sin_evaluar,1,0.9956218004226685
1790374710061,1790374710061__sin_evaluar.jpg,sin_evaluar,1,0.9950172901153564
1790374710220,1790374710220__sin_evaluar.jpg,sin_evaluar,1,0.9953089952468872
1790374710356,1790374710356__sin_evaluar.jpg,sin_evaluar,1,0.9962790012359619
1790374710491,1790374710491__sin_evaluar.jpg,sin_evaluar,1,0.9966045022010803
1790374710683,1790374710683__sin_evaluar.jpg,sin_evaluar,1,0.9958591461181641
1790374710790,1790374710790__sin_evaluar.jpg,sin_evaluar,1,0.9954569935798645
1790374711002,1790374711002__sin_evaluar.jpg,sin_evaluar,1,0.994629442691803
1790374711243,1790374711243__sin_evaluar.jpg,sin_evaluar,1,0.9954245090484619
1790374711245,1790374711245__sin_evaluar.jpg,sin_evaluar,1,0.9958237409591675
1790374711396,1790374711396__sin_evaluar.jpg,sin_evaluar,1,0.9949796199798584
1790374711518,1790374711518__sin_evaluar.jpg,sin_evaluar,1,0.9955403208732605
1790374711725,1790374711725__sin_evaluar.jpg,sin_evaluar,1,0.9950613379478455
1790374711777,1790374711777__sin_evaluar.jpg,sin_evaluar,1,0.994638979434967
1790374711982,1790374711982__sin_evaluar.jpg,sin_evaluar,1,0.9947765469551086
1790374712061,1790374712061__sin_evaluar.jpg,sin_evaluar,1,0.9951484799385071
1790374712219,1790374712219__sin_evaluar.jpg,sin_evaluar,1,0.994742214679718
1790374712399,1790374712399__sin_evaluar.jpg,sin_evaluar,1,0.9945907592773438
1790374712491,1790374712491__sin_evaluar.jpg,sin_evaluar,1,0.9956967234611511
1790374712647,1790374712647__sin_evaluar.jpg,sin_evaluar,1,0.9939855337142944
1790374712814,1790374712814__sin_evaluar.jpg,sin_evaluar,1,0.9947445392608643
1790374712931,1790374712931__sin_evaluar.jpg,sin_evaluar,1,0.9937801957130432
1790374713103,1790374713103__sin_evaluar.jpg,sin_evaluar,1,0.9943776726722717
1790374713216,1790374713216__sin_evaluar.jpg,sin_evaluar,1,0.9951158761978149
1790374713363,1790374713363__sin_evaluar.jpg,sin_evaluar,1,0.9938754439353943
1790374713503,1790374713503__sin_evaluar.jpg,sin_evaluar,1,0.9933775663375854
1790374713694,1790374713694__sin_evaluar.jpg,sin_evaluar,1,0.9944236874580383
1790374713774,1790374713774__sin_evaluar.jpg,sin_evaluar,1,0.9951329231262207
1790374713942,1790374713942__sin_evaluar.jpg,sin_evaluar,1,0.9952567219734192
1790374714083,1790374714083__sin_evaluar.jpg,sin_evaluar,1,0.9951783418655396
1790374714208,1790374714208__sin_evaluar.jpg,sin_evaluar,1,0.9935131072998047
1790374714383,1790374714383__sin_evaluar.jpg,sin_evaluar,1,0.9949788451194763
1790374714496,1790374714496__sin_evaluar.jpg,sin_evaluar,1,0.9952384233474731
1790374714628,1790374714628__sin_evaluar.jpg,sin_evaluar,1,0.9947847127914429
1790374715177,1790374715177__sin_gesto.jpg,sin_gesto,1,0.9947036504745483
1790374715178,1790374715178__sin_evaluar.jpg,sin_evaluar,1,0.9936628341674805
1790374715224,1790374715224__sin_evaluar.jpg,sin_evaluar,1,0.9936014413833618
1790374715370,1790374715370__sin_evaluar.jpg,sin_evaluar,1,0.9935402870178223
1790374715498,1790374715498__sin_evaluar.jpg,sin_evaluar,1,0.993240475654602
1790374715644,1790374715644__sin_evaluar.jpg,sin_evaluar,1,0.9937301874160767
1790374715795,1790374715795__sin_evaluar.jpg,sin_evaluar,1,0.9938187599182129
1790374715929,1790374715929__sin_evaluar.jpg,sin_evaluar,1,0.9933328628540039
1790374716092,1790374716092__sin_evaluar.jpg,sin_evaluar,1,0.9927774667739868
1790374716243,1790374716243__sin_evaluar.jpg,sin_evaluar,1,0.993039071559906
1790374716554,1790374716554__sin_evaluar.jpg,sin_evaluar,1,0.9937729239463806
1790374716555,1790374716555__sin_evaluar.jpg,sin_evaluar,1,0.9935500025749207
1790374716647,1790374716647__sin_evaluar.jpg,sin_evaluar,1,0.9916625618934631
1790374716883,1790374716883__sin_evaluar.jpg,sin_evaluar,1,0.9851929545402527
1790374716919,1790374716919__sin_evaluar.jpg,sin_evaluar,1,0.9918131828308105
1790374717104,1790374717104__sin_evaluar.jpg,sin_evaluar,1,0.989392876625061
1790374717210,1790374717210__sin_evaluar.jpg,sin_evaluar,1,0.9904054403305054
1790374717368,1790374717368__sin_evaluar.jpg,sin_evaluar,1,0.9888959527015686
1790374717501,1790374717501__sin_evaluar.jpg,sin_evaluar,1,0.992501437664032
1790374717671,1790374717671__sin_evaluar.jpg,sin_evaluar,1,0.9924656748771667
1790374717801,1790374717801__sin_evaluar.jpg,sin_evaluar,1,0.9921113848686218
1790374717928,1790374717928__sin_evaluar.jpg,sin_evaluar,1,0.9907914996147156
1790374718117,1790374718117__sin_evaluar.jpg,sin_evaluar,1,0.992579460144043
1790374718243,1790374718243__sin_evaluar.jpg,sin_evaluar,1,0.9932518005371094
1790374718366,1790374718366__sin_evaluar.jpg,sin_evaluar,1,0.9937554597854614
1790374718509,1790374718509__sin_evaluar.jpg,sin_evaluar,1,0.9937742948532104
1790374718636,1790374718636__sin_evaluar.jpg,sin_evaluar,1,0.99478679895401
1790374718819,1790374718819__sin_evaluar.jpg,sin_evaluar,1,0.9932730197906494
1790374718963,1790374718963__sin_evaluar.jpg,sin_evaluar,1,0.9940487742424011
1790374719074,1790374719074__sin_evaluar.jpg,sin_evaluar,1,0.9944284558296204
1790374719212,1790374719212__sin_evaluar.jpg,sin_evaluar,1,0.9923133850097656
1790374719384,1790374719384__sin_evaluar.jpg,sin_evaluar,1,0.9944279789924622
1790374719567,1790374719567__sin_evaluar.jpg,sin_evaluar,1,0.9958674907684326
1790374719700,1790374719700__sin_evaluar.jpg,sin_evaluar,1,0.9954738616943359
1790374719792,1790374719792__sin_evaluar.jpg,sin_evaluar,1,0.9957054853439331
1790374720329,1790374720329__dedo_menique_0.77.jpg,dedo_menique_0.77,1,0.9961252808570862
1790374720329,1790374720329__sin_evaluar.jpg,sin_evaluar,1,0.9972789883613586
1790374720330,1790374720330__sin_evaluar.jpg,sin_evaluar,1,0.9974346160888672
1790374720383,1790374720383__sin_evaluar.jpg,sin_evaluar,1,0.9945769906044006
1790374720508,1790374720508__sin_evaluar.jpg,sin_evaluar,1,0.9928288459777832
1790374720656,1790374720656__sin_evaluar.jpg,sin_evaluar,1,0.9934296011924744
1790374720811,1790374720811__sin_evaluar.jpg,sin_evaluar,1,0.9951223731040955
1790374720917,1790374720917__sin_evaluar.jpg,sin_evaluar,1,0.9952390789985657
1790374721089,1790374721089__sin_evaluar.jpg,sin_evaluar,1,0.9952784776687622
1790374721241,1790374721241__sin_evaluar.jpg,sin_evaluar,1,0.995144248008728
1790374721447,1790374721447__sin_evaluar.jpg,sin_evaluar,1,0.9948954582214355
1790374721522,1790374721522__sin_evaluar.jpg,sin_evaluar,1,0.9934722185134888
1790374721656,1790374721656__sin_evaluar.jpg,sin_evaluar,1,0.9915696382522583
1790374721842,1790374721842__sin_evaluar.jpg,sin_evaluar,1,0.9946257472038269
1790374721955,1790374721955__sin_evaluar.jpg,sin_evaluar,1,0.9952725768089294
1790374722174,1790374722174__sin_evaluar.jpg,sin_evaluar,1,0.9942042231559753
1790374722204,1790374722204__sin_evaluar.jpg,sin_evaluar,1,0.9913254976272583
1790374722376,1790374722376__sin_evaluar.jpg,sin_evaluar,1,0.993882954120636
1790374722517,1790374722517__sin_evaluar.jpg,sin_evaluar,1,0.9930460453033447
1790374722662,1790374722662__sin_evaluar.jpg,sin_evaluar,1,0.9945659041404724
1790374722791,1790374722791__sin_evaluar.jpg,sin_evaluar,1,0.9927776455879211
1790374722943,1790374722943__sin_evaluar.jpg,sin_evaluar,1,0.9927469491958618
1790374723083,1790374723083__sin_evaluar.jpg,sin_evaluar,1,0.9934176802635193
1790374723225,1790374723225__sin_evaluar.jpg,sin_evaluar,1,0.9923278093338013
1790374723363,1790374723363__sin_evaluar.jpg,sin_evaluar,1,0.9896247386932373
1790374723523,1790374723523__sin_evaluar.jpg,sin_evaluar,1,0.990731954574585
1790374723638,1790374723638__sin_evaluar.jpg,sin_evaluar,1,0.9925355315208435
1790374723803,1790374723803__sin_evaluar.jpg,sin_evaluar,1,0.9914395809173584
1790374723956,1790374723956__sin_evaluar.jpg,sin_evaluar,1,0.9908109903335571
1790374724089,1790374724089__sin_evaluar.jpg,sin_evaluar,1,0.9899865388870239
1790374724220,1790374724220__sin_evaluar.jpg,sin_evaluar,1,0.9893308281898499
1790374724363,1790374724363__sin_evaluar.jpg,sin_evaluar,1,0.994063138961792
1790374724511,1790374724511__sin_evaluar.jpg,sin_evaluar,1,0.9926643967628479
1790374724663,1790374724663__sin_evaluar.jpg,sin_evaluar,1,0.9922377467155457
1790374724802,1790374724802__sin_evaluar.jpg,sin_evaluar,1,0.9931731820106506
1790374725338,1790374725338__dedo_menique_0.84.jpg,dedo_menique_0.84,1,0.9938231706619263
1790374725339,1790374725339__sin_evaluar.jpg,sin_evaluar,1,0.9921574592590332
1790374725361,1790374725361__sin_evaluar.jpg,sin_evaluar,1,0.9909383654594421
1790374725527,1790374725527__sin_evaluar.jpg,sin_evaluar,1,0.9920227527618408
1790374725659,1790374725659__sin_evaluar.jpg,sin_evaluar,1,0.9944289326667786
1790374725804,1790374725804__sin_evaluar.jpg,sin_evaluar,1,0.9902302622795105
1790374725928,1790374725928__sin_evaluar.jpg,sin_evaluar,1,0.9913970828056335
1790374726069,1790374726069__sin_evaluar.jpg,sin_evaluar,1,0.9904890060424805
1790374726244,1790374726244__sin_evaluar.jpg,sin_evaluar,1,0.9926733374595642
1790374726376,1790374726376__sin_evaluar.jpg,sin_evaluar,1,0.9923921227455139
1790374726519,1790374726519__sin_evaluar.jpg,sin_evaluar,1,0.9927646517753601
1790374726651,1790374726651__sin_evaluar.jpg,sin_evaluar,1,0.9933664202690125
1790374726804,1790374726804__sin_evaluar.jpg,sin_evaluar,1,0.9898361563682556
1790374726955,1790374726955__sin_evaluar.jpg,sin_evaluar,1,0.9947677850723267
1790374727084,1790374727084__sin_evaluar.jpg,sin_evaluar,1,0.993440568447113
1790374727230,1790374727230__sin_evaluar.jpg,sin_evaluar,1,0.9919770956039429
1790374727364,1790374727364__sin_evaluar.jpg,sin_evaluar,1,0.9922167062759399
1790374727522,1790374727522__sin_evaluar.jpg,sin_evaluar,1,0.9934281706809998
1790374727672,1790374727672__sin_evaluar.jpg,sin_evaluar,1,0.9929588437080383
1790374727804,1790374727804__sin_evaluar.jpg,sin_evaluar,1,0.9918876886367798
1790374727932,1790374727932__sin_evaluar.jpg,sin_evaluar,1,0.9912386536598206
1790374728104,1790374728104__sin_evaluar.jpg,sin_evaluar,1,0.9894148707389832
1790374728237,1790374728237__sin_evaluar.jpg,sin_evaluar,1,0.9892840385437012
1790374728373,1790374728373__sin_evaluar.jpg,sin_evaluar,1,0.9896891713142395
1790374728520,1790374728520__sin_evaluar.jpg,sin_evaluar,1,0.9893684387207031
1790374728659,1790374728659__sin_evaluar.jpg,sin_evaluar,1,0.9914029240608215
1790374728800,1790374728800__sin_evaluar.jpg,sin_evaluar,1,0.9913749098777771
1790374728957,1790374728957__sin_evaluar.jpg,sin_evaluar,1,0.9902633428573608
1790374729116,1790374729116__sin_evaluar.jpg,sin_evaluar,1,0.9908565282821655
1790374729224,1790374729224__sin_evaluar.jpg,sin_evaluar,1,0.990336537361145
1790374729362,1790374729362__sin_evaluar.jpg,sin_evaluar,1,0.9900438785552979
1790374729503,1790374729503__sin_evaluar.jpg,sin_evaluar,1,0.989774227142334
1790374729677,1790374729677__sin_evaluar.jpg,sin_evaluar,1,0.9905444979667664
1790374729819,1790374729819__sin_evaluar.jpg,sin_evaluar,1,0.9903883934020996
1790374730346,1790374730346__dedo_menique_0.80.jpg,dedo_menique_0.80,1,0.9879700541496277
1790374730347,1790374730347__sin_evaluar.jpg,sin_evaluar,1,0.990488588809967
1790374730394,1790374730394__sin_evaluar.jpg,sin_evaluar,1,0.9913501143455505
1790374730523,1790374730523__sin_evaluar.jpg,sin_evaluar,1,0.9917818903923035
1790374730657,1790374730657__sin_evaluar.jpg,sin_evaluar,1,0.9924449324607849
1790374730800,1790374730800__sin_evaluar.jpg,sin_evaluar,1,0.9924454689025879
1790374730944,1790374730944__sin_evaluar.jpg,sin_evaluar,1,0.9918188452720642
1790374731119,1790374731119__sin_evaluar.jpg,sin_evaluar,1,0.9928284883499146
1790374731239,1790374731239__sin_evaluar.jpg,sin_evaluar,1,0.9935670495033264
1790374731372,1790374731372__sin_evaluar.jpg,sin_evaluar,1,0.9925442337989807
1790374731496,1790374731496__sin_evaluar.jpg,sin_evaluar,1,0.9917494654655457
1790374731665,1790374731665__sin_evaluar.jpg,sin_evaluar,1,0.9912354946136475
1790374731815,1790374731815__sin_evaluar.jpg,sin_evaluar,1,0.9929774403572083
1790374731986,1790374731986__sin_evaluar.jpg,sin_evaluar,1,0.9923274517059326
1790374732098,1790374732098__sin_evaluar.jpg,sin_evaluar,1,0.9919226765632629
1790374732294,1790374732294__sin_evaluar.jpg,sin_evaluar,1,0.9922726154327393
1790374732377,1790374732377__sin_evaluar.jpg,sin_evaluar,1,0.9921481013298035
1790374732521,1790374732521__sin_evaluar.jpg,sin_evaluar,1,0.9932265877723694
1790374732683,1790374732683__sin_evaluar.jpg,sin_evaluar,1,0.9925076365470886
1790374732811,1790374732811__sin_evaluar.jpg,sin_evaluar,1,0.9904500246047974
1790374732949,1790374732949__sin_evaluar.jpg,sin_evaluar,1,0.9909704923629761
1790374733086,1790374733086__sin_evaluar.jpg,sin_evaluar,1,0.9867615699768066
1790374733223,1790374733223__sin_evaluar.jpg,sin_evaluar,1,0.9963449835777283
1790374733369,1790374733369__sin_evaluar.jpg,sin_evaluar,1,0.9973070025444031
1790374733515,1790374733515__sin_evaluar.jpg,sin_evaluar,1,0.9913943409919739
1790374733672,1790374733672__sin_evaluar.jpg,sin_evaluar,1,0.9936926364898682
1790374733817,1790374733817__sin_evaluar.jpg,sin_evaluar,1,0.9915676712989807
1790374733949,1790374733949__sin_evaluar.jpg,sin_evaluar,1,0.9930769205093384
1790374734093,1790374734093__sin_evaluar.jpg,sin_evaluar,0,
1790374734264,1790374734264__sin_evaluar.jpg,sin_evaluar,0,
1790374734383,1790374734383__sin_evaluar.jpg,sin_evaluar,0,
1790374734539,1790374734539__sin_evaluar.jpg,sin_evaluar,0,
1790374734659,1790374734659__sin_evaluar.jpg,sin_evaluar,0,
1790374734822,1790374734822__sin_evaluar.jpg,sin_evaluar,0,
1790374734964,1790374734964__sin_evaluar.jpg,sin_evaluar,0,
1790374735453,1790374735453__dedo_pulgar_0.75.jpg,dedo_pulgar_0.75,0,
1790374735454,1790374735454__sin_evaluar.jpg,sin_evaluar,0,
1790374735602,1790374735602__sin_evaluar.jpg,sin_evaluar,0,
1790374735651,1790374735651__sin_evaluar.jpg,sin_evaluar,0,
1790374735822,1790374735822__sin_evaluar.jpg,sin_evaluar,0,
1790374735943,1790374735943__sin_evaluar.jpg,sin_evaluar,0,
1790374736083,1790374736083__sin_evaluar.jpg,sin_evaluar,0,
1790374736262,1790374736262__sin_evaluar.jpg,sin_evaluar,0,
1790374736387,1790374736387__sin_evaluar.jpg,sin_evaluar,0,
1790374736531,1790374736531__sin_evaluar.jpg,sin_evaluar,0,
1790374736663,1790374736663__sin_evaluar.jpg,sin_evaluar,0,
1790374736831,1790374736831__sin_evaluar.jpg,sin_evaluar,0,
1790374736991,1790374736991__sin_evaluar.jpg,sin_evaluar,1,0.5535560846328735
1790374737094,1790374737094__sin_evaluar.jpg,sin_evaluar,0,
